case,time_ms,W_N,P_N
a30_mu000,0.00000,0.000000,0.000000
a30_mu000,0.01005,0.000000,0.000000
a30_mu000,0.02004,0.000000,0.000000
a30_mu000,0.03003,0.000000,0.000000
a30_mu000,0.04002,0.000000,0.000000
a30_mu000,0.05002,0.000000,0.000000
a30_mu000,0.06001,0.000000,0.000000
a30_mu000,0.07000,0.000000,0.000000
a30_mu000,0.08005,0.000000,0.000000
a30_mu000,0.09004,0.000000,0.000000
a30_mu000,0.10004,0.000000,0.000000
a30_mu000,0.11003,0.000000,0.000000
a30_mu000,0.12002,0.000000,0.000000
a30_mu000,0.13002,0.000000,0.000000
a30_mu000,0.14001,0.000000,0.000000
a30_mu000,0.15000,0.000000,0.000000
a30_mu000,0.16005,0.000000,0.000000
a30_mu000,0.17004,0.000000,0.000000
a30_mu000,0.18003,0.000000,0.000000
a30_mu000,0.19003,0.000000,0.000000
a30_mu000,0.20002,0.000000,0.000000
a30_mu000,0.21001,0.000000,0.000000
a30_mu000,0.22001,0.000000,0.000000
a30_mu000,0.23005,0.000000,0.000000
a30_mu000,0.24004,0.000000,0.000000
a30_mu000,0.25004,0.000000,0.000000
a30_mu000,0.26003,0.000000,0.000000
a30_mu000,0.27002,0.000000,0.000000
a30_mu000,0.28002,0.000000,0.000000
a30_mu000,0.29001,0.000000,0.000000
a30_mu000,0.30000,0.000000,0.000000
a30_mu000,0.31005,0.000000,0.000000
a30_mu000,0.32004,0.000000,0.000000
a30_mu000,0.33003,0.000000,0.000000
a30_mu000,0.34003,0.000000,0.000000
a30_mu000,0.35002,0.000000,0.000000
a30_mu000,0.36001,0.000000,0.000000
a30_mu000,0.37001,0.000000,0.000000
a30_mu000,0.38005,0.000000,0.000000
a30_mu000,0.39004,0.000000,0.000000
a30_mu000,0.40004,0.000000,0.000000
a30_mu000,0.41003,0.000000,0.000000
a30_mu000,0.42002,0.000000,0.000000
a30_mu000,0.43002,0.000000,0.000000
a30_mu000,0.44001,0.000000,0.000000
a30_mu000,0.45000,0.000000,0.000000
a30_mu000,0.46005,0.000000,0.000000
a30_mu000,0.47004,0.000000,0.000000
a30_mu000,0.48003,0.000000,0.000000
a30_mu000,0.49003,0.000000,0.000000
a30_mu000,0.50002,0.000000,0.000000
a30_mu000,0.51001,0.000000,0.000000
a30_mu000,0.52001,0.000000,0.000000
a30_mu000,0.53005,0.000000,0.000000
a30_mu000,0.54004,0.000000,0.000000
a30_mu000,0.55004,0.000000,0.000000
a30_mu000,0.56003,0.000000,0.000000
a30_mu000,0.57002,0.000000,0.000000
a30_mu000,0.58002,0.000000,0.000000
a30_mu000,0.59001,0.000000,0.000000
a30_mu000,0.60000,0.000000,0.000000
a30_mu000,0.61005,0.000000,0.000000
a30_mu000,0.62004,0.000000,0.000000
a30_mu000,0.63004,0.000000,0.000000
a30_mu000,0.64003,0.013481,0.054037
a30_mu000,0.65002,0.043647,0.022623
a30_mu000,0.66001,0.006062,0.010471
a30_mu000,0.67001,0.003106,0.036900
a30_mu000,0.68005,0.012820,0.023693
a30_mu000,0.69004,0.013704,0.050437
a30_mu000,0.70004,0.001074,0.050709
a30_mu000,0.71003,0.062895,0.053102
a30_mu000,0.72002,0.041951,0.011372
a30_mu000,0.73001,0.032453,0.093737
a30_mu000,0.74000,0.015122,0.041120
a30_mu000,0.75005,0.036813,0.033475
a30_mu000,0.76004,0.002299,0.017784
a30_mu000,0.77003,0.055869,0.096686
a30_mu000,0.78002,0.011051,0.031704
a30_mu000,0.79002,0.011271,0.020880
a30_mu000,0.80001,0.048509,0.013571
a30_mu000,0.81000,0.043628,0.060834
a30_mu000,0.82004,0.029789,0.079872
a30_mu000,0.83004,0.000663,0.051335
a30_mu000,0.84003,0.000532,0.006602
a30_mu000,0.85002,0.036308,0.034307
a30_mu000,0.86001,0.035332,0.102440
a30_mu000,0.87005,0.000017,0.082012
a30_mu000,0.88004,0.016669,0.064563
a30_mu000,0.89003,0.024968,0.008902
a30_mu000,0.90002,0.034333,0.143070
a30_mu000,0.91001,0.005154,0.086136
a30_mu000,0.92000,0.026278,0.123720
a30_mu000,0.93005,0.049190,0.026756
a30_mu000,0.94004,0.047649,0.139730
a30_mu000,0.95003,0.062609,0.148920
a30_mu000,0.96002,0.036853,0.144620
a30_mu000,0.97001,0.084323,0.096443
a30_mu000,0.98005,0.066822,0.122080
a30_mu000,0.99004,0.093857,0.196350
a30_mu000,1.00003,0.085568,0.191890
a30_mu000,1.01001,0.093750,0.158850
a30_mu000,1.02000,0.137360,0.135740
a30_mu000,1.03004,0.085494,0.210860
a30_mu000,1.04003,0.134380,0.218380
a30_mu000,1.05002,0.122800,0.251470
a30_mu000,1.06001,0.158720,0.161660
a30_mu000,1.07005,0.164060,0.252200
a30_mu000,1.08004,0.113620,0.221720
a30_mu000,1.09002,0.163650,0.310200
a30_mu000,1.10001,0.183650,0.219920
a30_mu000,1.11005,0.187030,0.251580
a30_mu000,1.12004,0.182300,0.267420
a30_mu000,1.13003,0.132000,0.309230
a30_mu000,1.14001,0.208230,0.318840
a30_mu000,1.15005,0.214160,0.250270
a30_mu000,1.16004,0.183300,0.298980
a30_mu000,1.17002,0.178960,0.307800
a30_mu000,1.18001,0.173090,0.382620
a30_mu000,1.19005,0.207290,0.284620
a30_mu000,1.20003,0.231600,0.313350
a30_mu000,1.21002,0.217970,0.302310
a30_mu000,1.22000,0.166920,0.421140
a30_mu000,1.23004,0.218910,0.347140
a30_mu000,1.24002,0.231390,0.359430
a30_mu000,1.25001,0.246650,0.315820
a30_mu000,1.26005,0.231740,0.425930
a30_mu000,1.27003,0.192700,0.408380
a30_mu000,1.28001,0.247640,0.397330
a30_mu000,1.29005,0.276090,0.361700
a30_mu000,1.30003,0.245050,0.411590
a30_mu000,1.31002,0.249850,0.469880
a30_mu000,1.32005,0.230100,0.423310
a30_mu000,1.33003,0.271860,0.428230
a30_mu000,1.34002,0.292660,0.401810
a30_mu000,1.35005,0.257800,0.518240
a30_mu000,1.36003,0.274210,0.473000
a30_mu000,1.37001,0.273660,0.485760
a30_mu000,1.38005,0.292920,0.417050
a30_mu000,1.39003,0.297370,0.516000
a30_mu000,1.40001,0.295420,0.505990
a30_mu000,1.41004,0.278550,0.549670
a30_mu000,1.42003,0.317490,0.464770
a30_mu000,1.43001,0.307980,0.530490
a30_mu000,1.44004,0.312580,0.532240
a30_mu000,1.45002,0.320640,0.592140
a30_mu000,1.46005,0.309360,0.543890
a30_mu000,1.47003,0.342450,0.536200
a30_mu000,1.48001,0.329900,0.575390
a30_mu000,1.49004,0.313420,0.599670
a30_mu000,1.50002,0.357020,0.629080
a30_mu000,1.51005,0.347190,0.550810
a30_mu000,1.52003,0.352500,0.617070
a30_mu000,1.53001,0.345160,0.617010
a30_mu000,1.54004,0.333720,0.698430
a30_mu000,1.55001,0.438990,0.651480
a30_mu000,1.56004,0.404370,0.628510
a30_mu000,1.57002,0.393380,0.663540
a30_mu000,1.58005,0.424520,0.766790
a30_mu000,1.59002,0.425070,0.724950
a30_mu000,1.60005,0.469180,0.707640
a30_mu000,1.61003,0.461100,0.666270
a30_mu000,1.62000,0.441810,0.798970
a30_mu000,1.63003,0.436300,0.808410
a30_mu000,1.64000,0.524760,0.789380
a30_mu000,1.65003,0.495650,0.749680
a30_mu000,1.66000,0.494450,0.789120
a30_mu000,1.67003,0.500070,0.882950
a30_mu000,1.68000,0.463880,0.822220
a30_mu000,1.69003,0.585460,0.834700
a30_mu000,1.70000,0.536470,0.810460
a30_mu000,1.71003,0.519850,0.918910
a30_mu000,1.72005,0.541590,0.912740
a30_mu000,1.73002,0.518960,0.896420
a30_mu000,1.74005,0.628920,0.876770
a30_mu000,1.75002,0.576230,0.933510
a30_mu000,1.76004,0.550780,0.975920
a30_mu000,1.77001,0.571920,0.994260
a30_mu000,1.78004,0.605500,0.929040
a30_mu000,1.79001,0.642130,0.970910
a30_mu000,1.80003,0.611470,0.972450
a30_mu000,1.81005,0.590800,1.071400
a30_mu000,1.82002,0.601910,1.019800
a30_mu000,1.83004,0.685680,1.016000
a30_mu000,1.84001,0.644850,1.016000
a30_mu000,1.85003,0.730540,1.115000
a30_mu000,1.86005,0.672220,1.124000
a30_mu000,1.87002,0.667840,1.099600
a30_mu000,1.88004,0.796270,1.108400
a30_mu000,1.89001,0.656890,1.087100
a30_mu000,1.90002,0.738210,1.218600
a30_mu000,1.91004,0.681270,1.136500
a30_mu000,1.92001,0.705460,1.162500
a30_mu000,1.93003,0.759980,1.105600
a30_mu000,1.94004,0.673860,1.209400
a30_mu000,1.95001,0.705280,1.213600
a30_mu000,1.96003,0.684420,1.151300
a30_mu000,1.97004,0.723070,1.123500
a30_mu000,1.98001,0.649180,1.203500
a30_mu000,1.99002,0.724460,1.233000
a30_mu000,2.00004,0.650710,1.264900
a30_mu000,2.01000,0.679500,1.114000
a30_mu000,2.02002,0.718250,1.246500
a30_mu000,2.03003,0.612860,1.211300
a30_mu000,2.04005,0.742860,1.320400
a30_mu000,2.05001,0.642640,1.165900
a30_mu000,2.06003,0.666000,1.227200
a30_mu000,2.07004,0.709070,1.251900
a30_mu000,2.08000,0.628650,1.290400
a30_mu000,2.09001,0.729240,1.298300
a30_mu000,2.10003,0.669070,1.221100
a30_mu000,2.11004,0.700870,1.299200
a30_mu000,2.12000,0.588660,1.278800
a30_mu000,2.13001,0.740120,1.357200
a30_mu000,2.14002,0.651820,1.272500
a30_mu000,2.15003,0.717240,1.308200
a30_mu000,2.16004,0.738190,1.360900
a30_mu000,2.17000,0.654650,1.385100
a30_mu000,2.18001,0.843610,1.444600
a30_mu000,2.19002,0.702440,1.388500
a30_mu000,2.20003,0.867120,1.464100
a30_mu000,2.21004,0.795660,1.488100
a30_mu000,2.22004,0.846940,1.470500
a30_mu000,2.23005,0.928640,1.585900
a30_mu000,2.24001,0.939780,1.461400
a30_mu000,2.25001,0.987100,1.666300
a30_mu000,2.26002,0.920130,1.524800
a30_mu000,2.27003,1.058100,1.761400
a30_mu000,2.28003,0.998870,1.603800
a30_mu000,2.29004,1.118000,1.742100
a30_mu000,2.30004,1.045700,1.679600
a30_mu000,2.31005,1.015700,1.777400
a30_mu000,2.32000,1.164900,1.772500
a30_mu000,2.33001,1.035500,1.707300
a30_mu000,2.34001,1.172500,1.753000
a30_mu000,2.35002,1.023600,1.778700
a30_mu000,2.36002,1.155800,1.915700
a30_mu000,2.37002,1.121800,1.732400
a30_mu000,2.38002,1.088500,1.749000
a30_mu000,2.39003,1.098800,1.801200
a30_mu000,2.40003,0.935200,1.792500
a30_mu000,2.41003,1.022900,1.782500
a30_mu000,2.42003,0.905910,1.630200
a30_mu000,2.43003,1.045700,1.735200
a30_mu000,2.44003,0.781480,1.764000
a30_mu000,2.45003,0.950490,1.761800
a30_mu000,2.46003,0.851080,1.763300
a30_mu000,2.47003,0.885230,1.661200
a30_mu000,2.48003,1.018800,1.879100
a30_mu000,2.49003,0.796410,1.682100
a30_mu000,2.50003,1.041600,1.941800
a30_mu000,2.51003,0.948440,1.691100
a30_mu000,2.52003,1.107400,1.968400
a30_mu000,2.53003,1.090000,1.843600
a30_mu000,2.54002,1.105300,2.037200
a30_mu000,2.55002,1.179300,2.033700
a30_mu000,2.56001,1.231900,2.037700
a30_mu000,2.57001,1.376700,2.119500
a30_mu000,2.58001,1.207500,2.084200
a30_mu000,2.59000,1.433500,2.242900
a30_mu000,2.60000,1.253600,2.072300
a30_mu000,2.61005,1.326200,2.048900
a30_mu000,2.62004,1.400100,2.124600
a30_mu000,2.63003,1.178300,2.168300
a30_mu000,2.64002,1.366700,2.270000
a30_mu000,2.65002,1.150000,2.040600
a30_mu000,2.66001,1.369100,2.108200
a30_mu000,2.67005,1.123000,2.107000
a30_mu000,2.68004,1.218000,2.181500
a30_mu000,2.69003,1.136900,2.171500
a30_mu000,2.70003,1.146100,1.998800
a30_mu000,2.71001,1.236700,2.238400
a30_mu000,2.72000,1.101900,2.049600
a30_mu000,2.73004,1.257600,2.380600
a30_mu000,2.74004,1.065900,2.026200
a30_mu000,2.75002,1.349800,2.349200
a30_mu000,2.76001,1.224500,2.141700
a30_mu000,2.77005,1.312300,2.388300
a30_mu000,2.78004,1.305800,2.248600
a30_mu000,2.79003,1.310600,2.323400
a30_mu000,2.80002,1.535400,2.369100
a30_mu000,2.81000,1.359800,2.391000
a30_mu000,2.82004,1.537700,2.539200
a30_mu000,2.83003,1.377900,2.438700
a30_mu000,2.84001,1.587100,2.486400
a30_mu000,2.85000,1.471200,2.520100
a30_mu000,2.86004,1.464200,2.409700
a30_mu000,2.87002,1.496200,2.547400
a30_mu000,2.88001,1.218800,2.323300
a30_mu000,2.89004,1.495400,2.494400
a30_mu000,2.90003,1.202100,2.261500
a30_mu000,2.91001,1.351300,2.499900
a30_mu000,2.92005,1.216500,2.296700
a30_mu000,2.93003,1.266700,2.423300
a30_mu000,2.94001,1.285600,2.346700
a30_mu000,2.95005,1.345600,2.387300
a30_mu000,2.96003,1.416300,2.529600
a30_mu000,2.97001,1.337000,2.460000
a30_mu000,2.98004,1.582600,2.667100
a30_mu000,2.99003,1.423000,2.505800
a30_mu000,3.00001,1.746700,2.789800
a30_mu000,3.01004,1.558300,2.658300
a30_mu000,3.02002,1.698400,2.801200
a30_mu000,3.03000,1.720900,2.679500
a30_mu000,3.04003,1.666500,2.704800
a30_mu000,3.05001,1.748200,2.789400
a30_mu000,3.06005,1.586300,2.684100
a30_mu000,3.07002,1.678100,2.774800
a30_mu000,3.08001,1.482600,2.597300
a30_mu000,3.09003,1.641800,2.765700
a30_mu000,3.10001,1.391300,2.665500
a30_mu000,3.11004,1.392600,2.688400
a30_mu000,3.12002,1.343000,2.592200
a30_mu000,3.13005,1.466700,2.606500
a30_mu000,3.14002,1.458100,2.682300
a30_mu000,3.15005,1.468300,2.752200
a30_mu000,3.16003,1.606300,2.855300
a30_mu000,3.17000,1.591300,2.746700
a30_mu000,3.18003,1.746200,2.862900
a30_mu000,3.19005,1.766600,2.922100
a30_mu000,3.20002,1.827300,3.062800
a30_mu000,3.21005,1.781800,2.891500
a30_mu000,3.22003,1.842600,2.912500
a30_mu000,3.23005,1.824700,2.931300
a30_mu000,3.24002,1.788100,3.016700
a30_mu000,3.25005,1.737700,2.990300
a30_mu000,3.26002,1.600600,2.866400
a30_mu000,3.27005,1.690900,2.871400
a30_mu000,3.28002,1.544300,2.871600
a30_mu000,3.29004,1.577700,2.914200
a30_mu000,3.30002,1.482900,2.830500
a30_mu000,3.31004,1.535700,2.836600
a30_mu000,3.32002,1.551500,2.864100
a30_mu000,3.33004,1.595400,2.883400
a30_mu000,3.34001,1.660000,2.988300
a30_mu000,3.35003,1.674900,2.903800
a30_mu000,3.36000,1.821300,3.081000
a30_mu000,3.37002,1.797000,3.008400
a30_mu000,3.38004,1.966100,3.207000
a30_mu000,3.39002,1.867700,3.107300
a30_mu000,3.40004,1.962700,3.228000
a30_mu000,3.41001,1.825200,3.132300
a30_mu000,3.42003,1.828900,3.106300
a30_mu000,3.43004,1.827400,3.138900
a30_mu000,3.44001,1.692600,3.117200
a30_mu000,3.45003,1.827400,3.146700
a30_mu000,3.46005,1.613300,2.956300
a30_mu000,3.47001,1.821800,3.097100
a30_mu000,3.48003,1.626000,3.031800
a30_mu000,3.49004,1.771600,3.154500
a30_mu000,3.50001,1.708000,3.008000
a30_mu000,3.51003,1.826900,3.055700
a30_mu000,3.52004,1.813800,3.210900
a30_mu000,3.53000,1.847700,3.180700
a30_mu000,3.54002,1.898000,3.294400
a30_mu000,3.55004,1.878300,3.077100
a30_mu000,3.56005,2.031200,3.381100
a30_mu000,3.57002,1.875700,3.189800
a30_mu000,3.58003,2.042700,3.425800
a30_mu000,3.59005,1.853400,3.095700
a30_mu000,3.60001,1.976000,3.364700
a30_mu000,3.61003,1.868300,3.166600
a30_mu000,3.62004,1.871600,3.288200
a30_mu000,3.63001,1.813100,3.128800
a30_mu000,3.64002,1.782200,3.208400
a30_mu000,3.65004,1.842100,3.238500
a30_mu000,3.66000,1.772600,3.194400
a30_mu000,3.67001,1.891500,3.301900
a30_mu000,3.68003,1.730300,3.226700
a30_mu000,3.69004,1.983400,3.417800
a30_mu000,3.70001,1.849100,3.270100
a30_mu000,3.71002,2.017300,3.416500
a30_mu000,3.72004,1.959700,3.394800
a30_mu000,3.73005,1.996100,3.453600
a30_mu000,3.74001,2.036000,3.415000
a30_mu000,3.75002,2.014800,3.333400
a30_mu000,3.76003,2.053000,3.522200
a30_mu000,3.77005,1.923700,3.387300
a30_mu000,3.78001,2.061000,3.472500
a30_mu000,3.79003,1.752800,3.271100
a30_mu000,3.80004,1.920400,3.382300
a30_mu000,3.81005,1.741900,3.305200
a30_mu000,3.82001,1.852300,3.394300
a30_mu000,3.83001,1.940100,3.384200
a30_mu000,3.84002,1.869500,3.383900
a30_mu000,3.85003,2.097000,3.566700
a30_mu000,3.86004,2.001300,3.412200
a30_mu000,3.87005,2.130400,3.620600
a30_mu000,3.88001,2.096200,3.401400
a30_mu000,3.89001,2.250800,3.645700
a30_mu000,3.90003,2.013500,3.451000
a30_mu000,3.91003,2.164200,3.570800
a30_mu000,3.92004,1.934400,3.397600
a30_mu000,3.93005,2.036600,3.480000
a30_mu000,3.94001,1.986600,3.399300
a30_mu000,3.95002,1.833600,3.362300
a30_mu000,3.96003,1.937200,3.449700
a30_mu000,3.97004,1.854900,3.375000
a30_mu000,3.98005,1.957800,3.544600
a30_mu000,3.99000,1.900300,3.312300
a30_mu000,4.00001,2.066400,3.549400
a30_mu000,4.01002,1.933100,3.421700
a30_mu000,4.02003,2.241700,3.701200
a30_mu000,4.03004,2.060300,3.495000
a30_mu000,4.04004,2.227500,3.638300
a30_mu000,4.05000,2.169700,3.578700
a30_mu000,4.06000,2.091800,3.654900
a30_mu000,4.07002,2.174100,3.643200
a30_mu000,4.08003,2.079800,3.497200
a30_mu000,4.09003,2.067300,3.635200
a30_mu000,4.10005,1.919200,3.479500
a30_mu000,4.11005,2.020600,3.629700
a30_mu000,4.12001,1.839700,3.361500
a30_mu000,4.13001,2.066900,3.613900
a30_mu000,4.14002,1.829700,3.502200
a30_mu000,4.15003,2.036800,3.666900
a30_mu000,4.16004,2.047700,3.523000
a30_mu000,4.17004,2.082400,3.614300
a30_mu000,4.18005,2.172400,3.679000
a30_mu000,4.19000,2.161800,3.644800
a30_mu000,4.20001,2.221300,3.747100
a30_mu000,4.21002,2.183500,3.631400
a30_mu000,4.22002,2.291600,3.846400
a30_mu000,4.23004,2.090600,3.593700
a30_mu000,4.24004,2.262200,3.757700
a30_mu000,4.25005,1.963200,3.535900
a30_mu000,4.26005,2.127100,3.733900
a30_mu000,4.27001,2.004400,3.537600
a30_mu000,4.28002,1.951200,3.582200
a30_mu000,4.29003,1.941400,3.517200
a30_mu000,4.30004,1.962900,3.559200
a30_mu000,4.31004,2.031900,3.640300
a30_mu000,4.32005,2.033900,3.512800
a30_mu000,4.33000,2.154700,3.717500
a30_mu000,4.34001,2.046200,3.591000
a30_mu000,4.35002,2.346400,3.840700
a30_mu000,4.36003,2.126000,3.586500
a30_mu000,4.37003,2.318300,3.794500
a30_mu000,4.38004,2.214500,3.672900
a30_mu000,4.39004,2.217900,3.819600
a30_mu000,4.40005,2.184900,3.689500
a30_mu000,4.41001,2.150400,3.649100
a30_mu000,4.42001,2.083900,3.678700
a30_mu000,4.43002,2.013100,3.583200
a30_mu000,4.44002,2.054600,3.687300
a30_mu000,4.45003,1.897600,3.475800
a30_mu000,4.46003,2.148300,3.693200
a30_mu000,4.47004,1.890900,3.513800
a30_mu000,4.48005,2.107600,3.723700
a30_mu000,4.49001,2.079100,3.570100
a30_mu000,4.50001,2.201900,3.780500
a30_mu000,4.51002,2.204200,3.749200
a30_mu000,4.52002,2.253400,3.795900
a30_mu000,4.53003,2.257100,3.811800
a30_mu000,4.54003,2.278100,3.744700
a30_mu000,4.55004,2.313100,3.874600
a30_mu000,4.56005,2.122300,3.665700
a30_mu000,4.57000,2.296300,3.843000
a30_mu000,4.58001,2.006900,3.619800
a30_mu000,4.59001,2.153300,3.816200
a30_mu000,4.60002,2.003500,3.547200
a30_mu000,4.61003,2.039600,3.672400
a30_mu000,4.62004,1.973800,3.585100
a30_mu000,4.63005,2.034800,3.693100
a30_mu000,4.64005,2.040100,3.679500
a30_mu000,4.65001,2.117400,3.624400
a30_mu000,4.66001,2.293600,3.902100
a30_mu000,4.67001,2.097900,3.597100
a30_mu000,4.68001,2.413100,3.974900
a30_mu000,4.69002,2.106800,3.642700
a30_mu000,4.70001,2.284700,3.948400
a30_mu000,4.71002,2.121500,3.623900
a30_mu000,4.72002,2.244400,3.822700
a30_mu000,4.73003,2.083900,3.585400
a30_mu000,4.74003,2.106800,3.724900
a30_mu000,4.75003,1.985500,3.650700
a30_mu000,4.76003,2.047600,3.614800
a30_mu000,4.77004,2.149700,3.658200
a30_mu000,4.78004,1.957500,3.535500
a30_mu000,4.79004,2.234600,3.825200
a30_mu000,4.80005,2.072500,3.613700
a30_mu000,4.81005,2.313900,3.870000
a30_mu000,4.82000,2.161200,3.591400
a30_mu000,4.83005,2.362400,3.924300
a30_mu000,4.84001,2.132000,3.693200
a30_mu000,4.85000,2.323700,3.884800
a30_mu000,4.86002,2.125200,3.663900
a30_mu000,4.87002,2.240300,3.774300
a30_mu000,4.88002,2.115900,3.726500
a30_mu000,4.89003,1.986400,3.664000
a30_mu000,4.90003,2.119000,3.685300
a30_mu000,4.91004,1.996300,3.517700
a30_mu000,4.92004,2.135700,3.787200
a30_mu000,4.93005,1.960200,3.559400
a30_mu000,4.94005,2.211000,3.863600
a30_mu000,4.95001,2.066700,3.567400
a30_mu000,4.96000,2.358000,3.907400
a30_mu000,4.97001,2.083100,3.671100
a30_mu000,4.98001,2.329400,3.923400
a30_mu000,4.99002,2.204100,3.745900
a30_mu000,5.00002,2.253600,3.849700
a30_mu000,5.01003,2.223600,3.757200
a30_mu000,5.02004,2.143000,3.701000
a30_mu000,5.03004,2.132200,3.790100
a30_mu000,5.04000,2.012800,3.605800
a30_mu000,5.05005,2.136600,3.796700
a30_mu000,5.06001,1.950100,3.490500
a30_mu000,5.07001,2.168000,3.811600
a30_mu000,5.08002,1.890400,3.548400
a30_mu000,5.09002,2.263500,3.871500
a30_mu000,5.10003,2.117400,3.547000
a30_mu000,5.11003,2.248900,3.859600
a30_mu000,5.12004,2.149500,3.722100
a30_mu000,5.13004,2.281800,3.894800
a30_mu000,5.14005,2.254400,3.741700
a30_mu000,5.15005,2.273800,3.736000
a30_mu000,5.16001,2.216200,3.803500
a30_mu000,5.17001,2.085700,3.695000
a30_mu000,5.18001,2.244200,3.796500
a30_mu000,5.19003,1.959500,3.502800
a30_mu000,5.20002,2.188400,3.756800
a30_mu000,5.21004,1.938700,3.509800
a30_mu000,5.22003,2.115800,3.799000
a30_mu000,5.23005,1.981700,3.542000
a30_mu000,5.24000,2.237200,3.776300
a30_mu000,5.25001,2.084700,3.649500
a30_mu000,5.26001,2.243100,3.811700
a30_mu000,5.27002,2.159700,3.771800
a30_mu000,5.28002,2.249400,3.756100
a30_mu000,5.29003,2.359800,3.850800
a30_mu000,5.30004,2.139600,3.684800
a30_mu000,5.31004,2.269100,3.894800
a30_mu000,5.32000,2.085700,3.611300
a30_mu000,5.33005,2.240500,3.851900
a30_mu000,5.34001,1.990500,3.500500
a30_mu000,5.35001,2.150800,3.813700
a30_mu000,5.36002,1.914400,3.534900
a30_mu000,5.37002,2.174000,3.819600
a30_mu000,5.38004,2.004100,3.571200
a30_mu000,5.39004,2.161300,3.744900
a30_mu000,5.40005,2.156900,3.717400
a30_mu000,5.41005,2.145200,3.803400
a30_mu000,5.42000,2.273400,3.847200
a30_mu000,5.43001,2.241000,3.700600
a30_mu000,5.44002,2.332700,3.886400
a30_mu000,5.45003,2.135200,3.685100
a30_mu000,5.46003,2.303400,3.931900
a30_mu000,5.47004,2.064500,3.572100
a30_mu000,5.48004,2.301900,3.825600
a30_mu000,5.49005,1.946200,3.560500
a30_mu010,0.00000,0.000000,0.000000
a30_mu010,0.01005,0.000000,0.000000
a30_mu010,0.02004,0.000000,0.000000
a30_mu010,0.03003,0.000000,0.000000
a30_mu010,0.04002,0.000000,0.000000
a30_mu010,0.05002,0.000000,0.000000
a30_mu010,0.06001,0.000000,0.000000
a30_mu010,0.07000,0.000000,0.000000
a30_mu010,0.08005,0.000000,0.000000
a30_mu010,0.09004,0.000000,0.000000
a30_mu010,0.10004,0.000000,0.000000
a30_mu010,0.11003,0.000000,0.000000
a30_mu010,0.12002,0.000000,0.000000
a30_mu010,0.13002,0.000000,0.000000
a30_mu010,0.14001,0.000000,0.000000
a30_mu010,0.15000,0.000000,0.000000
a30_mu010,0.16005,0.000000,0.000000
a30_mu010,0.17004,0.000000,0.000000
a30_mu010,0.18003,0.000000,0.000000
a30_mu010,0.19003,0.000000,0.000000
a30_mu010,0.20002,0.000000,0.000000
a30_mu010,0.21001,0.000000,0.000000
a30_mu010,0.22001,0.000000,0.000000
a30_mu010,0.23005,0.000000,0.000000
a30_mu010,0.24004,0.000000,0.000000
a30_mu010,0.25004,0.000000,0.000000
a30_mu010,0.26003,0.000000,0.000000
a30_mu010,0.27002,0.000000,0.000000
a30_mu010,0.28002,0.000000,0.000000
a30_mu010,0.29001,0.000000,0.000000
a30_mu010,0.30000,0.000000,0.000000
a30_mu010,0.31005,0.000000,0.000000
a30_mu010,0.32004,0.000000,0.000000
a30_mu010,0.33003,0.000000,0.000000
a30_mu010,0.34003,0.000000,0.000000
a30_mu010,0.35002,0.000000,0.000000
a30_mu010,0.36001,0.000000,0.000000
a30_mu010,0.37001,0.000000,0.000000
a30_mu010,0.38005,0.000000,0.000000
a30_mu010,0.39004,0.000000,0.000000
a30_mu010,0.40004,0.000000,0.000000
a30_mu010,0.41003,0.000000,0.000000
a30_mu010,0.42002,0.000000,0.000000
a30_mu010,0.43002,0.000000,0.000000
a30_mu010,0.44001,0.000000,0.000000
a30_mu010,0.45000,0.000000,0.000000
a30_mu010,0.46005,0.000000,0.000000
a30_mu010,0.47004,0.000000,0.000000
a30_mu010,0.48003,0.000000,0.000000
a30_mu010,0.49003,0.000000,0.000000
a30_mu010,0.50002,0.000000,0.000000
a30_mu010,0.51001,0.000000,0.000000
a30_mu010,0.52001,0.000000,0.000000
a30_mu010,0.53005,0.000000,0.000000
a30_mu010,0.54004,0.000000,0.000000
a30_mu010,0.55004,0.000000,0.000000
a30_mu010,0.56003,0.000000,0.000000
a30_mu010,0.57002,0.000000,0.000000
a30_mu010,0.58002,0.000000,0.000000
a30_mu010,0.59001,0.000000,0.000000
a30_mu010,0.60000,0.000000,0.000000
a30_mu010,0.61005,0.000000,0.000000
a30_mu010,0.62004,0.000000,0.000000
a30_mu010,0.63004,0.000000,0.000000
a30_mu010,0.64003,0.010393,0.047811
a30_mu010,0.65002,0.058085,0.021503
a30_mu010,0.66001,0.006036,0.001314
a30_mu010,0.67001,0.004728,0.032513
a30_mu010,0.68005,0.012750,0.029050
a30_mu010,0.69004,0.009902,0.044527
a30_mu010,0.70004,0.018174,0.050230
a30_mu010,0.71003,0.069031,0.039025
a30_mu010,0.72002,0.059590,0.004494
a30_mu010,0.73001,0.038798,0.086421
a30_mu010,0.74000,0.019291,0.029430
a30_mu010,0.75005,0.046730,0.023921
a30_mu010,0.76004,0.000478,0.004218
a30_mu010,0.77003,0.053249,0.093521
a30_mu010,0.78003,0.001146,0.039510
a30_mu010,0.79002,0.000246,0.028212
a30_mu010,0.80001,0.084004,0.003160
a30_mu010,0.81000,0.045249,0.076223
a30_mu010,0.82005,0.006348,0.080942
a30_mu010,0.83004,0.015463,0.070556
a30_mu010,0.84003,0.024579,0.001063
a30_mu010,0.85002,0.051694,0.066885
a30_mu010,0.86001,0.030568,0.084340
a30_mu010,0.87005,0.021378,0.111820
a30_mu010,0.88004,0.027111,0.037930
a30_mu010,0.89003,0.037164,0.046886
a30_mu010,0.90002,0.025853,0.113830
a30_mu010,0.91001,0.011360,0.109540
a30_mu010,0.92000,0.034767,0.106120
a30_mu010,0.93005,0.028252,0.026250
a30_mu010,0.94004,0.051627,0.135400
a30_mu010,0.95003,0.017038,0.129070
a30_mu010,0.96002,0.045523,0.150180
a30_mu010,0.97001,0.052013,0.058860
a30_mu010,0.98005,0.024170,0.115230
a30_mu010,0.99004,0.076880,0.154590
a30_mu010,1.00003,0.002354,0.184060
a30_mu010,1.01002,0.095939,0.101850
a30_mu010,1.02000,0.057234,0.122910
a30_mu010,1.03005,0.043834,0.143710
a30_mu010,1.04003,0.067742,0.226620
a30_mu010,1.05002,0.041632,0.143310
a30_mu010,1.06001,0.123300,0.157590
a30_mu010,1.07005,0.067539,0.151260
a30_mu010,1.08004,0.048901,0.232480
a30_mu010,1.09003,0.076070,0.213740
a30_mu010,1.10001,0.103580,0.165230
a30_mu010,1.11000,0.133930,0.192490
a30_mu010,1.12004,0.071274,0.207680
a30_mu010,1.13003,0.076568,0.280860
a30_mu010,1.14001,0.098901,0.203870
a30_mu010,1.15000,0.154120,0.220320
a30_mu010,1.16004,0.140080,0.214210
a30_mu010,1.17003,0.088781,0.278320
a30_mu010,1.18001,0.131900,0.287580
a30_mu010,1.19005,0.060384,0.244340
a30_mu010,1.20004,0.228260,0.249350
a30_mu010,1.21002,0.134700,0.286780
a30_mu010,1.22001,0.156310,0.317860
a30_mu010,1.23004,0.155230,0.331310
a30_mu010,1.24003,0.144330,0.268210
a30_mu010,1.25001,0.250680,0.343380
a30_mu010,1.26005,0.171550,0.324260
a30_mu010,1.27003,0.224550,0.400830
a30_mu010,1.28002,0.191860,0.321180
a30_mu010,1.29000,0.246590,0.353960
a30_mu010,1.30004,0.242680,0.382720
a30_mu010,1.31002,0.247630,0.411890
a30_mu010,1.32001,0.298920,0.428440
a30_mu010,1.33004,0.238510,0.361700
a30_mu010,1.34002,0.322170,0.436720
a30_mu010,1.35001,0.248980,0.451760
a30_mu010,1.36004,0.351030,0.494760
a30_mu010,1.37002,0.353810,0.437800
a30_mu010,1.38001,0.298700,0.442030
a30_mu010,1.39004,0.369520,0.504860
a30_mu010,1.40002,0.300090,0.527730
a30_mu010,1.41000,0.448160,0.524240
a30_mu010,1.42004,0.383720,0.485370
a30_mu010,1.43002,0.386940,0.519910
a30_mu010,1.44005,0.390960,0.604000
a30_mu010,1.45003,0.398260,0.561620
a30_mu010,1.46001,0.501720,0.582940
a30_mu010,1.47004,0.442760,0.518710
a30_mu010,1.48002,0.463440,0.652620
a30_mu010,1.49005,0.405550,0.631550
a30_mu010,1.50003,0.509130,0.644390
a30_mu010,1.51001,0.547310,0.597580
a30_mu010,1.52004,0.507120,0.636900
a30_mu010,1.53002,0.519600,0.720240
a30_mu010,1.54005,0.440220,0.690090
a30_mu010,1.55003,0.690050,0.724310
a30_mu010,1.56000,0.614900,0.649210
a30_mu010,1.57003,0.618000,0.766820
a30_mu010,1.58001,0.603520,0.783370
a30_mu010,1.59004,0.578980,0.776320
a30_mu010,1.60001,0.741580,0.750940
a30_mu010,1.61004,0.643720,0.739040
a30_mu010,1.62002,0.693640,0.841540
a30_mu010,1.63005,0.568090,0.841780
a30_mu010,1.64002,0.723560,0.813790
a30_mu010,1.65005,0.684050,0.802170
a30_mu010,1.66002,0.692910,0.803170
a30_mu010,1.67005,0.672330,0.923960
a30_mu010,1.68002,0.567680,0.806370
a30_mu010,1.69005,0.746770,0.872300
a30_mu010,1.70002,0.613730,0.776250
a30_mu010,1.71005,0.708310,0.937030
a30_mu010,1.72002,0.604630,0.876050
a30_mu010,1.73005,0.594190,0.879540
a30_mu010,1.74002,0.688210,0.843740
a30_mu010,1.75004,0.597210,0.877340
a30_mu010,1.76001,0.675970,0.954860
a30_mu010,1.77004,0.544800,0.896120
a30_mu010,1.78001,0.647910,0.897340
a30_mu010,1.79003,0.594910,0.877210
a30_mu010,1.80000,0.639350,0.941030
a30_mu010,1.81002,0.613730,0.977710
a30_mu010,1.82005,0.571340,0.906470
a30_mu010,1.83001,0.676370,0.947450
a30_mu010,1.84004,0.536760,0.922030
a30_mu010,1.85000,0.814500,1.083600
a30_mu010,1.86002,0.612040,0.950450
a30_mu010,1.87004,0.716350,1.010700
a30_mu010,1.88001,0.731390,1.030700
a30_mu010,1.89003,0.615490,1.060800
a30_mu010,1.90005,0.808920,1.124900
a30_mu010,1.91001,0.694460,1.017700
a30_mu010,1.92003,0.836380,1.138100
a30_mu010,1.93005,0.687210,1.064200
a30_mu010,1.94001,0.843990,1.210900
a30_mu010,1.95003,0.798910,1.117900
a30_mu010,1.96005,0.909600,1.143200
a30_mu010,1.97001,0.870130,1.167000
a30_mu010,1.98003,0.766590,1.201500
a30_mu010,1.99004,1.016400,1.296500
a30_mu010,2.00001,0.842190,1.198000
a30_mu010,2.01002,1.095600,1.243400
a30_mu010,2.02004,0.864780,1.246400
a30_mu010,2.03005,0.940760,1.324400
a30_mu010,2.04001,1.022800,1.364200
a30_mu010,2.05003,0.979210,1.233200
a30_mu010,2.06004,1.094200,1.361600
a30_mu010,2.07000,0.907960,1.280500
a30_mu010,2.08001,1.032800,1.491900
a30_mu010,2.09003,0.963180,1.281800
a30_mu010,2.10004,1.138100,1.381900
a30_mu010,2.11000,0.960170,1.292500
a30_mu010,2.12001,0.873820,1.403800
a30_mu010,2.13002,1.006300,1.381600
a30_mu010,2.14004,0.847010,1.311900
a30_mu010,2.15004,1.095700,1.367800
a30_mu010,2.16000,0.768440,1.375300
a30_mu010,2.17001,0.994470,1.462300
a30_mu010,2.18002,0.866720,1.412200
a30_mu010,2.19003,1.034000,1.382400
a30_mu010,2.20004,1.050800,1.490000
a30_mu010,2.21005,0.938710,1.440200
a30_mu010,2.22005,1.083600,1.603800
a30_mu010,2.23001,0.981890,1.404500
a30_mu010,2.24002,1.284000,1.619300
a30_mu010,2.25002,1.068600,1.523600
a30_mu010,2.26003,1.236700,1.702800
a30_mu010,2.27003,1.129700,1.606800
a30_mu010,2.28004,1.277300,1.634000
a30_mu010,2.29004,1.358000,1.703800
a30_mu010,2.30005,1.200300,1.659400
a30_mu010,2.31005,1.373800,1.804600
a30_mu010,2.32001,1.154300,1.634800
a30_mu010,2.33001,1.448200,1.812900
a30_mu010,2.34001,1.238800,1.647600
a30_mu010,2.35001,1.338200,1.831200
a30_mu010,2.36002,1.282500,1.795400
a30_mu010,2.37002,1.224400,1.710000
a30_mu010,2.38002,1.358700,1.713800
a30_mu010,2.39003,1.062800,1.653500
a30_mu010,2.40003,1.304900,1.816100
a30_mu010,2.41003,0.951030,1.692800
a30_mu010,2.42003,1.242700,1.712800
a30_mu010,2.43003,1.102000,1.682400
a30_mu010,2.44003,1.177300,1.786700
a30_mu010,2.45003,1.188100,1.864300
a30_mu010,2.46003,1.122200,1.723500
a30_mu010,2.47003,1.333100,1.864600
a30_mu010,2.48002,1.281500,1.779700
a30_mu010,2.49002,1.499900,2.059100
a30_mu010,2.50002,1.301300,1.854200
a30_mu010,2.51002,1.607800,2.021000
a30_mu010,2.52002,1.467700,1.930700
a30_mu010,2.53001,1.638100,2.133600
a30_mu010,2.54001,1.617600,2.085700
a30_mu010,2.55000,1.518600,2.035300
a30_mu010,2.56005,1.718400,2.088500
a30_mu010,2.57005,1.484000,2.042200
a30_mu010,2.58004,1.693700,2.203500
a30_mu010,2.59004,1.451700,2.028100
a30_mu010,2.60003,1.484200,2.114300
a30_mu010,2.61003,1.205200,1.934900
a30_mu010,2.62002,1.404700,2.047000
a30_mu010,2.63001,1.302100,2.025600
a30_mu010,2.64000,1.409600,2.049800
a30_mu010,2.65005,1.308100,2.042400
a30_mu010,2.66004,1.334000,1.994700
a30_mu010,2.67003,1.538700,2.174600
a30_mu010,2.68002,1.437100,2.116000
a30_mu010,2.69001,1.704600,2.313800
a30_mu010,2.70000,1.493500,2.120400
a30_mu010,2.71004,1.820500,2.397400
a30_mu010,2.72003,1.711000,2.279100
a30_mu010,2.73002,1.869800,2.431000
a30_mu010,2.74001,1.773800,2.250000
a30_mu010,2.75000,1.793300,2.327400
a30_mu010,2.76004,1.752600,2.349300
a30_mu010,2.77003,1.698100,2.361400
a30_mu010,2.78002,1.827200,2.361100
a30_mu010,2.79001,1.519900,2.200700
a30_mu010,2.80004,1.717100,2.317200
a30_mu010,2.81003,1.417900,2.246800
a30_mu010,2.82002,1.672900,2.339400
a30_mu010,2.83001,1.528200,2.236100
a30_mu010,2.84005,1.528100,2.251900
a30_mu010,2.85003,1.537500,2.339500
a30_mu010,2.86002,1.471800,2.329400
a30_mu010,2.87005,1.785200,2.466500
a30_mu010,2.88004,1.487100,2.267600
a30_mu010,2.89002,1.821700,2.521900
a30_mu010,2.90000,1.611000,2.384100
a30_mu010,2.91003,2.008200,2.626100
a30_mu010,2.92002,1.867000,2.440400
a30_mu010,2.93005,2.022900,2.594300
a30_mu010,2.94004,1.900800,2.585300
a30_mu010,2.95001,2.011500,2.649200
a30_mu010,2.96005,2.067600,2.657200
a30_mu010,2.97003,1.848600,2.538500
a30_mu010,2.98001,2.008500,2.676700
a30_mu010,2.99005,1.629500,2.513100
a30_mu010,3.00003,1.931400,2.692800
a30_mu010,3.01001,1.648300,2.439600
a30_mu010,3.02004,1.863000,2.599500
a30_mu010,3.03002,1.579900,2.474100
a30_mu010,3.04005,1.728100,2.629900
a30_mu010,3.05003,1.722100,2.591300
a30_mu010,3.06001,1.869500,2.575700
a30_mu010,3.07004,1.936500,2.679000
a30_mu010,3.08002,1.765900,2.603800
a30_mu010,3.09004,2.148400,2.852300
a30_mu010,3.10002,1.958900,2.655800
a30_mu010,3.11005,2.248900,2.918400
a30_mu010,3.12003,2.024800,2.733500
a30_mu010,3.13001,2.333900,3.009800
a30_mu010,3.14004,2.223200,2.786100
a30_mu010,3.15001,2.395700,3.049900
a30_mu010,3.16004,2.067300,2.766400
a30_mu010,3.17001,2.015600,2.971300
a30_mu010,3.18004,1.941000,2.716500
a30_mu010,3.19001,1.977100,2.813000
a30_mu010,3.20004,1.876400,2.730100
a30_mu010,3.21002,1.662300,2.740300
a30_mu010,3.22004,1.811800,2.702300
a30_mu010,3.23002,1.700200,2.730600
a30_mu010,3.24004,2.080500,2.832800
a30_mu010,3.25001,1.900300,2.836700
a30_mu010,3.26004,2.111400,2.921500
a30_mu010,3.27001,2.037700,2.924300
a30_mu010,3.28003,2.395500,3.039700
a30_mu010,3.29001,2.354300,3.088100
a30_mu010,3.30003,2.429000,3.031800
a30_mu010,3.31000,2.255200,3.082000
a30_mu010,3.32003,2.259000,3.007200
a30_mu010,3.33005,2.386500,3.151600
a30_mu010,3.34002,2.163500,2.888700
a30_mu010,3.35004,2.150600,3.037000
a30_mu010,3.36002,1.825500,2.783900
a30_mu010,3.37004,2.065700,3.034400
a30_mu010,3.38001,1.925200,2.790600
a30_mu010,3.39003,2.056700,2.994800
a30_mu010,3.40005,1.822100,2.839500
a30_mu010,3.41002,1.932500,3.012000
a30_mu010,3.42004,2.078300,2.952700
a30_mu010,3.43001,2.376700,3.179100
a30_mu010,3.44003,2.441400,3.122600
a30_mu010,3.45005,2.559600,3.358300
a30_mu010,3.46001,2.621700,3.298200
a30_mu010,3.47003,2.553500,3.356000
a30_mu010,3.48005,2.603200,3.198500
a30_mu010,3.49002,2.482800,3.308400
a30_mu010,3.50004,2.270900,3.182500
a30_mu010,3.51000,2.133800,3.142300
a30_mu010,3.52002,2.030400,2.997700
a30_mu010,3.53004,1.959000,3.047600
a30_mu010,3.54001,1.981000,2.988700
a30_mu010,3.55003,1.849800,3.069700
a30_mu010,3.56004,2.008000,3.035000
a30_mu010,3.57001,2.226300,3.193300
a30_mu010,3.58002,2.330800,3.230300
a30_mu010,3.59004,2.451700,3.330600
a30_mu010,3.60000,2.605900,3.349800
a30_mu010,3.61002,2.670800,3.504800
a30_mu010,3.62004,2.792300,3.471500
a30_mu010,3.63000,2.711900,3.450800
a30_mu010,3.64002,2.569900,3.322800
a30_mu010,3.65004,2.497600,3.331500
a30_mu010,3.66000,2.317800,3.275800
a30_mu010,3.67002,2.261000,3.208400
a30_mu010,3.68003,2.140200,3.106100
a30_mu010,3.69005,1.987900,3.120200
a30_mu010,3.70001,2.011800,3.161800
a30_mu010,3.71003,2.103300,3.131500
a30_mu010,3.72004,2.160600,3.181400
a30_mu010,3.73000,2.321700,3.239800
a30_mu010,3.74002,2.386200,3.416100
a30_mu010,3.75003,2.569800,3.421100
a30_mu010,3.76004,2.778500,3.488600
a30_mu010,3.77001,2.792600,3.463200
a30_mu010,3.78002,2.770400,3.613200
a30_mu010,3.79004,2.686400,3.511100
a30_mu010,3.80005,2.660500,3.553600
a30_mu010,3.81001,2.708400,3.410300
a30_mu010,3.82001,2.638100,3.395200
a30_mu010,3.83002,2.337600,3.383700
a30_mu010,3.84004,2.209900,3.332600
a30_mu010,3.85004,2.150600,3.352600
a30_mu010,3.86000,2.173400,3.229800
a30_mu010,3.87001,2.418400,3.358700
a30_mu010,3.88002,2.081300,3.340100
a30_mu010,3.89003,2.370500,3.542600
a30_mu010,3.90004,2.521600,3.428300
a30_mu010,3.91004,2.796100,3.574200
a30_mu010,3.92000,2.752300,3.519000
a30_mu010,3.93001,2.803500,3.730800
a30_mu010,3.94002,2.657600,3.625500
a30_mu010,3.95003,2.908300,3.610100
a30_mu010,3.96004,2.683800,3.516000
a30_mu010,3.97005,2.490700,3.521900
a30_mu010,3.98001,2.407300,3.526700
a30_mu010,3.99002,2.154400,3.339200
a30_mu010,4.00003,2.367000,3.364200
a30_mu010,4.01004,2.246300,3.262900
a30_mu010,4.02005,2.237100,3.513200
a30_mu010,4.03000,2.217300,3.385400
a30_mu010,4.04001,2.578700,3.589900
a30_mu010,4.05002,2.612100,3.428900
a30_mu010,4.06002,2.948200,3.727700
a30_mu010,4.07003,2.658800,3.611600
a30_mu010,4.08004,2.828900,3.778600
a30_mu010,4.09005,2.939700,3.571600
a30_mu010,4.10000,2.851900,3.662200
a30_mu010,4.11001,2.654300,3.557600
a30_mu010,4.12002,2.445900,3.608100
a30_mu010,4.13002,2.372400,3.514700
a30_mu010,4.14003,2.417500,3.439700
a30_mu010,4.15004,2.393500,3.433200
a30_mu010,4.16005,2.084200,3.413500
a30_mu010,4.17000,2.378900,3.538100
a30_mu010,4.18001,2.304700,3.491200
a30_mu010,4.19002,2.708900,3.584600
a30_mu010,4.20002,2.685700,3.588200
a30_mu010,4.21003,2.763600,3.780300
a30_mu010,4.22004,2.756000,3.792800
a30_mu010,4.23004,3.013000,3.763600
a30_mu010,4.24000,2.915800,3.726600
a30_mu010,4.25001,2.881500,3.696000
a30_mu010,4.26002,2.598500,3.787000
a30_mu010,4.27003,2.438400,3.593900
a30_mu010,4.28003,2.652000,3.604300
a30_mu010,4.29004,2.341500,3.405800
a30_mu010,4.30005,2.306200,3.644500
a30_mu010,4.31000,2.157600,3.459000
a30_mu010,4.32001,2.417100,3.655900
a30_mu010,4.33002,2.494800,3.430700
a30_mu010,4.34002,2.717200,3.720300
a30_mu010,4.35003,2.525200,3.620000
a30_mu010,4.36003,2.884100,3.843300
a30_mu010,4.37004,2.875000,3.704000
a30_mu010,4.38004,2.975300,3.828300
a30_mu010,4.39005,2.950200,3.756600
a30_mu010,4.40000,2.723400,3.794600
a30_mu010,4.41001,2.703500,3.742000
a30_mu010,4.42002,2.653700,3.647700
a30_mu010,4.43002,2.536200,3.614700
a30_mu010,4.44003,2.324900,3.512000
a30_mu010,4.45004,2.392600,3.606100
a30_mu010,4.46005,2.215200,3.488400
a30_mu010,4.47005,2.598500,3.564000
a30_mu010,4.48000,2.411800,3.501400
a30_mu010,4.49001,2.588500,3.706800
a30_mu010,4.50001,2.671300,3.738200
a30_mu010,4.51002,2.854200,3.770900
a30_mu010,4.52002,2.924500,3.762700
a30_mu010,4.53003,2.928300,3.793600
a30_mu010,4.54004,2.736900,3.880700
a30_mu010,4.55004,2.865200,3.798700
a30_mu010,4.56005,2.772700,3.791000
a30_mu010,4.57000,2.596200,3.610200
a30_mu010,4.58001,2.643000,3.731400
a30_mu010,4.59002,2.346600,3.596700
a30_mu010,4.60002,2.504300,3.670000
a30_mu010,4.61003,2.464900,3.487200
a30_mu010,4.62003,2.470200,3.600300
a30_mu010,4.63004,2.457300,3.546300
a30_mu010,4.64004,2.479100,3.685000
a30_mu010,4.65004,2.564000,3.674100
a30_mu010,4.66004,2.841300,3.713100
a30_mu010,4.67005,2.755400,3.776100
a30_mu010,4.68000,2.737600,3.824600
a30_mu010,4.69000,2.795500,3.943800
a30_mu010,4.70001,2.768200,3.822300
a30_mu010,4.71001,2.833100,3.901100
a30_mu010,4.72001,2.648900,3.845000
a30_mu010,4.73001,2.557800,3.919500
a30_mu010,4.74001,2.677100,3.694800
a30_mu010,4.75002,2.618700,3.724500
a30_mu010,4.76002,2.453700,3.684700
a30_mu010,4.77002,2.658500,3.744900
a30_mu010,4.78002,2.493300,3.589800
a30_mu010,4.79002,2.570400,3.678000
a30_mu010,4.80002,2.572600,3.601400
a30_mu010,4.81002,2.578800,3.660800
a30_mu010,4.82002,2.703800,3.650600
a30_mu010,4.83002,2.587700,3.755100
a30_mu010,4.84002,2.613500,3.696000
a30_mu010,4.85002,2.752800,3.620300
a30_mu010,4.86002,2.597600,3.708800
a30_mu010,4.87002,2.694500,3.757000
a30_mu010,4.88002,2.676700,3.792600
a30_mu010,4.89002,2.648800,3.659100
a30_mu010,4.90002,2.741700,3.754300
a30_mu010,4.91002,2.606600,3.761900
a30_mu010,4.92002,2.616100,3.771100
a30_mu010,4.93002,2.703500,3.729500
a30_mu010,4.94002,2.635500,3.757600
a30_mu010,4.95002,2.657100,3.757300
a30_mu010,4.96002,2.635000,3.710000
a30_mu010,4.97002,2.641900,3.738100
a30_mu010,4.98002,2.697400,3.744400
a30_mu010,4.99002,2.597400,3.719000
a30_mu010,5.00002,2.672400,3.664400
a30_mu010,5.01002,2.672300,3.740500
a30_mu010,5.02002,2.603800,3.733000
a30_mu010,5.03002,2.671700,3.691600
a30_mu010,5.04002,2.659300,3.657700
a30_mu010,5.05002,2.638800,3.731400
a30_mu010,5.06001,2.684500,3.747400
a30_mu010,5.07002,2.573000,3.663500
a30_mu010,5.08002,2.673000,3.683100
a30_mu010,5.09002,2.629900,3.686200
a30_mu010,5.10002,2.639100,3.716100
a30_mu010,5.11001,2.673100,3.684900
a30_mu010,5.12002,2.602200,3.707500
a30_mu010,5.13002,2.678500,3.685400
a30_mu010,5.14002,2.654100,3.683000
a30_mu010,5.15002,2.595300,3.720500
a30_mu010,5.16001,2.649100,3.761400
a30_mu010,5.17001,2.635700,3.739000
a30_mu010,5.18002,2.658000,3.659200
a30_mu010,5.19002,2.667100,3.720800
a30_mu010,5.20001,2.592700,3.756900
a30_mu010,5.21001,2.683700,3.760100
a30_mu010,5.22001,2.618500,3.690300
a30_mu010,5.23001,2.641900,3.694300
a30_mu010,5.24001,2.659500,3.740000
a30_mu010,5.25001,2.647100,3.723900
a30_mu010,5.26001,2.665200,3.753700
a30_mu010,5.27001,2.623100,3.720000
a30_mu010,5.28002,2.613400,3.727400
a30_mu010,5.29001,2.688800,3.700200
a30_mu010,5.30001,2.588000,3.745700
a30_mu010,5.31001,2.622800,3.755500
a30_mu010,5.32001,2.682800,3.698200
a30_mu010,5.33001,2.655400,3.677600
a30_mu010,5.34001,2.648100,3.708000
a30_mu010,5.35001,2.587800,3.744600
a30_mu010,5.36001,2.657100,3.672000
a30_mu010,5.37002,2.680400,3.689600
a30_mu010,5.38002,2.588000,3.693700
a30_mu010,5.39001,2.647300,3.728400
a30_mu010,5.40002,2.659900,3.679600
a30_mu010,5.41002,2.613700,3.682100
a30_mu010,5.42002,2.672600,3.717100
a30_mu010,5.43002,2.571800,3.672600
a30_mu010,5.44002,2.688000,3.704400
a30_mu010,5.45002,2.622900,3.699000
a30_mu010,5.46002,2.616700,3.701300
a30_mu010,5.47002,2.672600,3.642500
a30_mu010,5.48002,2.639200,3.708300
a30_mu010,5.49002,2.626500,3.762500
a30_mu020,0.00000,0.000000,0.000000
a30_mu020,0.01005,0.000000,0.000000
a30_mu020,0.02004,0.000000,0.000000
a30_mu020,0.03003,0.000000,0.000000
a30_mu020,0.04002,0.000000,0.000000
a30_mu020,0.05002,0.000000,0.000000
a30_mu020,0.06001,0.000000,0.000000
a30_mu020,0.07000,0.000000,0.000000
a30_mu020,0.08005,0.000000,0.000000
a30_mu020,0.09004,0.000000,0.000000
a30_mu020,0.10004,0.000000,0.000000
a30_mu020,0.11003,0.000000,0.000000
a30_mu020,0.12002,0.000000,0.000000
a30_mu020,0.13002,0.000000,0.000000
a30_mu020,0.14001,0.000000,0.000000
a30_mu020,0.15000,0.000000,0.000000
a30_mu020,0.16005,0.000000,0.000000
a30_mu020,0.17004,0.000000,0.000000
a30_mu020,0.18003,0.000000,0.000000
a30_mu020,0.19003,0.000000,0.000000
a30_mu020,0.20002,0.000000,0.000000
a30_mu020,0.21001,0.000000,0.000000
a30_mu020,0.22001,0.000000,0.000000
a30_mu020,0.23005,0.000000,0.000000
a30_mu020,0.24004,0.000000,0.000000
a30_mu020,0.25004,0.000000,0.000000
a30_mu020,0.26003,0.000000,0.000000
a30_mu020,0.27002,0.000000,0.000000
a30_mu020,0.28002,0.000000,0.000000
a30_mu020,0.29001,0.000000,0.000000
a30_mu020,0.30000,0.000000,0.000000
a30_mu020,0.31005,0.000000,0.000000
a30_mu020,0.32004,0.000000,0.000000
a30_mu020,0.33003,0.000000,0.000000
a30_mu020,0.34003,0.000000,0.000000
a30_mu020,0.35002,0.000000,0.000000
a30_mu020,0.36001,0.000000,0.000000
a30_mu020,0.37001,0.000000,0.000000
a30_mu020,0.38005,0.000000,0.000000
a30_mu020,0.39004,0.000000,0.000000
a30_mu020,0.40004,0.000000,0.000000
a30_mu020,0.41003,0.000000,0.000000
a30_mu020,0.42002,0.000000,0.000000
a30_mu020,0.43002,0.000000,0.000000
a30_mu020,0.44001,0.000000,0.000000
a30_mu020,0.45000,0.000000,0.000000
a30_mu020,0.46005,0.000000,0.000000
a30_mu020,0.47004,0.000000,0.000000
a30_mu020,0.48003,0.000000,0.000000
a30_mu020,0.49003,0.000000,0.000000
a30_mu020,0.50002,0.000000,0.000000
a30_mu020,0.51001,0.000000,0.000000
a30_mu020,0.52001,0.000000,0.000000
a30_mu020,0.53005,0.000000,0.000000
a30_mu020,0.54004,0.000000,0.000000
a30_mu020,0.55004,0.000000,0.000000
a30_mu020,0.56003,0.000000,0.000000
a30_mu020,0.57002,0.000000,0.000000
a30_mu020,0.58002,0.000000,0.000000
a30_mu020,0.59001,0.000000,0.000000
a30_mu020,0.60000,0.000000,0.000000
a30_mu020,0.61005,0.000000,0.000000
a30_mu020,0.62004,0.000000,0.000000
a30_mu020,0.63004,0.000000,0.000000
a30_mu020,0.64003,0.004036,0.041755
a30_mu020,0.65002,0.074646,0.019903
a30_mu020,0.66001,0.007596,0.013044
a30_mu020,0.67001,0.017488,0.028288
a30_mu020,0.68005,0.014592,0.032323
a30_mu020,0.69004,0.001071,0.037270
a30_mu020,0.70004,0.045583,0.049619
a30_mu020,0.71003,0.069535,0.023073
a30_mu020,0.72002,0.092369,0.002185
a30_mu020,0.73001,0.039575,0.081306
a30_mu020,0.74000,0.020086,0.017900
a30_mu020,0.75005,0.066833,0.021452
a30_mu020,0.76004,0.010601,0.016035
a30_mu020,0.77003,0.018949,0.091038
a30_mu020,0.78003,0.040290,0.061012
a30_mu020,0.79002,0.044064,0.030482
a30_mu020,0.80001,0.148730,0.043304
a30_mu020,0.81000,0.000005,0.090907
a30_mu020,0.82004,0.080695,0.113640
a30_mu020,0.83004,0.060756,0.075582
a30_mu020,0.84003,0.137510,0.050089
a30_mu020,0.85002,0.121290,0.104370
a30_mu020,0.86001,0.059702,0.116880
a30_mu020,0.87005,0.135630,0.141500
a30_mu020,0.88004,0.114610,0.065352
a30_mu020,0.89003,0.182920,0.121810
a30_mu020,0.90002,0.101870,0.138170
a30_mu020,0.91001,0.164500,0.176150
a30_mu020,0.92000,0.162610,0.126550
a30_mu020,0.93005,0.175740,0.109110
a30_mu020,0.94004,0.196090,0.177410
a30_mu020,0.95003,0.135870,0.186760
a30_mu020,0.96002,0.254530,0.200010
a30_mu020,0.97001,0.175030,0.123460
a30_mu020,0.98005,0.243750,0.187980
a30_mu020,0.99004,0.195790,0.214450
a30_mu020,1.00003,0.215490,0.238070
a30_mu020,1.01002,0.292640,0.184980
a30_mu020,1.02000,0.224640,0.180660
a30_mu020,1.03005,0.285040,0.244600
a30_mu020,1.04003,0.202740,0.268460
a30_mu020,1.05002,0.316110,0.240830
a30_mu020,1.06001,0.296510,0.214410
a30_mu020,1.07005,0.309030,0.238500
a30_mu020,1.08004,0.267030,0.323450
a30_mu020,1.09003,0.274800,0.270960
a30_mu020,1.10001,0.380740,0.278800
a30_mu020,1.11000,0.321610,0.227560
a30_mu020,1.12004,0.358090,0.348130
a30_mu020,1.13003,0.270060,0.320220
a30_mu020,1.14001,0.371000,0.323800
a30_mu020,1.15000,0.412190,0.271740
a30_mu020,1.16004,0.295100,0.315830
a30_mu020,1.17003,0.310530,0.383940
a30_mu020,1.18001,0.264550,0.374120
a30_mu020,1.19005,0.477630,0.310720
a30_mu020,1.20004,0.507640,0.342630
a30_mu020,1.21002,0.408460,0.379940
a30_mu020,1.22001,0.350470,0.447530
a30_mu020,1.23004,0.338970,0.365810
a30_mu020,1.24003,0.551250,0.398540
a30_mu020,1.25001,0.496130,0.373420
a30_mu020,1.26005,0.485550,0.472780
a30_mu020,1.27004,0.318500,0.427010
a30_mu020,1.28002,0.422360,0.417810
a30_mu020,1.29000,0.505120,0.408000
a30_mu020,1.30004,0.496680,0.433010
a30_mu020,1.31002,0.475370,0.482720
a30_mu020,1.32001,0.304440,0.429790
a30_mu020,1.33004,0.445690,0.464590
a30_mu020,1.34002,0.423710,0.426600
a30_mu020,1.35001,0.508390,0.501730
a30_mu020,1.36004,0.408590,0.462310
a30_mu020,1.37002,0.347490,0.477900
a30_mu020,1.38000,0.375760,0.459920
a30_mu020,1.39004,0.385760,0.490070
a30_mu020,1.40002,0.507800,0.499320
a30_mu020,1.41000,0.370150,0.482570
a30_mu020,1.42003,0.396220,0.482790
a30_mu020,1.43001,0.278010,0.519380
a30_mu020,1.44005,0.441720,0.527050
a30_mu020,1.45003,0.472740,0.545490
a30_mu020,1.46001,0.431030,0.473480
a30_mu020,1.47004,0.379490,0.564910
a30_mu020,1.48002,0.291940,0.537480
a30_mu020,1.49005,0.496430,0.635200
a30_mu020,1.50003,0.499060,0.509060
a30_mu020,1.51001,0.516140,0.588230
a30_mu020,1.52004,0.372360,0.575300
a30_mu020,1.53001,0.389140,0.684760
a30_mu020,1.54005,0.539380,0.617190
a30_mu020,1.55002,0.703440,0.655860
a30_mu020,1.56005,0.644260,0.577380
a30_mu020,1.57003,0.435800,0.701070
a30_mu020,1.58000,0.477690,0.699230
a30_mu020,1.59003,0.635010,0.727310
a30_mu020,1.60001,0.823670,0.633510
a30_mu020,1.61003,0.674030,0.739000
a30_mu020,1.62001,0.562720,0.765910
a30_mu020,1.63003,0.523490,0.841640
a30_mu020,1.64001,0.794560,0.728930
a30_mu020,1.65003,0.853430,0.774530
a30_mu020,1.66001,0.752840,0.784610
a30_mu020,1.67003,0.624950,0.923350
a30_mu020,1.68000,0.654470,0.814570
a30_mu020,1.69003,0.868200,0.842960
a30_mu020,1.70000,0.914990,0.790900
a30_mu020,1.71002,0.822030,0.957830
a30_mu020,1.72005,0.666580,0.895800
a30_mu020,1.73002,0.731080,0.915390
a30_mu020,1.74004,0.892170,0.821440
a30_mu020,1.75001,0.942740,0.932840
a30_mu020,1.76004,0.840830,0.945420
a30_mu020,1.77001,0.690660,0.967740
a30_mu020,1.78003,0.790770,0.911080
a30_mu020,1.79005,0.885820,0.960280
a30_mu020,1.80002,0.984540,0.975210
a30_mu020,1.81004,0.813250,1.008300
a30_mu020,1.82001,0.749230,0.963470
a30_mu020,1.83003,0.798020,0.985810
a30_mu020,1.84005,0.913490,0.991280
a30_mu020,1.85002,1.095300,1.087100
a30_mu020,1.86004,0.880040,0.966620
a30_mu020,1.87000,0.868440,1.054000
a30_mu020,1.88002,0.861480,1.043500
a30_mu020,1.89004,0.994120,1.132400
a30_mu020,1.90000,1.017100,1.053000
a30_mu020,1.91002,0.976670,1.055600
a30_mu020,1.92004,0.861030,1.100800
a30_mu020,1.93000,0.829110,1.144000
a30_mu020,1.94002,1.118100,1.162100
a30_mu020,1.95004,1.001200,1.096600
a30_mu020,1.96005,1.091000,1.152300
a30_mu020,1.97001,0.830800,1.167600
a30_mu020,1.98003,0.995650,1.241600
a30_mu020,1.99004,1.165000,1.206500
a30_mu020,2.00001,1.184900,1.185500
a30_mu020,2.01002,1.082300,1.222800
a30_mu020,2.02003,0.966960,1.272700
a30_mu020,2.03005,1.118000,1.339000
a30_mu020,2.04001,1.232200,1.263600
a30_mu020,2.05002,1.369700,1.296500
a30_mu020,2.06003,1.071200,1.318800
a30_mu020,2.07004,1.141100,1.415200
a30_mu020,2.08000,1.131100,1.396300
a30_mu020,2.09001,1.365700,1.325900
a30_mu020,2.10003,1.369000,1.348300
a30_mu020,2.11004,1.050900,1.343100
a30_mu020,2.12005,1.005000,1.450200
a30_mu020,2.13000,1.158900,1.341100
a30_mu020,2.14001,1.302600,1.372000
a30_mu020,2.15002,1.300700,1.350000
a30_mu020,2.16003,1.044800,1.503600
a30_mu020,2.17004,1.134000,1.462700
a30_mu020,2.18005,1.296800,1.487900
a30_mu020,2.19000,1.502400,1.395900
a30_mu020,2.20001,1.377900,1.555500
a30_mu020,2.21002,1.265000,1.564300
a30_mu020,2.22002,1.299100,1.655800
a30_mu020,2.23003,1.534500,1.491200
a30_mu020,2.24004,1.577700,1.613100
a30_mu020,2.25004,1.482600,1.577900
a30_mu020,2.26005,1.359400,1.722700
a30_mu020,2.27005,1.365400,1.550200
a30_mu020,2.28000,1.567900,1.624000
a30_mu020,2.29001,1.562400,1.552800
a30_mu020,2.30001,1.433700,1.740200
a30_mu020,2.31001,1.284100,1.608400
a30_mu020,2.32002,1.347200,1.677000
a30_mu020,2.33002,1.543600,1.580200
a30_mu020,2.34002,1.525800,1.737900
a30_mu020,2.35002,1.354200,1.664700
a30_mu020,2.36003,1.405300,1.771000
a30_mu020,2.37003,1.348000,1.599600
a30_mu020,2.38003,1.617200,1.779200
a30_mu020,2.39003,1.389900,1.669200
a30_mu020,2.40003,1.448900,1.851800
a30_mu020,2.41003,1.401500,1.707800
a30_mu020,2.42003,1.611900,1.838700
a30_mu020,2.43003,1.719500,1.764700
a30_mu020,2.44002,1.679500,1.925800
a30_mu020,2.45002,1.661100,1.870600
a30_mu020,2.46002,1.654200,1.941100
a30_mu020,2.47002,1.887300,1.891000
a30_mu020,2.48001,1.809100,1.979900
a30_mu020,2.49001,1.910300,1.994100
a30_mu020,2.50001,1.614600,2.011600
a30_mu020,2.51000,1.813400,1.922500
a30_mu020,2.52005,1.726000,1.954400
a30_mu020,2.53004,1.821500,1.970700
a30_mu020,2.54004,1.651100,2.039400
a30_mu020,2.55004,1.610900,1.891700
a30_mu020,2.56003,1.621100,1.970600
a30_mu020,2.57002,1.702000,1.916100
a30_mu020,2.58002,1.758800,2.112700
a30_mu020,2.59001,1.631600,1.935400
a30_mu020,2.60000,1.553700,2.058500
a30_mu020,2.61005,1.602500,1.921500
a30_mu020,2.62004,1.960900,2.175200
a30_mu020,2.63003,1.872800,2.027800
a30_mu020,2.64002,2.093100,2.279300
a30_mu020,2.65001,1.856500,2.072900
a30_mu020,2.66000,2.238500,2.340200
a30_mu020,2.67005,2.143900,2.177700
a30_mu020,2.68004,2.211800,2.341700
a30_mu020,2.69003,1.995300,2.131700
a30_mu020,2.70002,2.000900,2.254200
a30_mu020,2.71001,1.958300,2.170700
a30_mu020,2.72005,1.930300,2.247300
a30_mu020,2.73004,1.900100,2.182200
a30_mu020,2.74003,1.654800,2.153400
a30_mu020,2.75002,1.831400,2.211400
a30_mu020,2.76000,1.660000,2.204900
a30_mu020,2.77004,2.014400,2.281300
a30_mu020,2.78003,1.829500,2.242300
a30_mu020,2.79002,1.985300,2.309900
a30_mu020,2.80000,1.943800,2.350800
a30_mu020,2.81004,2.251800,2.400400
a30_mu020,2.82003,2.278600,2.450500
a30_mu020,2.83001,2.299400,2.423300
a30_mu020,2.84005,2.235800,2.514000
a30_mu020,2.85003,2.202600,2.384400
a30_mu020,2.86002,2.237200,2.498700
a30_mu020,2.87005,2.084300,2.349700
a30_mu020,2.88003,2.099000,2.477900
a30_mu020,2.89001,2.032100,2.381900
a30_mu020,2.90005,2.015500,2.508800
a30_mu020,2.91003,2.131400,2.394600
a30_mu020,2.92001,2.079500,2.512700
a30_mu020,2.93004,2.189900,2.421800
a30_mu020,2.94002,2.168100,2.584400
a30_mu020,2.95005,2.215300,2.573200
a30_mu020,2.96003,2.341900,2.655300
a30_mu020,2.97001,2.431900,2.547800
a30_mu020,2.98004,2.257400,2.619200
a30_mu020,2.99002,2.407000,2.602500
a30_mu020,3.00005,2.347300,2.715900
a30_mu020,3.01002,2.427900,2.592600
a30_mu020,3.02000,2.323800,2.602900
a30_mu020,3.03003,2.194600,2.593800
a30_mu020,3.04000,2.264100,2.712700
a30_mu020,3.05003,2.303900,2.594000
a30_mu020,3.06001,2.228700,2.617500
a30_mu020,3.07004,2.247200,2.570400
a30_mu020,3.08001,2.257400,2.762100
a30_mu020,3.09004,2.267600,2.663200
a30_mu020,3.10001,2.453700,2.702100
a30_mu020,3.11004,2.367000,2.607700
a30_mu020,3.12001,2.686200,2.906600
a30_mu020,3.13004,2.566400,2.787500
a30_mu020,3.14001,2.697300,2.915600
a30_mu020,3.15004,2.616000,2.735200
a30_mu020,3.16001,2.631900,2.850700
a30_mu020,3.17004,2.490500,2.796500
a30_mu020,3.18001,2.340600,2.799100
a30_mu020,3.19004,2.404400,2.715700
a30_mu020,3.20001,2.245800,2.755600
a30_mu020,3.21003,2.377100,2.794000
a30_mu020,3.22001,2.121700,2.774400
a30_mu020,3.23003,2.482400,2.835400
a30_mu020,3.24000,2.376600,2.837900
a30_mu020,3.25002,2.717500,2.960300
a30_mu020,3.26005,2.509900,2.936900
a30_mu020,3.27002,2.836500,2.983400
a30_mu020,3.28004,2.709100,2.991900
a30_mu020,3.29001,2.926100,3.062600
a30_mu020,3.30003,2.728600,3.054800
a30_mu020,3.31005,2.749800,2.983000
a30_mu020,3.32002,2.637200,3.019800
a30_mu020,3.33004,2.539200,2.964000
a30_mu020,3.34001,2.538000,3.002400
a30_mu020,3.35003,2.374100,2.829900
a30_mu020,3.36005,2.473600,2.987200
a30_mu020,3.37002,2.297800,2.909500
a30_mu020,3.38004,2.642800,3.084200
a30_mu020,3.39001,2.503900,2.891900
a30_mu020,3.40002,2.789700,3.109300
a30_mu020,3.41005,2.613700,3.025200
a30_mu020,3.42001,3.093900,3.281800
a30_mu020,3.43003,2.935500,3.114700
a30_mu020,3.44005,3.235900,3.211100
a30_mu020,3.45002,2.861700,3.143900
a30_mu020,3.46003,2.948200,3.253200
a30_mu020,3.47000,2.783900,3.139800
a30_mu020,3.48002,2.598100,2.981900
a30_mu020,3.49004,2.588400,3.035200
a30_mu020,3.50001,2.249000,2.991900
a30_mu020,3.51002,2.530300,3.142700
a30_mu020,3.52004,2.362900,2.904500
a30_mu020,3.53000,2.758000,3.128100
a30_mu020,3.54002,2.556500,3.056700
a30_mu020,3.55003,3.118400,3.391700
a30_mu020,3.56000,2.786100,3.159100
a30_mu020,3.57002,3.427500,3.383800
a30_mu020,3.58003,3.010600,3.212100
a30_mu020,3.59004,3.254700,3.458800
a30_mu020,3.60001,2.875200,3.255700
a30_mu020,3.61002,3.015800,3.296100
a30_mu020,3.62004,2.703800,3.139800
a30_mu020,3.63001,2.719400,3.198300
a30_mu020,3.64002,2.450100,3.183600
a30_mu020,3.65004,2.482700,3.147400
a30_mu020,3.66005,2.679600,3.213200
a30_mu020,3.67001,2.564000,3.162500
a30_mu020,3.68002,2.966900,3.365900
a30_mu020,3.69004,2.762500,3.265300
a30_mu020,3.70000,3.289900,3.519500
a30_mu020,3.71002,3.107500,3.353000
a30_mu020,3.72003,3.461400,3.548300
a30_mu020,3.73005,3.041100,3.340400
a30_mu020,3.74001,3.366300,3.573500
a30_mu020,3.75003,2.829400,3.350300
a30_mu020,3.76004,3.116800,3.394700
a30_mu020,3.77005,2.671000,3.215100
a30_mu020,3.78001,2.720000,3.319600
a30_mu020,3.79002,2.532300,3.283200
a30_mu020,3.80003,3.014100,3.390500
a30_mu020,3.81004,2.830500,3.159800
a30_mu020,3.82005,2.992200,3.427300
a30_mu020,3.83000,2.866800,3.455400
a30_mu020,3.84001,3.064000,3.510400
a30_mu020,3.85002,3.365800,3.409600
a30_mu020,3.86003,3.152400,3.385200
a30_mu020,3.87004,3.259700,3.553200
a30_mu020,3.88005,2.874100,3.483800
a30_mu020,3.89005,3.218700,3.532600
a30_mu020,3.90001,2.879600,3.273700
a30_mu020,3.91002,3.178400,3.484200
a30_mu020,3.92003,2.515800,3.283500
a30_mu020,3.93003,3.047900,3.522900
a30_mu020,3.94005,2.660500,3.320300
a30_mu020,3.95005,3.283300,3.523700
a30_mu020,3.96001,2.845200,3.384900
a30_mu020,3.97001,3.188200,3.627800
a30_mu020,3.98002,2.995000,3.529100
a30_mu020,3.99003,3.524000,3.640700
a30_mu020,4.00004,3.207700,3.520500
a30_mu020,4.01004,3.270700,3.524000
a30_mu020,4.02005,2.998900,3.593500
a30_mu020,4.03000,3.069200,3.542300
a30_mu020,4.04001,3.209300,3.547000
a30_mu020,4.05002,2.881000,3.311200
a30_mu020,4.06003,2.947200,3.537300
a30_mu020,4.07003,2.738600,3.430300
a30_mu020,4.08003,3.168900,3.728200
a30_mu020,4.09005,2.977500,3.321600
a30_mu020,4.10005,3.393100,3.622200
a30_mu020,4.11000,2.891000,3.484500
a30_mu020,4.12000,3.512100,3.902700
a30_mu020,4.13002,3.147500,3.465600
a30_mu020,4.14002,3.562500,3.674600
a30_mu020,4.15003,3.092200,3.439300
a30_mu020,4.16003,3.272000,3.801400
a30_mu020,4.17004,2.901100,3.484700
a30_mu020,4.18005,3.270400,3.574100
a30_mu020,4.19001,2.944600,3.377200
a30_mu020,4.20001,3.000200,3.611400
a30_mu020,4.21002,2.907000,3.560000
a30_mu020,4.22002,3.050500,3.574300
a30_mu020,4.23003,3.286600,3.567800
a30_mu020,4.24003,3.187200,3.530200
a30_mu020,4.25003,3.309600,3.778300
a30_mu020,4.26004,3.061400,3.627000
a30_mu020,4.27004,3.503400,3.790900
a30_mu020,4.28005,3.226600,3.505500
a30_mu020,4.29000,3.524300,3.742900
a30_mu020,4.30001,2.885700,3.492100
a30_mu020,4.31001,3.276300,3.815100
a30_mu020,4.32002,2.948900,3.514100
a30_mu020,4.33002,3.323300,3.693500
a30_mu020,4.34003,2.970200,3.405200
a30_mu020,4.35003,3.133100,3.756000
a30_mu020,4.36003,2.939000,3.622000
a30_mu020,4.37003,3.340000,3.731800
a30_mu020,4.38004,3.214900,3.515700
a30_mu020,4.39004,3.337000,3.679100
a30_mu020,4.40005,3.252500,3.765300
a30_mu020,4.41005,3.199800,3.702000
a30_mu020,4.42005,3.468300,3.652600
a30_mu020,4.43000,3.218900,3.570500
a30_mu020,4.44000,3.329200,3.763600
a30_mu020,4.45001,3.055900,3.646100
a30_mu020,4.46001,3.198800,3.725800
a30_mu020,4.47002,3.041000,3.506000
a30_mu020,4.48001,3.374400,3.675900
a30_mu020,4.49001,2.962200,3.634000
a30_mu020,4.50001,3.250800,3.742400
a30_mu020,4.51002,3.019000,3.650600
a30_mu020,4.52002,3.322500,3.679200
a30_mu020,4.53002,3.246700,3.621400
a30_mu020,4.54002,3.294100,3.708200
a30_mu020,4.55003,3.220900,3.775200
a30_mu020,4.56003,3.361900,3.696300
a30_mu020,4.57004,3.251200,3.654500
a30_mu020,4.58004,3.277900,3.590400
a30_mu020,4.59004,3.297300,3.782400
a30_mu020,4.60004,3.159700,3.698500
a30_mu020,4.61004,3.294500,3.726600
a30_mu020,4.62005,3.046400,3.521100
a30_mu020,4.63005,3.188300,3.760500
a30_mu020,4.64005,3.153800,3.666500
a30_mu020,4.65005,3.183800,3.758300
a30_mu020,4.66000,3.138000,3.544600
a30_mu020,4.67000,3.266000,3.689400
a30_mu020,4.68005,3.136200,3.707500
a30_mu020,4.69005,3.293400,3.767600
a30_mu020,4.70005,3.231000,3.665100
a30_mu020,4.71000,3.175700,3.545500
a30_mu020,4.72000,3.244100,3.772900
a30_mu020,4.73000,3.084300,3.682100
a30_mu020,4.74000,3.280700,3.833000
a30_mu020,4.75000,3.276400,3.604900
a30_mu020,4.76000,3.251900,3.752800
a30_mu020,4.77000,3.148800,3.690400
a30_mu020,4.78000,3.191800,3.760100
a30_mu020,4.79005,3.147500,3.788700
a30_mu020,4.80000,3.256000,3.734800
a30_mu020,4.81000,3.116500,3.630200
a30_mu020,4.82005,3.265500,3.614100
a30_mu020,4.83005,3.226900,3.813300
a30_mu020,4.84005,3.168600,3.739400
a30_mu020,4.85005,3.240500,3.663900
a30_mu020,4.86005,3.254900,3.603300
a30_mu020,4.87005,3.280200,3.758600
a30_mu020,4.88005,3.161800,3.770000
a30_mu020,4.89005,3.080900,3.723700
a30_mu020,4.90005,3.241600,3.707000
a30_mu020,4.91005,3.260500,3.685700
a30_mu020,4.92005,3.224400,3.729400
a30_mu020,4.93005,3.252500,3.714700
a30_mu020,4.94005,3.185300,3.781200
a30_mu020,4.95005,3.280500,3.686800
a30_mu020,4.96005,3.169500,3.645600
a30_mu020,4.97005,3.160400,3.706300
a30_mu020,4.98005,3.211800,3.778600
a30_mu020,4.99005,3.215200,3.729200
a30_mu020,5.00000,3.246300,3.604800
a30_mu020,5.01005,3.235700,3.725900
a30_mu020,5.02005,3.151900,3.752600
a30_mu020,5.03005,3.248300,3.737400
a30_mu020,5.04005,3.153300,3.634200
a30_mu020,5.05005,3.201900,3.663500
a30_mu020,5.06005,3.224900,3.724900
a30_mu020,5.07005,3.215600,3.697800
a30_mu020,5.08005,3.214700,3.713000
a30_mu020,5.09005,3.190600,3.646600
a30_mu020,5.10005,3.217200,3.650000
a30_mu020,5.11005,3.240800,3.714900
a30_mu020,5.12005,3.093200,3.787200
a30_mu020,5.13005,3.193200,3.741100
a30_mu020,5.14000,3.294600,3.616900
a30_mu020,5.15000,3.210700,3.665000
a30_mu020,5.16005,3.205900,3.768100
a30_mu020,5.17005,3.111500,3.801100
a30_mu020,5.18000,3.260600,3.653300
a30_mu020,5.19001,3.206000,3.638300
a30_mu020,5.20000,3.148800,3.685600
a30_mu020,5.21000,3.209900,3.780100
a30_mu020,5.22000,3.248500,3.757500
a30_mu020,5.23001,3.208300,3.681400
a30_mu020,5.24001,3.229700,3.701200
a30_mu020,5.25001,3.144400,3.688700
a30_mu020,5.26000,3.241900,3.799600
a30_mu020,5.27001,3.163100,3.743200
a30_mu020,5.28001,3.181200,3.688400
a30_mu020,5.29001,3.299800,3.634900
a30_mu020,5.30001,3.218000,3.704100
a30_mu020,5.31001,3.179300,3.781200
a30_mu020,5.32001,3.156600,3.681100
a30_mu020,5.33002,3.200200,3.665900
a30_mu020,5.34002,3.262000,3.663300
a30_mu020,5.35001,3.150100,3.776200
a30_mu020,5.36001,3.202800,3.706600
a30_mu020,5.37001,3.294900,3.686500
a30_mu020,5.38002,3.200100,3.666800
a30_mu020,5.39002,3.214700,3.690000
a30_mu020,5.40001,3.127800,3.730000
a30_mu020,5.41002,3.194600,3.680400
a30_mu020,5.42002,3.236800,3.698000
a30_mu020,5.43003,3.208300,3.611000
a30_mu020,5.44002,3.213800,3.704200
a30_mu020,5.45002,3.222500,3.757600
a30_mu020,5.46002,3.148500,3.743500
a30_mu020,5.47003,3.223300,3.654600
a30_mu020,5.48003,3.144700,3.633100
a30_mu020,5.49002,3.220300,3.785400
a30_mu030,0.00000,0.000000,0.000000
a30_mu030,0.01005,0.000000,0.000000
a30_mu030,0.02004,0.000000,0.000000
a30_mu030,0.03003,0.000000,0.000000
a30_mu030,0.04002,0.000000,0.000000
a30_mu030,0.05002,0.000000,0.000000
a30_mu030,0.06001,0.000000,0.000000
a30_mu030,0.07000,0.000000,0.000000
a30_mu030,0.08005,0.000000,0.000000
a30_mu030,0.09004,0.000000,0.000000
a30_mu030,0.10004,0.000000,0.000000
a30_mu030,0.11003,0.000000,0.000000
a30_mu030,0.12002,0.000000,0.000000
a30_mu030,0.13002,0.000000,0.000000
a30_mu030,0.14001,0.000000,0.000000
a30_mu030,0.15000,0.000000,0.000000
a30_mu030,0.16005,0.000000,0.000000
a30_mu030,0.17004,0.000000,0.000000
a30_mu030,0.18003,0.000000,0.000000
a30_mu030,0.19003,0.000000,0.000000
a30_mu030,0.20002,0.000000,0.000000
a30_mu030,0.21001,0.000000,0.000000
a30_mu030,0.22001,0.000000,0.000000
a30_mu030,0.23005,0.000000,0.000000
a30_mu030,0.24004,0.000000,0.000000
a30_mu030,0.25004,0.000000,0.000000
a30_mu030,0.26003,0.000000,0.000000
a30_mu030,0.27002,0.000000,0.000000
a30_mu030,0.28002,0.000000,0.000000
a30_mu030,0.29001,0.000000,0.000000
a30_mu030,0.30000,0.000000,0.000000
a30_mu030,0.31005,0.000000,0.000000
a30_mu030,0.32004,0.000000,0.000000
a30_mu030,0.33003,0.000000,0.000000
a30_mu030,0.34003,0.000000,0.000000
a30_mu030,0.35002,0.000000,0.000000
a30_mu030,0.36001,0.000000,0.000000
a30_mu030,0.37001,0.000000,0.000000
a30_mu030,0.38005,0.000000,0.000000
a30_mu030,0.39004,0.000000,0.000000
a30_mu030,0.40004,0.000000,0.000000
a30_mu030,0.41003,0.000000,0.000000
a30_mu030,0.42002,0.000000,0.000000
a30_mu030,0.43002,0.000000,0.000000
a30_mu030,0.44001,0.000000,0.000000
a30_mu030,0.45000,0.000000,0.000000
a30_mu030,0.46005,0.000000,0.000000
a30_mu030,0.47004,0.000000,0.000000
a30_mu030,0.48003,0.000000,0.000000
a30_mu030,0.49003,0.000000,0.000000
a30_mu030,0.50002,0.000000,0.000000
a30_mu030,0.51001,0.000000,0.000000
a30_mu030,0.52001,0.000000,0.000000
a30_mu030,0.53005,0.000000,0.000000
a30_mu030,0.54004,0.000000,0.000000
a30_mu030,0.55004,0.000000,0.000000
a30_mu030,0.56003,0.000000,0.000000
a30_mu030,0.57002,0.000000,0.000000
a30_mu030,0.58002,0.000000,0.000000
a30_mu030,0.59001,0.000000,0.000000
a30_mu030,0.60000,0.000000,0.000000
a30_mu030,0.61005,0.000000,0.000000
a30_mu030,0.62004,0.000000,0.000000
a30_mu030,0.63004,0.000000,0.000000
a30_mu030,0.64003,0.006639,0.035937
a30_mu030,0.65002,0.092725,0.017833
a30_mu030,0.66001,0.001585,0.024909
a30_mu030,0.67001,0.036528,0.022555
a30_mu030,0.68005,0.015936,0.035926
a30_mu030,0.69004,0.019991,0.030049
a30_mu030,0.70004,0.073359,0.046259
a30_mu030,0.71003,0.060793,0.007451
a30_mu030,0.72002,0.137090,0.011813
a30_mu030,0.73001,0.036749,0.069022
a30_mu030,0.74000,0.021958,0.005517
a30_mu030,0.75005,0.099470,0.018509
a30_mu030,0.76004,0.028207,0.032184
a30_mu030,0.77003,0.034277,0.097248
a30_mu030,0.78002,0.083342,0.073738
a30_mu030,0.79002,0.148210,0.046289
a30_mu030,0.80001,0.199030,0.064670
a30_mu030,0.81000,0.094437,0.109190
a30_mu030,0.82004,0.201360,0.135670
a30_mu030,0.83004,0.120450,0.083280
a30_mu030,0.84003,0.307790,0.091345
a30_mu030,0.85002,0.159470,0.119760
a30_mu030,0.86001,0.219990,0.158560
a30_mu030,0.87005,0.220920,0.136360
a30_mu030,0.88004,0.243610,0.097860
a30_mu030,0.89003,0.285680,0.143740
a30_mu030,0.90002,0.192290,0.159470
a30_mu030,0.91001,0.271060,0.196510
a30_mu030,0.92000,0.228580,0.111540
a30_mu030,0.93005,0.308130,0.154910
a30_mu030,0.94004,0.188150,0.159260
a30_mu030,0.95003,0.271530,0.217690
a30_mu030,0.96002,0.222670,0.159670
a30_mu030,0.97001,0.274530,0.146310
a30_mu030,0.98005,0.249280,0.174590
a30_mu030,0.99004,0.156090,0.206580
a30_mu030,1.00003,0.275120,0.213620
a30_mu030,1.01002,0.186580,0.149330
a30_mu030,1.02000,0.287480,0.182460
a30_mu030,1.03005,0.147350,0.204950
a30_mu030,1.04003,0.196430,0.242180
a30_mu030,1.05002,0.204880,0.188510
a30_mu030,1.06001,0.240040,0.173380
a30_mu030,1.07005,0.205730,0.217990
a30_mu030,1.08004,0.131910,0.246160
a30_mu030,1.09003,0.210710,0.251420
a30_mu030,1.10001,0.182160,0.181220
a30_mu030,1.11005,0.293200,0.227880
a30_mu030,1.12004,0.111500,0.251070
a30_mu030,1.13003,0.220710,0.290990
a30_mu030,1.14001,0.191080,0.235210
a30_mu030,1.15005,0.236230,0.228070
a30_mu030,1.16004,0.290370,0.287950
a30_mu030,1.17002,0.222410,0.283100
a30_mu030,1.18001,0.338770,0.328650
a30_mu030,1.19005,0.214650,0.247190
a30_mu030,1.20003,0.363490,0.347260
a30_mu030,1.21002,0.278880,0.311310
a30_mu030,1.22000,0.453680,0.403200
a30_mu030,1.23004,0.347730,0.302880
a30_mu030,1.24002,0.464010,0.374610
a30_mu030,1.25001,0.346130,0.374680
a30_mu030,1.26004,0.473790,0.442790
a30_mu030,1.27003,0.553210,0.393910
a30_mu030,1.28001,0.481320,0.385360
a30_mu030,1.29005,0.561590,0.420570
a30_mu030,1.30003,0.374020,0.465400
a30_mu030,1.31001,0.621690,0.478570
a30_mu030,1.32005,0.542790,0.415030
a30_mu030,1.33003,0.640380,0.438540
a30_mu030,1.34001,0.442360,0.481490
a30_mu030,1.35005,0.529770,0.512070
a30_mu030,1.36003,0.525240,0.484550
a30_mu030,1.37001,0.641270,0.429650
a30_mu030,1.38005,0.567820,0.510530
a30_mu030,1.39003,0.423370,0.511850
a30_mu030,1.40001,0.547290,0.570620
a30_mu030,1.41004,0.479670,0.446560
a30_mu030,1.42002,0.692000,0.528810
a30_mu030,1.43000,0.456570,0.504420
a30_mu030,1.44003,0.506390,0.612290
a30_mu030,1.45001,0.475510,0.513940
a30_mu030,1.46005,0.600030,0.540650
a30_mu030,1.47003,0.617580,0.533900
a30_mu030,1.48000,0.537020,0.617720
a30_mu030,1.49004,0.558670,0.612150
a30_mu030,1.50001,0.535940,0.579780
a30_mu030,1.51005,0.738150,0.597190
a30_mu030,1.52002,0.581310,0.631300
a30_mu030,1.53005,0.748500,0.678910
a30_mu030,1.54003,0.573860,0.653260
a30_mu030,1.55001,0.858920,0.659710
a30_mu030,1.56003,0.729060,0.665770
a30_mu030,1.57001,0.787420,0.712330
a30_mu030,1.58004,0.672940,0.724330
a30_mu030,1.59001,0.791430,0.702630
a30_mu030,1.60004,0.797360,0.743280
a30_mu030,1.61001,0.797240,0.713080
a30_mu030,1.62004,0.833310,0.809860
a30_mu030,1.63002,0.711710,0.728530
a30_mu030,1.64004,0.935220,0.807950
a30_mu030,1.65002,0.736790,0.725950
a30_mu030,1.66004,0.949190,0.864390
a30_mu030,1.67001,0.777560,0.798720
a30_mu030,1.68004,0.918030,0.867990
a30_mu030,1.69001,0.850970,0.780150
a30_mu030,1.70003,0.908260,0.881570
a30_mu030,1.71000,0.909340,0.874880
a30_mu030,1.72003,0.941760,0.897440
a30_mu030,1.73005,0.974820,0.859620
a30_mu030,1.74002,0.863100,0.864900
a30_mu030,1.75004,1.059900,0.943430
a30_mu030,1.76001,0.890910,0.933290
a30_mu030,1.77004,1.154000,0.940180
a30_mu030,1.78001,0.916940,0.905750
a30_mu030,1.79003,1.066600,0.984250
a30_mu030,1.80005,0.992170,1.012400
a30_mu030,1.81002,1.118500,0.988110
a30_mu030,1.82004,1.103700,0.962200
a30_mu030,1.83000,1.066100,0.978970
a30_mu030,1.84002,1.061300,1.097400
a30_mu030,1.85004,1.188800,1.088900
a30_mu030,1.86001,1.271900,0.991070
a30_mu030,1.87003,1.104500,0.996720
a30_mu030,1.88005,1.062700,1.097100
a30_mu030,1.89001,0.974960,1.117100
a30_mu030,1.90003,1.169900,1.065500
a30_mu030,1.91005,1.153100,0.992520
a30_mu030,1.92001,1.107000,1.096000
a30_mu030,1.93003,0.948570,1.166600
a30_mu030,1.94004,1.170200,1.181300
a30_mu030,1.95001,1.179700,1.102100
a30_mu030,1.96002,1.350800,1.141000
a30_mu030,1.97004,1.215000,1.233500
a30_mu030,1.98000,1.192200,1.280600
a30_mu030,1.99002,1.362200,1.228000
a30_mu030,2.00003,1.442500,1.194100
a30_mu030,2.01004,1.528300,1.288500
a30_mu030,2.02000,1.395700,1.333300
a30_mu030,2.03002,1.377100,1.353000
a30_mu030,2.04003,1.432200,1.264500
a30_mu030,2.05004,1.627900,1.314300
a30_mu030,2.06000,1.423000,1.339700
a30_mu030,2.07001,1.431400,1.401200
a30_mu030,2.08003,1.287500,1.342100
a30_mu030,2.09004,1.475100,1.341700
a30_mu030,2.10005,1.518500,1.339300
a30_mu030,2.11001,1.248200,1.400600
a30_mu030,2.12002,1.238700,1.373400
a30_mu030,2.13003,1.316800,1.364700
a30_mu030,2.14004,1.423500,1.354000
a30_mu030,2.15004,1.589500,1.435900
a30_mu030,2.16005,1.441600,1.454300
a30_mu030,2.17001,1.646100,1.506800
a30_mu030,2.18002,1.714000,1.476700
a30_mu030,2.19002,1.777100,1.547000
a30_mu030,2.20003,1.835200,1.556700
a30_mu030,2.21004,1.797300,1.611400
a30_mu030,2.22004,1.747500,1.565200
a30_mu030,2.23005,1.809700,1.570800
a30_mu030,2.24000,1.702400,1.575900
a30_mu030,2.25001,1.696500,1.610000
a30_mu030,2.26001,1.683100,1.595300
a30_mu030,2.27002,1.487500,1.551600
a30_mu030,2.28002,1.624200,1.545700
a30_mu030,2.29003,1.540700,1.595500
a30_mu030,2.30003,1.607200,1.647300
a30_mu030,2.31003,1.615000,1.606100
a30_mu030,2.32004,1.637600,1.608500
a30_mu030,2.33004,1.679300,1.650500
a30_mu030,2.34004,1.874300,1.748800
a30_mu030,2.35004,1.839300,1.767800
a30_mu030,2.36004,2.026000,1.664600
a30_mu030,2.37005,1.707100,1.754400
a30_mu030,2.38004,1.869100,1.819600
a30_mu030,2.39004,1.871800,1.867900
a30_mu030,2.40004,2.075000,1.763200
a30_mu030,2.41004,1.958100,1.766500
a30_mu030,2.42004,1.990700,1.834400
a30_mu030,2.43004,1.703200,1.922400
a30_mu030,2.44003,2.074700,1.841600
a30_mu030,2.45003,2.038200,1.837100
a30_mu030,2.46003,2.027100,1.792800
a30_mu030,2.47002,1.911100,1.929100
a30_mu030,2.48002,1.863000,1.878200
a30_mu030,2.49001,2.120700,1.933000
a30_mu030,2.50001,2.175200,1.817800
a30_mu030,2.51001,2.070700,1.995300
a30_mu030,2.52000,1.929200,1.911400
a30_mu030,2.53005,2.108800,2.105200
a30_mu030,2.54004,2.139900,1.917300
a30_mu030,2.55003,2.423500,2.054500
a30_mu030,2.56003,2.045200,1.947300
a30_mu030,2.57002,2.098500,2.162000
a30_mu030,2.58001,2.151100,2.007200
a30_mu030,2.59000,2.355300,2.099500
a30_mu030,2.60005,2.106100,1.953800
a30_mu030,2.61004,2.161800,2.134800
a30_mu030,2.62003,2.143900,2.133300
a30_mu030,2.63002,2.274300,2.170100
a30_mu030,2.64001,2.541300,2.142800
a30_mu030,2.65005,2.346300,2.122300
a30_mu030,2.66004,2.397800,2.249500
a30_mu030,2.67003,2.119600,2.233700
a30_mu030,2.68001,2.581600,2.265000
a30_mu030,2.69001,2.280000,2.112800
a30_mu030,2.70004,2.473700,2.268500
a30_mu030,2.71003,1.935000,2.188900
a30_mu030,2.72002,2.420600,2.307800
a30_mu030,2.73001,2.215800,2.116300
a30_mu030,2.74005,2.573400,2.245400
a30_mu030,2.75003,2.151000,2.229400
a30_mu030,2.76002,2.396900,2.364800
a30_mu030,2.77000,2.362900,2.266000
a30_mu030,2.78004,2.670100,2.296700
a30_mu030,2.79003,2.607300,2.357200
a30_mu030,2.80001,2.520800,2.425500
a30_mu030,2.81005,2.552500,2.471000
a30_mu030,2.82003,2.522600,2.340400
a30_mu030,2.83001,2.825700,2.395700
a30_mu030,2.84005,2.462600,2.335200
a30_mu030,2.85003,2.425900,2.532500
a30_mu030,2.86002,2.109500,2.294400
a30_mu030,2.87005,2.676100,2.407800
a30_mu030,2.88003,2.456100,2.268600
a30_mu030,2.89001,2.822100,2.599900
a30_mu030,2.90005,2.205300,2.401800
a30_mu030,2.91002,3.008300,2.600700
a30_mu030,2.92001,2.707700,2.380900
a30_mu030,2.93004,3.152900,2.680300
a30_mu030,2.94002,2.560200,2.503400
a30_mu030,2.95005,2.803400,2.680600
a30_mu030,2.96003,2.621600,2.457300
a30_mu030,2.97001,2.973300,2.599100
a30_mu030,2.98004,2.504800,2.516100
a30_mu030,2.99002,2.560500,2.624100
a30_mu030,3.00005,2.469400,2.530300
a30_mu030,3.01003,2.598400,2.542600
a30_mu030,3.02001,2.930500,2.558500
a30_mu030,3.03004,2.630900,2.603100
a30_mu030,3.04001,2.852200,2.761500
a30_mu030,3.05004,2.723700,2.647800
a30_mu030,3.06002,3.258300,2.734400
a30_mu030,3.07005,2.936900,2.613700
a30_mu030,3.08002,3.229800,2.892600
a30_mu030,3.09000,2.567500,2.734200
a30_mu030,3.10003,3.225400,2.837600
a30_mu030,3.11001,2.791400,2.574200
a30_mu030,3.12003,3.402300,2.915500
a30_mu030,3.13001,2.461400,2.630700
a30_mu030,3.14003,2.939900,2.921600
a30_mu030,3.15001,2.622000,2.568400
a30_mu030,3.16003,3.106400,2.814800
a30_mu030,3.17000,2.563000,2.668600
a30_mu030,3.18003,2.962800,2.896100
a30_mu030,3.19000,2.764000,2.724500
a30_mu030,3.20002,3.221200,2.857700
a30_mu030,3.21005,3.266800,2.862600
a30_mu030,3.22002,3.103700,2.973500
a30_mu030,3.23004,3.258900,2.978900
a30_mu030,3.24002,3.027900,2.847500
a30_mu030,3.25004,3.389100,2.939400
a30_mu030,3.26001,3.059700,2.861600
a30_mu030,3.27003,3.179600,3.031300
a30_mu030,3.28001,2.526600,2.767500
a30_mu030,3.29003,3.289700,2.942400
a30_mu030,3.30000,2.728400,2.756400
a30_mu030,3.31002,3.399500,3.074000
a30_mu030,3.32005,2.621600,2.804000
a30_mu030,3.33001,3.361700,3.079700
a30_mu030,3.34004,3.088700,2.864800
a30_mu030,3.35000,3.767700,3.175800
a30_mu030,3.36003,2.995500,2.958700
a30_mu030,3.37004,3.580100,3.165300
a30_mu030,3.38002,3.059500,2.983800
a30_mu030,3.39003,3.601700,3.123500
a30_mu030,3.40000,3.175200,3.019600
a30_mu030,3.41002,2.896600,3.096400
a30_mu030,3.42004,3.297900,3.196300
a30_mu030,3.43001,3.267000,2.862200
a30_mu030,3.44003,3.582000,3.157300
a30_mu030,3.45005,2.980600,2.946500
a30_mu030,3.46001,2.978900,3.333000
a30_mu030,3.47003,2.689300,2.877300
a30_mu030,3.48004,3.946900,3.198700
a30_mu030,3.49001,3.207900,2.893800
a30_mu030,3.50002,3.540100,3.452600
a30_mu030,3.51004,2.853500,3.064400
a30_mu030,3.52005,3.829900,3.399700
a30_mu030,3.53002,3.664200,2.907600
a30_mu030,3.54003,3.902600,3.399500
a30_mu030,3.55000,2.665600,3.077700
a30_mu030,3.56001,3.532400,3.426100
a30_mu030,3.57003,3.175300,2.916200
a30_mu030,3.58004,3.782200,3.263600
a30_mu030,3.59001,3.008100,3.040100
a30_mu030,3.60002,3.053500,3.416900
a30_mu030,3.61004,3.162400,3.074300
a30_mu030,3.62005,3.860200,3.232100
a30_mu030,3.63002,3.573500,3.138500
a30_mu030,3.64002,3.547300,3.450800
a30_mu030,3.65004,3.281800,3.349900
a30_mu030,3.66000,3.549800,3.307000
a30_mu030,3.67002,4.141400,3.208600
a30_mu030,3.68003,3.460000,3.274800
a30_mu030,3.69004,3.302000,3.437500
a30_mu030,3.70001,2.987600,3.284100
a30_mu030,3.71002,3.739200,3.242700
a30_mu030,3.72003,3.497200,3.090900
a30_mu030,3.73004,3.587500,3.420700
a30_mu030,3.74000,2.657400,3.318100
a30_mu030,3.75001,3.915600,3.481800
a30_mu030,3.76003,3.580300,3.153900
a30_mu030,3.77004,4.205700,3.477600
a30_mu030,3.78000,3.222500,3.389200
a30_mu030,3.79001,3.314900,3.649100
a30_mu030,3.80003,3.745700,3.343700
a30_mu030,3.81003,4.346800,3.249400
a30_mu030,3.82005,3.399800,3.263100
a30_mu030,3.83000,2.790200,3.497800
a30_mu030,3.84001,2.836700,3.419600
a30_mu030,3.85002,3.629400,3.238700
a30_mu030,3.86003,4.151500,3.235600
a30_mu030,3.87003,3.558700,3.394900
a30_mu030,3.88004,3.209200,3.649700
a30_mu030,3.89005,3.590400,3.520000
a30_mu030,3.90000,4.571000,3.439600
a30_mu030,3.91001,4.284400,3.322800
a30_mu030,3.92002,3.762200,3.694900
a30_mu030,3.93003,2.821700,3.558400
a30_mu030,3.94003,3.869500,3.572200
a30_mu030,3.95004,3.872700,3.182400
a30_mu030,3.96005,3.760300,3.440400
a30_mu030,3.97001,2.792600,3.389100
a30_mu030,3.98001,3.358200,3.644500
a30_mu030,3.99002,3.603200,3.283800
a30_mu030,4.00003,4.548800,3.489600
a30_mu030,4.01003,3.521300,3.448800
a30_mu030,4.02004,3.761200,3.810400
a30_mu030,4.03005,3.599000,3.574800
a30_mu030,4.04005,4.446600,3.679700
a30_mu030,4.05001,4.041700,3.384300
a30_mu030,4.06001,3.741500,3.629200
a30_mu030,4.07002,3.048400,3.496200
a30_mu030,4.08002,3.770100,3.570200
a30_mu030,4.09003,3.668500,3.308900
a30_mu030,4.10003,3.721600,3.465000
a30_mu030,4.11004,3.222000,3.528000
a30_mu030,4.12004,3.423900,3.716000
a30_mu030,4.13005,4.151600,3.579100
a30_mu030,4.14000,4.305500,3.508500
a30_mu030,4.15001,3.887300,3.568000
a30_mu030,4.16001,3.733100,3.668300
a30_mu030,4.17002,3.976200,3.725200
a30_mu030,4.18003,4.077700,3.501100
a30_mu030,4.19003,4.100600,3.495800
a30_mu030,4.20004,3.265100,3.472900
a30_mu030,4.21004,3.561000,3.715900
a30_mu030,4.22005,3.481200,3.508000
a30_mu030,4.23005,3.843100,3.499900
a30_mu030,4.24000,3.740500,3.408200
a30_mu030,4.25000,3.883200,3.637100
a30_mu030,4.26001,3.500600,3.683300
a30_mu030,4.27001,4.212500,3.739200
a30_mu030,4.28002,4.009100,3.544100
a30_mu030,4.29002,4.314500,3.637100
a30_mu030,4.30003,3.686500,3.677400
a30_mu030,4.31003,3.809700,3.798200
a30_mu030,4.32004,3.794100,3.549600
a30_mu030,4.33004,3.983000,3.524400
a30_mu030,4.34005,3.521100,3.482200
a30_mu030,4.35005,3.650800,3.708000
a30_mu030,4.36000,3.525500,3.626200
a30_mu030,4.37000,3.953100,3.584400
a30_mu030,4.38001,3.903200,3.578700
a30_mu030,4.39001,3.909700,3.665900
a30_mu030,4.40001,3.931500,3.821700
a30_mu030,4.41001,3.900600,3.691700
a30_mu030,4.42002,4.079700,3.672900
a30_mu030,4.43002,4.128300,3.543600
a30_mu030,4.44002,3.930400,3.738300
a30_mu030,4.45003,3.661900,3.649400
a30_mu030,4.46003,3.832700,3.697000
a30_mu030,4.47004,3.745500,3.496600
a30_mu030,4.48003,3.950100,3.643700
a30_mu030,4.49004,3.588500,3.590600
a30_mu030,4.50004,3.751200,3.763100
a30_mu030,4.51004,3.844100,3.596900
a30_mu030,4.52004,4.081200,3.655900
a30_mu030,4.53004,3.899900,3.578500
a30_mu030,4.54004,4.085200,3.774800
a30_mu030,4.55004,3.831000,3.722000
a30_mu030,4.56004,4.096300,3.764800
a30_mu030,4.57000,3.885100,3.567000
a30_mu030,4.58005,3.917500,3.710300
a30_mu030,4.59005,3.868600,3.661200
a30_mu030,4.60005,3.798100,3.734000
a30_mu030,4.61000,3.750000,3.535200
a30_mu030,4.62001,3.871300,3.596100
a30_mu030,4.63000,3.764300,3.594800
a30_mu030,4.64000,3.863600,3.761900
a30_mu030,4.65000,3.877600,3.706800
a30_mu030,4.66001,3.842600,3.643000
a30_mu030,4.67001,3.976200,3.652400
a30_mu030,4.68001,3.853200,3.769200
a30_mu030,4.69001,3.919200,3.801200
a30_mu030,4.70001,3.982600,3.711600
a30_mu030,4.71001,3.923700,3.647000
a30_mu030,4.72002,3.832200,3.678900
a30_mu030,4.73001,3.890100,3.750500
a30_mu030,4.74001,3.780400,3.761900
a30_mu030,4.75002,3.776500,3.589500
a30_mu030,4.76002,3.819900,3.648400
a30_mu030,4.77002,3.777600,3.535700
a30_mu030,4.78001,3.945800,3.784700
a30_mu030,4.79001,3.747300,3.705600
a30_mu030,4.80001,3.806000,3.619200
a30_mu030,4.81001,3.931400,3.588500
a30_mu030,4.82001,3.916300,3.640200
a30_mu030,4.83001,3.770200,3.829900
a30_mu030,4.84001,3.836600,3.631800
a30_mu030,4.85001,3.827200,3.691000
a30_mu030,4.86001,3.983900,3.604400
a30_mu030,4.87000,3.862300,3.807100
a30_mu030,4.88000,3.736200,3.739700
a30_mu030,4.89000,3.943100,3.780000
a30_mu030,4.90001,3.898600,3.671600
a30_mu030,4.91000,3.918300,3.693400
a30_mu030,4.92000,3.825400,3.844300
a30_mu030,4.93005,3.739600,3.728100
a30_mu030,4.94000,3.869200,3.752500
a30_mu030,4.95000,3.790200,3.522500
a30_mu030,4.96000,3.813200,3.719900
a30_mu030,4.97005,3.890600,3.743700
a30_mu030,4.98005,3.769300,3.777700
a30_mu030,4.99000,3.906600,3.616100
a30_mu030,5.00000,3.813600,3.596000
a30_mu030,5.01005,3.781500,3.746100
a30_mu030,5.02005,3.845900,3.732900
a30_mu030,5.03005,3.768200,3.747700
a30_mu030,5.04000,3.900300,3.560500
a30_mu030,5.05005,3.934900,3.650900
a30_mu030,5.06005,3.817200,3.666700
a30_mu030,5.07005,3.858800,3.773300
a30_mu030,5.08005,3.748500,3.693400
a30_mu030,5.09000,3.870400,3.583900
a30_mu030,5.10005,3.918700,3.687300
a30_mu030,5.11005,3.764400,3.700500
a30_mu030,5.12004,3.907300,3.865900
a30_mu030,5.13005,3.868200,3.647500
a30_mu030,5.14005,3.873100,3.676600
a30_mu030,5.15005,3.842400,3.665600
a30_mu030,5.16005,3.744000,3.801100
a30_mu030,5.17005,3.877900,3.775000
a30_mu030,5.18005,3.877500,3.632000
a30_mu030,5.19000,3.848000,3.692800
a30_mu030,5.20005,3.920600,3.671900
a30_mu030,5.21005,3.785500,3.854600
a30_mu030,5.22005,3.849400,3.689800
a30_mu030,5.23000,3.818300,3.723000
a30_mu030,5.24000,3.799500,3.629600
a30_mu030,5.25005,3.908000,3.747000
a30_mu030,5.26005,3.803200,3.805800
a30_mu030,5.27000,3.835300,3.685900
a30_mu030,5.28000,3.927600,3.645200
a30_mu030,5.29000,3.801600,3.563100
a30_mu030,5.30005,3.835100,3.814800
a30_mu030,5.31000,3.745100,3.715000
a30_mu030,5.32000,3.847600,3.654800
a30_mu030,5.33001,3.979000,3.567800
a30_mu030,5.34001,3.796400,3.661200
a30_mu030,5.35000,3.862900,3.784200
a30_mu030,5.36000,3.827100,3.681700
a30_mu030,5.37001,3.812200,3.670900
a30_mu030,5.38001,3.880200,3.550700
a30_mu030,5.39001,3.788400,3.724100
a30_mu030,5.40000,3.857100,3.701900
a30_mu030,5.41000,3.907300,3.750400
a30_mu030,5.42001,3.825000,3.599300
a30_mu030,5.43001,3.913500,3.588100
a30_mu030,5.44001,3.791700,3.747900
a30_mu030,5.45000,3.779300,3.756600
a30_mu030,5.46000,3.858100,3.782100
a30_mu030,5.47001,3.829700,3.539800
a30_mu030,5.48001,3.946900,3.735300
a30_mu030,5.49001,3.845000,3.729600
a45_mu000,0.00000,0.000000,0.000000
a45_mu000,0.01005,0.000000,0.000000
a45_mu000,0.02004,0.000000,0.000000
a45_mu000,0.03003,0.000000,0.000000
a45_mu000,0.04002,0.000000,0.000000
a45_mu000,0.05002,0.000000,0.000000
a45_mu000,0.06001,0.000000,0.000000
a45_mu000,0.07000,0.000000,0.000000
a45_mu000,0.08005,0.000000,0.000000
a45_mu000,0.09004,0.000000,0.000000
a45_mu000,0.10004,0.000000,0.000000
a45_mu000,0.11003,0.000000,0.000000
a45_mu000,0.12002,0.000000,0.000000
a45_mu000,0.13002,0.000000,0.000000
a45_mu000,0.14001,0.000000,0.000000
a45_mu000,0.15000,0.000000,0.000000
a45_mu000,0.16005,0.000000,0.000000
a45_mu000,0.17004,0.000000,0.000000
a45_mu000,0.18003,0.000000,0.000000
a45_mu000,0.19003,0.000000,0.000000
a45_mu000,0.20002,0.000000,0.000000
a45_mu000,0.21001,0.000000,0.000000
a45_mu000,0.22001,0.000000,0.000000
a45_mu000,0.23005,0.000000,0.000000
a45_mu000,0.24004,0.000000,0.000000
a45_mu000,0.25004,0.000000,0.000000
a45_mu000,0.26003,0.000000,0.000000
a45_mu000,0.27002,0.000000,0.000000
a45_mu000,0.28002,0.000000,0.000000
a45_mu000,0.29001,0.000000,0.000000
a45_mu000,0.30000,0.000000,0.000000
a45_mu000,0.31005,0.000000,0.000000
a45_mu000,0.32004,0.000000,0.000000
a45_mu000,0.33003,0.000000,0.000000
a45_mu000,0.34003,0.000000,0.000000
a45_mu000,0.35002,0.000000,0.000000
a45_mu000,0.36001,0.000000,0.000000
a45_mu000,0.37001,0.000000,0.000000
a45_mu000,0.38005,0.000000,0.000000
a45_mu000,0.39004,0.000000,0.000000
a45_mu000,0.40004,0.000000,0.000000
a45_mu000,0.41003,0.000000,0.000000
a45_mu000,0.42002,0.000000,0.000000
a45_mu000,0.43002,0.000000,0.000000
a45_mu000,0.44001,0.000000,0.000000
a45_mu000,0.45000,0.000000,0.000000
a45_mu000,0.46005,0.000000,0.000000
a45_mu000,0.47004,0.000000,0.000000
a45_mu000,0.48003,0.000000,0.000000
a45_mu000,0.49003,0.000000,0.000000
a45_mu000,0.50002,0.000000,0.000000
a45_mu000,0.51001,0.000000,0.000000
a45_mu000,0.52001,0.000000,0.000000
a45_mu000,0.53005,0.000000,0.000000
a45_mu000,0.54004,0.000000,0.000000
a45_mu000,0.55004,0.000000,0.000000
a45_mu000,0.56003,0.000000,0.000000
a45_mu000,0.57002,0.000000,0.000000
a45_mu000,0.58002,0.000000,0.000000
a45_mu000,0.59001,0.000000,0.000000
a45_mu000,0.60000,0.000000,0.000000
a45_mu000,0.61005,0.000000,0.000000
a45_mu000,0.62004,0.000000,0.000000
a45_mu000,0.63004,0.000000,0.000000
a45_mu000,0.64003,0.015690,0.034780
a45_mu000,0.65002,0.072879,0.010959
a45_mu000,0.66001,0.041301,0.053477
a45_mu000,0.67001,0.048509,0.014631
a45_mu000,0.68005,0.007777,0.037310
a45_mu000,0.69004,0.056115,0.020552
a45_mu000,0.70004,0.072807,0.022875
a45_mu000,0.71003,0.045740,0.004581
a45_mu000,0.72002,0.111080,0.043066
a45_mu000,0.73001,0.042909,0.027716
a45_mu000,0.74000,0.078661,0.016178
a45_mu000,0.75005,0.030346,0.019136
a45_mu000,0.76004,0.021108,0.053935
a45_mu000,0.77003,0.002440,0.049564
a45_mu000,0.78002,0.005445,0.069017
a45_mu000,0.79002,0.166930,0.030324
a45_mu000,0.80001,0.043444,0.081081
a45_mu000,0.81005,0.153610,0.084241
a45_mu000,0.82004,0.061878,0.128190
a45_mu000,0.83003,0.137610,0.054224
a45_mu000,0.84003,0.208390,0.107380
a45_mu000,0.85002,0.101810,0.094706
a45_mu000,0.86001,0.200240,0.170620
a45_mu000,0.87005,0.123020,0.080241
a45_mu000,0.88004,0.252470,0.144110
a45_mu000,0.89003,0.175200,0.098147
a45_mu000,0.90002,0.215120,0.202640
a45_mu000,0.91001,0.157970,0.111740
a45_mu000,0.92000,0.333160,0.173920
a45_mu000,0.93005,0.147940,0.116660
a45_mu000,0.94003,0.316260,0.225600
a45_mu000,0.95002,0.141970,0.158110
a45_mu000,0.96001,0.348740,0.198860
a45_mu000,0.97000,0.254300,0.142360
a45_mu000,0.98004,0.263730,0.229570
a45_mu000,0.99003,0.247100,0.214800
a45_mu000,1.00002,0.297230,0.224080
a45_mu000,1.01001,0.302140,0.190870
a45_mu000,1.02005,0.318280,0.213380
a45_mu000,1.03004,0.263220,0.256570
a45_mu000,1.04003,0.288040,0.239530
a45_mu000,1.05002,0.362230,0.248720
a45_mu000,1.06001,0.262860,0.208350
a45_mu000,1.07005,0.406370,0.289270
a45_mu000,1.08003,0.209540,0.256700
a45_mu000,1.09002,0.403860,0.302440
a45_mu000,1.10001,0.284530,0.217170
a45_mu000,1.11005,0.398940,0.315290
a45_mu000,1.12003,0.293280,0.274410
a45_mu000,1.13002,0.367450,0.348290
a45_mu000,1.14001,0.294170,0.252080
a45_mu000,1.15005,0.438630,0.323120
a45_mu000,1.16003,0.285400,0.297530
a45_mu000,1.17002,0.391970,0.369870
a45_mu000,1.18001,0.336790,0.305340
a45_mu000,1.19004,0.379970,0.334080
a45_mu000,1.20003,0.414360,0.327550
a45_mu000,1.21001,0.289970,0.381150
a45_mu000,1.22005,0.437300,0.359310
a45_mu000,1.23004,0.355320,0.347690
a45_mu000,1.24002,0.439670,0.362010
a45_mu000,1.25001,0.323570,0.399660
a45_mu000,1.26004,0.431180,0.412580
a45_mu000,1.27003,0.359820,0.379010
a45_mu000,1.28001,0.520070,0.382780
a45_mu000,1.29004,0.289250,0.418690
a45_mu000,1.30003,0.487390,0.448380
a45_mu000,1.31001,0.355140,0.440860
a45_mu000,1.32004,0.513740,0.403680
a45_mu000,1.33003,0.415660,0.448320
a45_mu000,1.34001,0.410210,0.459230
a45_mu000,1.35004,0.453430,0.512310
a45_mu000,1.36003,0.468030,0.425350
a45_mu000,1.37001,0.482350,0.499230
a45_mu000,1.38004,0.456400,0.461480
a45_mu000,1.39002,0.474770,0.583150
a45_mu000,1.40000,0.450810,0.456950
a45_mu000,1.41003,0.580240,0.549480
a45_mu000,1.42001,0.425800,0.468840
a45_mu000,1.43004,0.599580,0.632480
a45_mu000,1.44003,0.417770,0.512130
a45_mu000,1.45000,0.608390,0.602530
a45_mu000,1.46004,0.518010,0.494020
a45_mu000,1.47001,0.570560,0.654720
a45_mu000,1.48005,0.541130,0.572540
a45_mu000,1.49002,0.579080,0.643650
a45_mu000,1.50000,0.592410,0.550010
a45_mu000,1.51003,0.500550,0.664660
a45_mu000,1.52001,0.577030,0.615420
a45_mu000,1.53004,0.611940,0.679040
a45_mu000,1.54002,0.645570,0.600680
a45_mu000,1.55004,0.622440,0.724890
a45_mu000,1.56002,0.738790,0.686780
a45_mu000,1.57005,0.640670,0.768920
a45_mu000,1.58002,0.846330,0.662190
a45_mu000,1.59005,0.740680,0.766730
a45_mu000,1.60003,0.802260,0.755480
a45_mu000,1.61005,0.833340,0.849860
a45_mu000,1.62003,0.867400,0.739790
a45_mu000,1.63000,0.924690,0.823950
a45_mu000,1.64003,0.950920,0.783540
a45_mu000,1.65000,0.839770,0.922300
a45_mu000,1.66003,0.988670,0.818200
a45_mu000,1.67005,0.957200,0.890030
a45_mu000,1.68003,0.985860,0.810950
a45_mu000,1.69005,0.977900,0.962700
a45_mu000,1.70002,0.893430,0.874310
a45_mu000,1.71005,1.040600,0.947320
a45_mu000,1.72002,0.982310,0.829200
a45_mu000,1.73004,0.965350,0.992510
a45_mu000,1.74001,0.959240,0.905880
a45_mu000,1.75003,0.932770,0.999360
a45_mu000,1.76000,0.953430,0.857300
a45_mu000,1.77003,0.991230,0.998160
a45_mu000,1.78005,0.891260,0.930070
a45_mu000,1.79002,0.987050,1.032800
a45_mu000,1.80004,0.893060,0.912830
a45_mu000,1.81001,0.945210,1.014100
a45_mu000,1.82003,0.964160,0.953750
a45_mu000,1.83005,0.904550,1.065900
a45_mu000,1.84002,0.962710,0.979770
a45_mu000,1.85004,0.941140,1.044400
a45_mu000,1.86000,0.962230,1.012200
a45_mu000,1.87002,1.001200,1.105000
a45_mu000,1.88004,0.962930,1.047400
a45_mu000,1.89001,0.997590,1.084900
a45_mu000,1.90002,1.086600,1.066600
a45_mu000,1.91004,0.987870,1.146300
a45_mu000,1.92001,1.131500,1.135200
a45_mu000,1.93003,1.052700,1.154800
a45_mu000,1.94004,1.184800,1.137100
a45_mu000,1.95001,1.165300,1.189500
a45_mu000,1.96002,1.145700,1.210600
a45_mu000,1.97004,1.211100,1.241500
a45_mu000,1.98000,1.297500,1.215700
a45_mu000,1.99001,1.261300,1.254600
a45_mu000,2.00003,1.326000,1.273600
a45_mu000,2.01004,1.267500,1.332500
a45_mu000,2.02000,1.203600,1.295800
a45_mu000,2.03002,1.449400,1.286700
a45_mu000,2.04003,1.369800,1.322200
a45_mu000,2.05004,1.390100,1.370100
a45_mu000,2.06005,1.451700,1.428900
a45_mu000,2.07001,1.465900,1.371500
a45_mu000,2.08002,1.681400,1.396300
a45_mu000,2.09003,1.524400,1.381800
a45_mu000,2.10004,1.541400,1.545000
a45_mu000,2.11000,1.559300,1.453800
a45_mu000,2.12001,1.629700,1.488100
a45_mu000,2.13002,1.545700,1.363300
a45_mu000,2.14003,1.597800,1.569200
a45_mu000,2.15004,1.355300,1.483700
a45_mu000,2.16005,1.634200,1.574900
a45_mu000,2.17001,1.410300,1.366600
a45_mu000,2.18001,1.497400,1.555900
a45_mu000,2.19002,1.378800,1.471900
a45_mu000,2.20003,1.394900,1.607100
a45_mu000,2.21004,1.390500,1.411000
a45_mu000,2.22004,1.461400,1.555800
a45_mu000,2.23005,1.351500,1.497100
a45_mu000,2.24005,1.483400,1.664800
a45_mu000,2.25001,1.411300,1.482700
a45_mu000,2.26001,1.483500,1.580600
a45_mu000,2.27002,1.611200,1.547600
a45_mu000,2.28002,1.490500,1.732300
a45_mu000,2.29003,1.683100,1.641200
a45_mu000,2.30003,1.626200,1.698700
a45_mu000,2.31003,1.794300,1.642100
a45_mu000,2.32003,1.770200,1.798200
a45_mu000,2.33004,1.856800,1.768900
a45_mu000,2.34004,1.794300,1.802900
a45_mu000,2.35004,2.036300,1.743000
a45_mu000,2.36004,1.814200,1.872100
a45_mu000,2.37004,2.069200,1.849300
a45_mu000,2.38005,1.891100,1.898200
a45_mu000,2.39005,2.068600,1.787600
a45_mu000,2.40005,1.979200,1.907200
a45_mu000,2.41005,1.963300,1.876800
a45_mu000,2.42005,1.950000,1.967900
a45_mu000,2.43005,2.002800,1.822500
a45_mu000,2.44005,1.907000,1.920200
a45_mu000,2.45004,1.929400,1.831400
a45_mu000,2.46004,1.604100,2.017200
a45_mu000,2.47004,1.830000,1.791000
a45_mu000,2.48003,1.969700,1.958000
a45_mu000,2.49003,1.638900,1.762800
a45_mu000,2.50002,1.960400,2.142500
a45_mu000,2.51002,1.780700,1.887400
a45_mu000,2.52001,2.101500,2.085600
a45_mu000,2.53001,2.035900,1.816700
a45_mu000,2.54000,2.137100,2.246500
a45_mu000,2.55005,1.969400,1.994600
a45_mu000,2.56004,2.369300,2.304300
a45_mu000,2.57004,1.964200,1.884100
a45_mu000,2.58003,2.560500,2.242000
a45_mu000,2.59002,1.992800,2.030100
a45_mu000,2.60001,2.274400,2.381900
a45_mu000,2.61001,2.145800,2.005000
a45_mu000,2.62005,2.323700,2.244600
a45_mu000,2.63004,2.117500,1.999200
a45_mu000,2.64003,2.211000,2.339100
a45_mu000,2.65002,1.857000,2.094500
a45_mu000,2.66001,2.342300,2.224500
a45_mu000,2.67000,2.095100,2.068000
a45_mu000,2.68005,2.041000,2.277400
a45_mu000,2.69003,2.131800,2.188800
a45_mu000,2.70003,1.973800,2.241600
a45_mu000,2.71002,2.353000,2.130000
a45_mu000,2.72001,2.152600,2.220800
a45_mu000,2.73005,2.219900,2.321800
a45_mu000,2.74003,2.208300,2.339800
a45_mu000,2.75002,2.463200,2.334700
a45_mu000,2.76001,2.240600,2.235800
a45_mu000,2.77005,2.709600,2.403400
a45_mu000,2.78004,2.151800,2.403700
a45_mu000,2.79002,2.710000,2.508900
a45_mu000,2.80001,2.377400,2.326500
a45_mu000,2.81005,2.690400,2.452800
a45_mu000,2.82003,2.490000,2.416700
a45_mu000,2.83002,2.544800,2.553100
a45_mu000,2.84001,2.360100,2.417300
a45_mu000,2.85005,2.703000,2.449100
a45_mu000,2.86003,2.377600,2.434000
a45_mu000,2.87001,2.501300,2.546200
a45_mu000,2.88005,2.374200,2.510300
a45_mu000,2.89004,2.328700,2.419900
a45_mu000,2.90002,2.631300,2.427000
a45_mu000,2.91005,2.467600,2.616300
a45_mu000,2.92003,2.568900,2.595300
a45_mu000,2.93001,2.736600,2.622900
a45_mu000,2.94004,2.513500,2.535800
a45_mu000,2.95002,2.673300,2.601100
a45_mu000,2.96005,2.875900,2.651200
a45_mu000,2.97003,2.415000,2.639000
a45_mu000,2.98001,2.918700,2.617200
a45_mu000,2.99004,2.326700,2.570000
a45_mu000,3.00001,2.850500,2.640600
a45_mu000,3.01004,2.542500,2.656900
a45_mu000,3.02002,2.639000,2.668900
a45_mu000,3.03005,2.421500,2.574900
a45_mu000,3.04002,2.960500,2.691900
a45_mu000,3.05005,2.293500,2.734200
a45_mu000,3.06003,3.034100,2.722200
a45_mu000,3.07000,2.326900,2.675200
a45_mu000,3.08003,2.940000,2.732900
a45_mu000,3.09000,2.708200,2.813700
a45_mu000,3.10003,2.853200,2.804500
a45_mu000,3.11001,2.777800,2.811500
a45_mu000,3.12003,3.043500,2.717200
a45_mu000,3.13001,2.631700,2.885200
a45_mu000,3.14003,3.096600,2.768900
a45_mu000,3.15001,2.782500,2.953600
a45_mu000,3.16003,2.900400,2.712400
a45_mu000,3.17001,2.970500,2.991900
a45_mu000,3.18003,2.626400,2.745600
a45_mu000,3.19000,3.055600,3.052700
a45_mu000,3.20003,2.753900,2.630600
a45_mu000,3.21000,2.793600,3.037200
a45_mu000,3.22003,2.741300,2.688200
a45_mu000,3.23005,2.924500,3.138500
a45_mu000,3.24002,2.650000,2.663200
a45_mu000,3.25004,3.176300,3.119500
a45_mu000,3.26002,2.493000,2.664300
a45_mu000,3.27003,3.233400,3.206000
a45_mu000,3.28001,2.749700,2.719600
a45_mu000,3.29002,3.072200,3.210700
a45_mu000,3.30005,2.984000,2.763900
a45_mu000,3.31002,3.147500,3.238600
a45_mu000,3.32004,2.932500,2.829300
a45_mu000,3.33001,3.318900,3.233400
a45_mu000,3.34003,2.932200,2.902900
a45_mu000,3.35005,3.309800,3.230600
a45_mu000,3.36002,3.069400,2.967000
a45_mu000,3.37004,2.919000,3.193100
a45_mu000,3.38000,3.310800,3.002400
a45_mu000,3.39002,2.944100,3.140800
a45_mu000,3.40005,3.201200,3.008300
a45_mu000,3.41001,2.914700,3.107900
a45_mu000,3.42003,3.389500,3.317400
a45_mu000,3.43005,3.036900,2.980600
a45_mu000,3.44001,3.404500,3.180400
a45_mu000,3.45003,2.605200,2.947400
a45_mu000,3.46004,3.432200,3.296400
a45_mu000,3.47001,2.453500,2.943100
a45_mu000,3.48002,3.479000,3.199800
a45_mu000,3.49004,2.690500,2.873400
a45_mu000,3.50000,3.167000,3.331500
a45_mu000,3.51002,2.984300,3.105000
a45_mu000,3.52003,3.428200,3.333100
a45_mu000,3.53000,3.027700,3.057700
a45_mu000,3.54001,3.735200,3.360000
a45_mu000,3.55003,3.048000,3.224800
a45_mu000,3.56004,3.637300,3.409000
a45_mu000,3.57001,3.401600,3.185400
a45_mu000,3.58002,3.370800,3.298700
a45_mu000,3.59004,3.481000,3.278700
a45_mu000,3.60000,3.157400,3.367800
a45_mu000,3.61002,3.208100,3.312000
a45_mu000,3.62004,3.306200,3.173800
a45_mu000,3.63005,3.158800,3.244300
a45_mu000,3.64002,2.913400,3.220800
a45_mu000,3.65003,3.306700,3.418900
a45_mu000,3.66005,2.757600,3.133800
a45_mu000,3.67000,3.667300,3.333000
a45_mu000,3.68002,2.847500,3.165600
a45_mu000,3.69003,3.514400,3.536600
a45_mu000,3.70005,3.187500,3.263300
a45_mu000,3.71001,3.739400,3.515700
a45_mu000,3.72002,3.260100,3.242000
a45_mu000,3.73003,3.958200,3.586900
a45_mu000,3.74005,3.065000,3.360600
a45_mu000,3.75000,4.061300,3.574600
a45_mu000,3.76002,3.225900,3.280800
a45_mu000,3.77003,3.743700,3.502100
a45_mu000,3.78004,3.282200,3.398900
a45_mu000,3.79005,3.398300,3.525800
a45_mu000,3.80002,3.149300,3.350200
a45_mu000,3.81003,3.545300,3.320600
a45_mu000,3.82004,3.005300,3.375300
a45_mu000,3.83000,3.357100,3.352400
a45_mu000,3.84001,3.152500,3.515900
a45_mu000,3.85002,3.240600,3.256900
a45_mu000,3.86003,3.664900,3.510600
a45_mu000,3.87004,3.121500,3.277600
a45_mu000,3.88004,3.680300,3.730000
a45_mu000,3.89001,3.458700,3.313500
a45_mu000,3.90001,3.860300,3.709400
a45_mu000,3.91003,3.524500,3.269700
a45_mu000,3.92004,3.922900,3.846500
a45_mu000,3.93000,3.228100,3.374400
a45_mu000,3.94000,4.175100,3.822300
a45_mu000,3.95003,3.155400,3.220300
a45_mu000,3.96002,3.931800,3.788200
a45_mu000,3.97004,3.168300,3.324700
a45_mu000,3.98004,3.597300,3.797700
a45_mu000,3.99001,3.207000,3.213400
a45_mu000,4.00002,3.625400,3.616000
a45_mu000,4.01004,3.007000,3.306400
a45_mu000,4.02004,3.628200,3.705300
a45_mu000,4.03001,3.117200,3.414000
a45_mu000,4.04001,3.664200,3.574800
a45_mu000,4.05002,3.622100,3.447400
a45_mu000,4.06003,3.389300,3.663600
a45_mu000,4.07004,3.797800,3.675000
a45_mu000,4.08005,3.597600,3.605200
a45_mu000,4.09001,3.949900,3.643300
a45_mu000,4.10001,3.688900,3.592600
a45_mu000,4.11002,3.881300,3.835000
a45_mu000,4.12004,3.478500,3.570900
a45_mu000,4.13004,4.201800,3.731400
a45_mu000,4.14000,3.177600,3.425000
a45_mu000,4.15000,4.028800,3.776500
a45_mu000,4.16001,3.081500,3.467600
a45_mu000,4.17001,3.771800,3.735300
a45_mu000,4.18003,3.252300,3.342900
a45_mu000,4.19003,3.675400,3.650800
a45_mu000,4.20004,3.092000,3.451300
a45_mu000,4.21005,3.766800,3.724000
a45_mu000,4.22001,3.125000,3.503200
a45_mu000,4.23001,3.911900,3.633600
a45_mu000,4.24002,3.513900,3.587300
a45_mu000,4.25002,3.634500,3.724900
a45_mu000,4.26003,3.856100,3.734100
a45_mu000,4.27003,3.730200,3.654600
a45_mu000,4.28004,4.034100,3.740900
a45_mu000,4.29000,3.745600,3.648900
a45_mu000,4.30000,3.849500,3.890000
a45_mu000,4.31002,3.658100,3.614300
a45_mu000,4.32003,4.134400,3.791500
a45_mu000,4.33004,3.272100,3.464500
a45_mu000,4.34004,4.539200,4.065000
a45_mu000,4.35005,3.009700,3.378200
a45_mu000,4.36004,4.167500,4.029500
a45_mu000,4.37005,3.155400,3.335400
a45_mu000,4.38005,3.670100,3.936200
a45_mu000,4.39000,2.834300,3.295600
a45_mu000,4.40005,3.919800,3.863200
a45_mu000,4.41001,2.803500,3.308400
a45_mu000,4.42000,4.167400,3.862300
a45_mu000,4.43001,3.098500,3.472400
a45_mu000,4.44001,4.062500,3.943700
a45_mu000,4.45001,3.755100,3.572200
a45_mu000,4.46001,4.107200,3.877200
a45_mu000,4.47002,3.872300,3.678000
a45_mu000,4.48001,4.239300,3.905400
a45_mu000,4.49002,3.643000,3.769200
a45_mu000,4.50002,4.154600,3.745800
a45_mu000,4.51003,3.754400,3.682600
a45_mu000,4.52004,3.441400,3.591100
a45_mu000,4.53004,3.794400,3.777500
a45_mu000,4.54005,3.054900,3.526100
a45_mu000,4.55004,3.734800,3.743700
a45_mu000,4.56005,3.233700,3.399400
a45_mu000,4.57005,3.529500,3.879400
a45_mu000,4.58000,3.270500,3.461700
a45_mu000,4.59000,4.069200,3.925400
a45_mu000,4.60001,3.295600,3.385400
a45_mu000,4.61001,4.540600,4.083500
a45_mu000,4.62002,3.299100,3.580800
a45_mu000,4.63002,4.557600,4.185600
a45_mu000,4.64003,3.695300,3.435200
a45_mu000,4.65003,4.331700,4.116500
a45_mu000,4.66004,3.486700,3.480400
a45_mu000,4.67004,4.212100,4.175200
a45_mu000,4.68005,3.031400,3.374900
a45_mu000,4.69004,4.235300,3.964800
a45_mu000,4.70001,2.882900,3.298700
a45_mu000,4.71001,3.768700,3.983900
a45_mu000,4.72002,3.100800,3.354800
a45_mu000,4.73002,3.635500,3.900400
a45_mu000,4.74003,3.442400,3.388500
a45_mu000,4.75003,3.933900,3.972200
a45_mu000,4.76004,3.397700,3.575300
a45_mu000,4.77003,4.257400,3.943400
a45_mu000,4.78004,3.821600,3.619300
a45_mu000,4.79004,4.153700,3.944000
a45_mu000,4.80004,4.129800,3.769000
a45_mu000,4.81004,3.728300,3.926700
a45_mu000,4.82005,4.143100,3.765600
a45_mu000,4.83001,3.761200,3.717100
a45_mu000,4.84001,3.684400,3.707100
a45_mu000,4.85002,3.448400,3.613500
a45_mu000,4.86002,3.598500,3.752800
a45_mu000,4.87003,3.092100,3.517500
a45_mu000,4.88003,3.934800,3.737000
a45_mu000,4.89004,2.902100,3.442500
a45_mu000,4.90003,4.019000,3.849800
a45_mu000,4.91004,3.271300,3.511900
a45_mu000,4.92005,4.144500,3.934700
a45_mu000,4.93001,3.661200,3.529400
a45_mu000,4.94001,4.382000,4.061500
a45_mu000,4.95003,3.459800,3.627300
a45_mu000,4.96003,4.696000,4.100300
a45_mu000,4.97004,3.415300,3.552200
a45_mu000,4.98004,4.497200,4.012700
a45_mu000,4.99005,3.328100,3.551000
a45_mu000,5.00004,3.923000,4.017200
a45_mu000,5.01001,3.302200,3.472100
a45_mu000,5.02001,3.836700,3.800700
a45_mu000,5.03002,2.948000,3.404200
a45_mu000,5.04002,3.864400,3.833400
a45_mu000,5.05003,3.039500,3.552800
a45_mu000,5.06003,3.910200,3.777800
a45_mu000,5.07004,3.564500,3.573200
a45_mu000,5.08004,3.750200,3.835800
a45_mu000,5.09004,3.946500,3.792600
a45_mu000,5.10004,3.995000,3.853200
a45_mu000,5.11005,4.024100,3.812000
a45_mu000,5.12000,4.174500,3.792400
a45_mu000,5.13001,3.962500,3.930400
a45_mu000,5.14003,3.763300,3.762100
a45_mu000,5.15003,4.129500,3.845300
a45_mu000,5.16005,3.262200,3.530700
a45_mu000,5.17004,4.025200,3.820000
a45_mu000,5.18000,3.034600,3.515000
a45_mu000,5.19000,3.711600,3.829100
a45_mu000,5.20001,3.183500,3.375700
a45_mu000,5.21001,3.844500,3.806900
a45_mu000,5.22003,3.037900,3.444000
a45_mu000,5.23003,4.246800,3.941900
a45_mu000,5.24005,3.114600,3.526800
a45_mu000,5.25004,4.607800,4.000900
a45_mu000,5.26001,3.454600,3.592600
a45_mu000,5.27001,4.444000,4.065500
a45_mu000,5.28002,3.693500,3.648300
a45_mu000,5.29001,4.413500,4.012200
a45_mu000,5.30003,3.462700,3.605600
a45_mu000,5.31002,4.340900,3.925400
a45_mu000,5.32004,3.093400,3.603100
a45_mu000,5.33004,4.033400,3.818900
a45_mu000,5.34005,3.178400,3.554100
a45_mu000,5.35000,3.587700,3.665400
a45_mu000,5.36002,3.349500,3.558900
a45_mu000,5.37002,3.489700,3.671100
a45_mu000,5.38003,3.423100,3.724200
a45_mu000,5.39003,3.853300,3.661200
a45_mu000,5.40004,3.674400,3.798500
a45_mu000,5.41004,3.901000,3.683600
a45_mu000,5.42004,4.140800,4.003100
a45_mu000,5.43005,3.765200,3.715000
a45_mu000,5.44000,4.468500,4.013000
a45_mu000,5.45002,3.610000,3.587700
a45_mu000,5.46003,4.201800,4.041400
a45_mu000,5.47005,3.552900,3.534400
a45_mu000,5.48005,3.978200,3.987200
a45_mu000,5.49001,3.195600,3.328200
a45_mu020,0.00000,0.000000,0.000000
a45_mu020,0.01005,0.000000,0.000000
a45_mu020,0.02004,0.000000,0.000000
a45_mu020,0.03003,0.000000,0.000000
a45_mu020,0.04002,0.000000,0.000000
a45_mu020,0.05002,0.000000,0.000000
a45_mu020,0.06001,0.000000,0.000000
a45_mu020,0.07000,0.000000,0.000000
a45_mu020,0.08005,0.000000,0.000000
a45_mu020,0.09004,0.000000,0.000000
a45_mu020,0.10004,0.000000,0.000000
a45_mu020,0.11003,0.000000,0.000000
a45_mu020,0.12002,0.000000,0.000000
a45_mu020,0.13002,0.000000,0.000000
a45_mu020,0.14001,0.000000,0.000000
a45_mu020,0.15000,0.000000,0.000000
a45_mu020,0.16005,0.000000,0.000000
a45_mu020,0.17004,0.000000,0.000000
a45_mu020,0.18003,0.000000,0.000000
a45_mu020,0.19003,0.000000,0.000000
a45_mu020,0.20002,0.000000,0.000000
a45_mu020,0.21001,0.000000,0.000000
a45_mu020,0.22001,0.000000,0.000000
a45_mu020,0.23005,0.000000,0.000000
a45_mu020,0.24004,0.000000,0.000000
a45_mu020,0.25004,0.000000,0.000000
a45_mu020,0.26003,0.000000,0.000000
a45_mu020,0.27002,0.000000,0.000000
a45_mu020,0.28002,0.000000,0.000000
a45_mu020,0.29001,0.000000,0.000000
a45_mu020,0.30000,0.000000,0.000000
a45_mu020,0.31005,0.000000,0.000000
a45_mu020,0.32004,0.000000,0.000000
a45_mu020,0.33003,0.000000,0.000000
a45_mu020,0.34003,0.000000,0.000000
a45_mu020,0.35002,0.000000,0.000000
a45_mu020,0.36001,0.000000,0.000000
a45_mu020,0.37001,0.000000,0.000000
a45_mu020,0.38005,0.000000,0.000000
a45_mu020,0.39004,0.000000,0.000000
a45_mu020,0.40004,0.000000,0.000000
a45_mu020,0.41003,0.000000,0.000000
a45_mu020,0.42002,0.000000,0.000000
a45_mu020,0.43002,0.000000,0.000000
a45_mu020,0.44001,0.000000,0.000000
a45_mu020,0.45000,0.000000,0.000000
a45_mu020,0.46005,0.000000,0.000000
a45_mu020,0.47004,0.000000,0.000000
a45_mu020,0.48003,0.000000,0.000000
a45_mu020,0.49003,0.000000,0.000000
a45_mu020,0.50002,0.000000,0.000000
a45_mu020,0.51001,0.000000,0.000000
a45_mu020,0.52001,0.000000,0.000000
a45_mu020,0.53005,0.000000,0.000000
a45_mu020,0.54004,0.000000,0.000000
a45_mu020,0.55004,0.000000,0.000000
a45_mu020,0.56003,0.000000,0.000000
a45_mu020,0.57002,0.000000,0.000000
a45_mu020,0.58002,0.000000,0.000000
a45_mu020,0.59001,0.000000,0.000000
a45_mu020,0.60000,0.000000,0.000000
a45_mu020,0.61005,0.000000,0.000000
a45_mu020,0.62004,0.000000,0.000000
a45_mu020,0.63004,0.000000,0.000000
a45_mu020,0.64003,0.066345,0.021953
a45_mu020,0.65002,0.077592,0.002837
a45_mu020,0.66001,0.101330,0.060538
a45_mu020,0.67001,0.020831,0.011527
a45_mu020,0.68005,0.080795,0.005498
a45_mu020,0.69004,0.171070,0.041617
a45_mu020,0.70004,0.026456,0.014569
a45_mu020,0.71003,0.092712,0.060591
a45_mu020,0.72002,0.198390,0.014487
a45_mu020,0.73001,0.101200,0.025852
a45_mu020,0.74000,0.112740,0.000636
a45_mu020,0.75005,0.002843,0.028546
a45_mu020,0.76004,0.002844,0.056566
a45_mu020,0.77003,0.137560,0.058955
a45_mu020,0.78003,0.263510,0.087527
a45_mu020,0.79002,0.214990,0.059635
a45_mu020,0.80001,0.449640,0.104550
a45_mu020,0.81000,0.227940,0.084688
a45_mu020,0.82004,0.430620,0.130520
a45_mu020,0.83004,0.300280,0.091974
a45_mu020,0.84003,0.371790,0.125220
a45_mu020,0.85002,0.318040,0.098030
a45_mu020,0.86001,0.283560,0.127190
a45_mu020,0.87005,0.184100,0.102390
a45_mu020,0.88004,0.263540,0.129970
a45_mu020,0.89003,0.043211,0.105150
a45_mu020,0.90002,0.188930,0.119060
a45_mu020,0.91002,0.016645,0.102850
a45_mu020,0.92000,0.044130,0.114380
a45_mu020,0.93005,0.037861,0.122150
a45_mu020,0.94004,0.072095,0.121440
a45_mu020,0.95003,0.095506,0.131220
a45_mu020,0.96002,0.029032,0.120320
a45_mu020,0.97001,0.089614,0.154460
a45_mu020,0.98005,0.093545,0.157560
a45_mu020,0.99004,0.134840,0.194940
a45_mu020,1.00003,0.239300,0.162110
a45_mu020,1.01002,0.373160,0.203520
a45_mu020,1.02000,0.252010,0.194970
a45_mu020,1.03005,0.499560,0.252100
a45_mu020,1.04003,0.336300,0.220900
a45_mu020,1.05002,0.628950,0.257410
a45_mu020,1.06001,0.509030,0.228820
a45_mu020,1.07005,0.591900,0.286290
a45_mu020,1.08004,0.567890,0.266350
a45_mu020,1.09003,0.601740,0.295900
a45_mu020,1.10001,0.557790,0.262000
a45_mu020,1.11000,0.649290,0.296010
a45_mu020,1.12004,0.461180,0.281780
a45_mu020,1.13003,0.595050,0.308490
a45_mu020,1.14002,0.406380,0.288400
a45_mu020,1.15000,0.459120,0.302830
a45_mu020,1.16004,0.440920,0.302620
a45_mu020,1.17003,0.342340,0.304340
a45_mu020,1.18001,0.407870,0.307600
a45_mu020,1.19005,0.291490,0.311650
a45_mu020,1.20004,0.338040,0.330240
a45_mu020,1.21002,0.358540,0.320670
a45_mu020,1.22001,0.354400,0.340190
a45_mu020,1.23005,0.386680,0.331560
a45_mu020,1.24003,0.433440,0.380020
a45_mu020,1.25002,0.365750,0.370350
a45_mu020,1.26005,0.614270,0.402700
a45_mu020,1.27004,0.479970,0.374000
a45_mu020,1.28002,0.725380,0.432890
a45_mu020,1.29000,0.592130,0.427780
a45_mu020,1.30004,0.746190,0.478210
a45_mu020,1.31002,0.788140,0.440780
a45_mu020,1.32001,0.890730,0.483550
a45_mu020,1.33004,0.834340,0.475520
a45_mu020,1.34002,0.952950,0.535170
a45_mu020,1.35001,0.818480,0.501810
a45_mu020,1.36004,1.071300,0.532030
a45_mu020,1.37002,0.879190,0.508420
a45_mu020,1.38001,0.997090,0.557340
a45_mu020,1.39004,0.899850,0.544280
a45_mu020,1.40002,0.913620,0.564900
a45_mu020,1.41000,0.920780,0.544280
a45_mu020,1.42004,0.885950,0.573120
a45_mu020,1.43002,0.830840,0.569020
a45_mu020,1.44005,0.881280,0.584070
a45_mu020,1.45003,0.749610,0.577610
a45_mu020,1.46001,0.834460,0.590640
a45_mu020,1.47004,0.778140,0.599700
a45_mu020,1.48002,0.781190,0.601270
a45_mu020,1.49000,0.847170,0.613040
a45_mu020,1.50003,0.708370,0.620690
a45_mu020,1.51001,0.864990,0.628020
a45_mu020,1.52004,1.108400,0.685460
a45_mu020,1.53002,0.930690,0.629570
a45_mu020,1.54004,1.207500,0.743540
a45_mu020,1.55002,0.954090,0.691510
a45_mu020,1.56005,1.244300,0.769330
a45_mu020,1.57002,1.269600,0.687980
a45_mu020,1.58005,1.234300,0.778310
a45_mu020,1.59002,1.232600,0.759690
a45_mu020,1.60005,1.171400,0.847640
a45_mu020,1.61002,1.220500,0.754960
a45_mu020,1.62005,1.357400,0.788970
a45_mu020,1.63002,1.179700,0.773570
a45_mu020,1.64005,1.201100,0.851950
a45_mu020,1.65002,1.156200,0.837390
a45_mu020,1.66005,1.110800,0.828910
a45_mu020,1.67002,1.362100,0.814110
a45_mu020,1.68004,1.110600,0.848170
a45_mu020,1.69001,1.268600,0.889270
a45_mu020,1.70004,1.142400,0.889830
a45_mu020,1.71001,1.309600,0.905330
a45_mu020,1.72003,1.395600,0.873010
a45_mu020,1.73005,1.426200,0.933530
a45_mu020,1.74002,1.321900,0.942270
a45_mu020,1.75004,1.558600,0.985280
a45_mu020,1.76001,1.405400,0.937890
a45_mu020,1.77003,1.730100,1.006000
a45_mu020,1.78000,1.492700,0.980500
a45_mu020,1.79002,1.625100,1.055600
a45_mu020,1.80004,1.606100,1.001100
a45_mu020,1.81001,1.595400,1.060200
a45_mu020,1.82003,1.616900,1.022900
a45_mu020,1.83005,1.660600,1.089300
a45_mu020,1.84002,1.550800,1.033900
a45_mu020,1.85003,1.674200,1.098900
a45_mu020,1.86005,1.465100,1.070000
a45_mu020,1.87002,1.627800,1.129900
a45_mu020,1.88004,1.681200,1.086400
a45_mu020,1.89005,1.584000,1.122800
a45_mu020,1.90002,1.680800,1.128800
a45_mu020,1.91003,1.556900,1.190800
a45_mu020,1.92005,1.780500,1.169400
a45_mu020,1.93001,1.836400,1.176200
a45_mu020,1.94003,1.789200,1.185000
a45_mu020,1.95004,1.807700,1.249300
a45_mu020,1.96000,1.892900,1.283100
a45_mu020,1.97002,1.887000,1.255600
a45_mu020,1.98003,2.151000,1.243900
a45_mu020,1.99005,1.887800,1.269900
a45_mu020,2.00001,2.086700,1.349200
a45_mu020,2.01002,1.928700,1.328100
a45_mu020,2.02003,1.998800,1.332500
a45_mu020,2.03005,2.567100,1.411700
a45_mu020,2.04001,2.079200,1.301400
a45_mu020,2.05002,2.252100,1.414000
a45_mu020,2.06003,2.001600,1.388600
a45_mu020,2.07004,1.937400,1.377900
a45_mu020,2.08005,1.979500,1.312300
a45_mu020,2.09001,1.884500,1.372400
a45_mu020,2.10002,1.765800,1.414600
a45_mu020,2.11003,1.985600,1.423700
a45_mu020,2.12003,1.796400,1.404800
a45_mu020,2.13004,2.089900,1.397900
a45_mu020,2.14005,2.228800,1.507200
a45_mu020,2.15001,2.115100,1.485000
a45_mu020,2.16001,2.550300,1.539700
a45_mu020,2.17002,2.289100,1.514500
a45_mu020,2.18003,2.740000,1.612300
a45_mu020,2.19003,2.621000,1.558800
a45_mu020,2.20004,2.600200,1.647500
a45_mu020,2.21005,2.557800,1.563600
a45_mu020,2.22005,2.626700,1.681800
a45_mu020,2.23000,2.318100,1.577600
a45_mu020,2.24001,2.616600,1.676000
a45_mu020,2.25001,2.044300,1.555800
a45_mu020,2.26002,2.485800,1.671100
a45_mu020,2.27002,2.154100,1.584300
a45_mu020,2.28002,2.250100,1.707900
a45_mu020,2.29003,2.317400,1.614700
a45_mu020,2.30003,2.434900,1.723100
a45_mu020,2.31003,2.410100,1.684800
a45_mu020,2.32003,2.699900,1.784600
a45_mu020,2.33003,2.488400,1.719600
a45_mu020,2.34003,3.018400,1.823900
a45_mu020,2.35004,2.841000,1.788200
a45_mu020,2.36004,2.898400,1.850400
a45_mu020,2.37004,3.018000,1.853500
a45_mu020,2.38004,2.884900,1.875600
a45_mu020,2.39004,3.068400,1.861000
a45_mu020,2.40004,2.902900,1.859800
a45_mu020,2.41004,2.751000,1.873700
a45_mu020,2.42004,2.825900,1.877300
a45_mu020,2.43003,2.671300,1.899100
a45_mu020,2.44003,2.637900,1.836200
a45_mu020,2.45003,2.793200,1.891600
a45_mu020,2.46003,2.425700,1.873700
a45_mu020,2.47002,3.021100,2.064200
a45_mu020,2.48002,2.676200,1.786700
a45_mu020,2.49001,2.937200,1.933000
a45_mu020,2.50001,2.622700,1.877000
a45_mu020,2.51005,2.870200,2.098500
a45_mu020,2.52005,2.778600,1.957500
a45_mu020,2.53004,3.371000,2.018400
a45_mu020,2.54003,2.975300,1.985500
a45_mu020,2.55002,3.238600,2.146500
a45_mu020,2.56001,3.236900,2.163200
a45_mu020,2.57001,3.350000,2.105000
a45_mu020,2.58005,3.550700,2.086900
a45_mu020,2.59004,3.163700,2.105200
a45_mu020,2.60003,3.255200,2.291100
a45_mu020,2.61002,3.118700,2.122100
a45_mu020,2.62001,3.236800,2.137500
a45_mu020,2.63000,3.104400,2.002200
a45_mu020,2.64004,3.222900,2.283300
a45_mu020,2.65003,2.763000,2.149500
a45_mu020,2.66002,3.425700,2.273200
a45_mu020,2.67001,3.020600,2.027900
a45_mu020,2.68005,3.657300,2.312500
a45_mu020,2.69004,3.136700,2.220600
a45_mu020,2.70002,3.574000,2.440300
a45_mu020,2.71001,3.502200,2.175300
a45_mu020,2.72005,3.938500,2.369800
a45_mu020,2.73004,3.425300,2.269000
a45_mu020,2.74002,3.829500,2.506500
a45_mu020,2.75001,3.255800,2.279500
a45_mu020,2.76004,3.891800,2.365600
a45_mu020,2.77003,3.378300,2.256600
a45_mu020,2.78001,3.517900,2.456400
a45_mu020,2.79000,3.289900,2.342400
a45_mu020,2.80004,3.448100,2.388700
a45_mu020,2.81002,3.378200,2.284600
a45_mu020,2.82000,3.658100,2.419200
a45_mu020,2.83004,3.339500,2.444100
a45_mu020,2.84002,3.726200,2.477000
a45_mu020,2.85005,3.672200,2.424500
a45_mu020,2.86003,3.866000,2.451500
a45_mu020,2.87001,4.012200,2.551600
a45_mu020,2.88005,3.770700,2.538100
a45_mu020,2.89002,3.994900,2.593200
a45_mu020,2.90001,3.918100,2.500200
a45_mu020,2.91004,3.410100,2.594100
a45_mu020,2.92002,3.973800,2.555300
a45_mu020,2.93005,3.893800,2.592900
a45_mu020,2.94003,4.040100,2.486000
a45_mu020,2.95000,4.140900,2.708100
a45_mu020,2.96003,4.062400,2.642700
a45_mu020,2.97001,3.948900,2.707100
a45_mu020,2.98004,4.192200,2.553800
a45_mu020,2.99001,3.802700,2.671300
a45_mu020,3.00004,4.096200,2.613600
a45_mu020,3.01002,3.688300,2.754100
a45_mu020,3.02004,3.674300,2.584100
a45_mu020,3.03002,3.992300,2.641800
a45_mu020,3.04005,3.859300,2.595800
a45_mu020,3.05002,3.993800,2.750700
a45_mu020,3.06005,4.007200,2.722300
a45_mu020,3.07002,4.056900,2.772400
a45_mu020,3.08005,4.464800,2.711800
a45_mu020,3.09002,4.350600,2.822300
a45_mu020,3.10004,4.177000,2.805600
a45_mu020,3.11001,4.464100,2.812500
a45_mu020,3.12004,4.145400,2.823100
a45_mu020,3.13001,4.414400,2.773700
a45_mu020,3.14004,4.104500,2.807100
a45_mu020,3.15001,4.004500,2.805400
a45_mu020,3.16004,4.125500,2.830200
a45_mu020,3.17001,4.095100,2.748500
a45_mu020,3.18003,4.017400,2.832400
a45_mu020,3.19005,4.373200,2.804600
a45_mu020,3.20002,4.012100,2.949900
a45_mu020,3.21005,4.510100,2.855500
a45_mu020,3.22002,4.394600,2.911400
a45_mu020,3.23004,4.577500,2.848600
a45_mu020,3.24001,4.611700,3.029100
a45_mu020,3.25003,4.480600,2.953400
a45_mu020,3.26005,4.475800,3.015400
a45_mu020,3.27002,4.732600,2.866200
a45_mu020,3.28004,4.273700,2.991000
a45_mu020,3.29000,4.482900,2.963600
a45_mu020,3.30002,4.176400,3.025400
a45_mu020,3.31004,4.340900,2.868200
a45_mu020,3.32001,4.434700,2.972300
a45_mu020,3.33003,4.266200,2.984300
a45_mu020,3.34004,4.379200,3.080000
a45_mu020,3.35001,4.619000,2.992500
a45_mu020,3.36003,4.482800,3.024900
a45_mu020,3.37005,4.822100,3.070700
a45_mu020,3.38001,4.672300,3.168000
a45_mu020,3.39003,4.747200,3.140000
a45_mu020,3.40005,4.930100,3.078900
a45_mu020,3.41002,4.643200,3.093100
a45_mu020,3.42003,4.752800,3.138600
a45_mu020,3.43005,4.683800,3.276500
a45_mu020,3.44002,4.078800,2.967200
a45_mu020,3.45003,4.601800,2.958800
a45_mu020,3.46004,4.012400,2.965800
a45_mu020,3.47000,4.248200,3.199400
a45_mu020,3.48002,4.440600,3.112500
a45_mu020,3.49004,4.436300,3.088600
a45_mu020,3.50005,5.345200,3.078200
a45_mu020,3.51001,4.966700,3.243200
a45_mu020,3.52002,5.150800,3.415200
a45_mu020,3.53004,5.115700,3.293900
a45_mu020,3.54005,5.441000,3.208100
a45_mu020,3.55001,5.038000,3.172100
a45_mu020,3.56002,5.197400,3.335500
a45_mu020,3.57003,4.025600,3.235400
a45_mu020,3.58004,5.062700,3.223500
a45_mu020,3.59001,4.152700,2.991100
a45_mu020,3.60002,4.674200,3.228300
a45_mu020,3.61003,4.217200,3.213800
a45_mu020,3.62004,4.809800,3.329100
a45_mu020,3.63005,4.787600,3.129500
a45_mu020,3.64001,5.541700,3.323500
a45_mu020,3.65002,4.876200,3.271500
a45_mu020,3.66003,5.760300,3.542000
a45_mu020,3.67004,4.971600,3.412700
a45_mu020,3.68000,5.466700,3.376100
a45_mu020,3.69002,5.220000,3.228200
a45_mu020,3.70002,4.914200,3.429700
a45_mu020,3.71003,4.654800,3.315300
a45_mu020,3.72004,4.604300,3.272600
a45_mu020,3.73000,4.465100,3.133800
a45_mu020,3.74001,4.883400,3.250500
a45_mu020,3.75002,4.555100,3.352500
a45_mu020,3.76003,4.619000,3.433500
a45_mu020,3.77003,5.454600,3.343800
a45_mu020,3.78005,5.222100,3.331700
a45_mu020,3.79005,5.780400,3.473800
a45_mu020,3.80001,5.168400,3.547500
a45_mu020,3.81001,5.542300,3.589300
a45_mu020,3.82002,5.461700,3.383000
a45_mu020,3.83003,5.375100,3.415200
a45_mu020,3.84003,4.781300,3.427700
a45_mu020,3.85004,5.190200,3.562800
a45_mu020,3.86005,4.395100,3.316800
a45_mu020,3.87001,5.158700,3.345100
a45_mu020,3.88001,4.534000,3.250400
a45_mu020,3.89002,5.020500,3.535700
a45_mu020,3.90003,4.919400,3.421600
a45_mu020,3.91003,5.370700,3.498300
a45_mu020,3.92004,5.314000,3.333500
a45_mu020,3.93005,5.993800,3.593700
a45_mu020,3.94000,5.182900,3.568700
a45_mu020,3.95001,5.775500,3.693500
a45_mu020,3.96002,5.311600,3.411900
a45_mu020,3.97002,5.552900,3.521500
a45_mu020,3.98003,5.173500,3.485400
a45_mu020,3.99003,4.841800,3.617600
a45_mu020,4.00004,4.849000,3.379700
a45_mu020,4.01004,5.165400,3.412000
a45_mu020,4.02005,4.797100,3.369500
a45_mu020,4.03005,5.159600,3.483400
a45_mu020,4.04000,4.959500,3.605200
a45_mu020,4.05001,5.297100,3.555800
a45_mu020,4.06001,5.693500,3.473600
a45_mu020,4.07002,5.479000,3.556800
a45_mu020,4.08002,5.676100,3.688900
a45_mu020,4.09002,5.633000,3.661400
a45_mu020,4.10003,5.449300,3.555300
a45_mu020,4.11003,5.676600,3.481500
a45_mu020,4.12004,5.332500,3.578000
a45_mu020,4.13004,5.074000,3.637400
a45_mu020,4.14004,5.195900,3.596600
a45_mu020,4.15005,4.840200,3.398300
a45_mu020,4.16005,5.315600,3.464500
a45_mu020,4.17005,5.060200,3.516300
a45_mu020,4.18005,4.984200,3.661600
a45_mu020,4.19000,5.396600,3.536300
a45_mu020,4.20001,5.675000,3.503300
a45_mu020,4.21001,5.622900,3.586400
a45_mu020,4.22001,5.800100,3.780500
a45_mu020,4.23001,5.342300,3.726500
a45_mu020,4.24001,5.940800,3.695200
a45_mu020,4.25002,5.582700,3.566800
a45_mu020,4.26002,5.425200,3.680100
a45_mu020,4.27002,5.359600,3.631300
a45_mu020,4.28002,5.192300,3.674000
a45_mu020,4.29003,5.170100,3.478800
a45_mu020,4.30003,5.330400,3.561400
a45_mu020,4.31003,4.915100,3.526200
a45_mu020,4.32003,5.445100,3.697800
a45_mu020,4.33004,5.172300,3.596300
a45_mu020,4.34004,5.436800,3.582000
a45_mu020,4.35004,5.640100,3.557700
a45_mu020,4.36004,5.442900,3.779700
a45_mu020,4.37004,5.435300,3.761600
a45_mu020,4.38004,5.720100,3.757900
a45_mu020,4.39005,5.434100,3.599700
a45_mu020,4.40004,5.737600,3.675700
a45_mu020,4.41004,5.465300,3.766200
a45_mu020,4.42004,5.273700,3.685300
a45_mu020,4.43003,5.528800,3.573400
a45_mu020,4.44003,5.515300,3.564500
a45_mu020,4.45003,5.425800,3.519000
a45_mu020,4.46003,5.291100,3.680200
a45_mu020,4.47002,5.184300,3.645100
a45_mu020,4.48002,5.559600,3.655200
a45_mu020,4.49002,5.564300,3.535700
a45_mu020,4.50001,5.449900,3.708800
a45_mu020,4.51001,5.548300,3.720700
a45_mu020,4.52000,5.508900,3.741300
a45_mu020,4.53000,5.691700,3.620900
a45_mu020,4.54005,5.705100,3.658500
a45_mu020,4.55005,5.531900,3.674200
a45_mu020,4.56004,5.509400,3.691200
a45_mu020,4.57004,5.391600,3.620200
a45_mu020,4.58004,5.396200,3.650600
a45_mu020,4.59003,5.565000,3.595500
a45_mu020,4.60003,5.290200,3.691400
a45_mu020,4.61002,5.403400,3.689500
a45_mu020,4.62002,5.470600,3.660800
a45_mu020,4.63002,5.584200,3.625100
a45_mu020,4.64001,5.697300,3.680700
a45_mu020,4.65001,5.505900,3.751400
a45_mu020,4.66001,5.546900,3.781100
a45_mu020,4.67000,5.691900,3.673900
a45_mu020,4.68000,5.574200,3.647100
a45_mu020,4.69005,5.512700,3.689000
a45_mu020,4.70004,5.472300,3.717100
a45_mu020,4.71004,5.362700,3.682500
a45_mu020,4.72004,5.550600,3.644500
a45_mu020,4.73003,5.408400,3.633400
a45_mu020,4.74003,5.505700,3.680600
a45_mu020,4.75002,5.501200,3.728900
a45_mu020,4.76002,5.503000,3.687400
a45_mu020,4.77002,5.595100,3.662900
a45_mu020,4.78002,5.674300,3.691800
a45_mu020,4.79001,5.473000,3.725700
a45_mu020,4.80001,5.596300,3.727800
a45_mu020,4.81000,5.449000,3.672900
a45_mu020,4.82000,5.606800,3.651500
a45_mu020,4.83005,5.538800,3.672700
a45_mu020,4.84004,5.449800,3.718600
a45_mu020,4.85004,5.508500,3.705100
a45_mu020,4.86003,5.513100,3.679100
a45_mu020,4.87003,5.531300,3.639800
a45_mu020,4.88003,5.548300,3.707400
a45_mu020,4.89002,5.446200,3.716200
a45_mu020,4.90002,5.508500,3.711200
a45_mu020,4.91001,5.584700,3.627000
a45_mu020,4.92001,5.467500,3.672000
a45_mu020,4.93000,5.594800,3.693400
a45_mu020,4.94005,5.429200,3.714200
a45_mu020,4.95005,5.560100,3.697100
a45_mu020,4.96004,5.483800,3.652000
a45_mu020,4.97004,5.526800,3.663200
a45_mu020,4.98003,5.495700,3.728900
a45_mu020,4.99003,5.504300,3.707000
a45_mu020,5.00003,5.480900,3.688700
a45_mu020,5.01002,5.541400,3.637600
a45_mu020,5.02002,5.465800,3.701300
a45_mu020,5.03001,5.566800,3.727400
a45_mu020,5.04001,5.445200,3.698200
a45_mu020,5.05000,5.539800,3.668000
a45_mu020,5.06000,5.532100,3.661200
a45_mu020,5.07005,5.494400,3.696800
a45_mu020,5.08004,5.507700,3.721000
a45_mu020,5.09004,5.446000,3.691200
a45_mu020,5.10004,5.535300,3.660700
a45_mu020,5.11003,5.512500,3.668400
a45_mu020,5.12003,5.481400,3.711100
a45_mu020,5.13002,5.493600,3.712900
a45_mu020,5.14002,5.534700,3.689600
a45_mu020,5.15002,5.515600,3.670300
a45_mu020,5.16001,5.543400,3.686000
a45_mu020,5.17001,5.422900,3.727300
a45_mu020,5.18000,5.580000,3.705000
a45_mu020,5.19000,5.462900,3.660900
a45_mu020,5.20005,5.542600,3.666200
a45_mu020,5.21005,5.469200,3.707900
a45_mu020,5.22004,5.497900,3.731500
a45_mu020,5.23004,5.530100,3.697700
a45_mu020,5.24004,5.501900,3.658900
a45_mu020,5.25003,5.483100,3.682000
a45_mu020,5.26002,5.527400,3.719000
a45_mu020,5.27002,5.479900,3.714300
a45_mu020,5.28002,5.530500,3.676800
a45_mu020,5.29001,5.508700,3.674700
a45_mu020,5.30001,5.503800,3.689100
a45_mu020,5.31000,5.521200,3.726000
a45_mu020,5.32000,5.436100,3.714400
a45_mu020,5.33005,5.551100,3.670800
a45_mu020,5.34005,5.483300,3.661500
a45_mu020,5.35004,5.536700,3.698400
a45_mu020,5.36004,5.456900,3.728500
a45_mu020,5.37003,5.501700,3.683900
a45_mu020,5.38003,5.530800,3.669000
a45_mu020,5.39003,5.527900,3.667100
a45_mu020,5.40002,5.449600,3.720100
a45_mu020,5.41002,5.530500,3.726800
a45_mu020,5.42002,5.465500,3.672900
a45_mu020,5.43001,5.577800,3.663500
a45_mu020,5.44001,5.470500,3.683100
a45_mu020,5.45000,5.498400,3.708700
a45_mu020,5.46005,5.497200,3.722200
a45_mu020,5.47005,5.503300,3.658600
a45_mu020,5.48005,5.512600,3.651800
a45_mu020,5.49004,5.470100,3.691900
