case,time_ms,travel_mm,W_N,P_N,W_raw_N,crest_lift_mm,tip_lift_mm,rotation_deg
extract_mu000,0.00000,0.000000,0.000000,0.000000,0.000000,0.000000,0.000000,0.00000
extract_mu000,0.00452,0.000000,0.000000,0.000000,0.000000,0.000000,0.000000,0.00000
extract_mu000,0.00901,0.000000,0.000000,0.000000,0.000000,0.000000,0.000000,0.00000
extract_mu000,0.01351,0.000000,0.000000,0.000000,0.000000,0.000000,0.000000,0.00000
extract_mu000,0.01800,0.000001,0.000000,0.000000,0.000000,0.000000,0.000000,0.00000
extract_mu000,0.02252,0.000001,0.000000,0.000000,0.000000,0.000000,0.000000,0.00000
extract_mu000,0.02702,0.000002,0.000000,0.000000,0.000000,0.000000,0.000000,0.00000
extract_mu000,0.03151,0.000003,0.000000,0.000000,0.000000,0.000000,0.000000,0.00000
extract_mu000,0.03600,0.000004,0.000000,0.000000,0.000000,0.000000,0.000000,0.00000
extract_mu000,0.04052,0.000006,0.000000,0.000000,0.000000,0.000000,0.000000,0.00000
extract_mu000,0.04502,0.000009,0.000000,0.000000,0.000000,0.000000,0.000000,0.00000
extract_mu000,0.04951,0.000011,0.000000,0.000000,0.000000,0.000000,0.000000,0.00000
extract_mu000,0.05401,0.000015,0.000000,0.000000,0.000000,0.000000,0.000000,0.00000
extract_mu000,0.05852,0.000019,0.000000,0.000000,0.000000,0.000000,0.000000,0.00000
extract_mu000,0.06302,0.000024,0.000000,0.000000,0.000000,0.000000,0.000000,0.00000
extract_mu000,0.06751,0.000029,0.000000,0.000000,0.000000,0.000000,0.000000,0.00000
extract_mu000,0.07201,0.000035,0.000000,0.000000,0.000000,0.000000,0.000000,0.00000
extract_mu000,0.07650,0.000042,0.000000,0.000000,0.000000,0.000000,0.000000,0.00000
extract_mu000,0.08102,0.000050,0.000000,0.000000,0.000000,0.000000,0.000000,0.00000
extract_mu000,0.08551,0.000059,0.000000,0.000000,0.000000,0.000000,0.000000,0.00000
extract_mu000,0.09001,0.000068,0.000000,0.000000,0.000000,0.000000,0.000000,0.00000
extract_mu000,0.09450,0.000079,0.000000,0.000000,0.000000,0.000000,0.000000,0.00000
extract_mu000,0.09902,0.000090,0.000000,0.000000,0.000000,0.000000,0.000000,0.00000
extract_mu000,0.10352,0.000103,0.000000,0.000000,0.000000,0.000000,0.000000,0.00000
extract_mu000,0.10801,0.000117,0.000000,0.000000,0.000000,0.000000,0.000000,0.00000
extract_mu000,0.11250,0.000132,0.000000,0.000000,0.000000,0.000000,0.000000,0.00000
extract_mu000,0.11702,0.000148,0.000000,0.000000,0.000000,0.000000,0.000000,-0.00000
extract_mu000,0.12152,0.000166,0.000000,0.000000,0.000000,0.000000,0.000000,-0.00000
extract_mu000,0.12601,0.000185,0.000000,0.000000,0.000000,0.000000,0.000000,-0.00000
extract_mu000,0.13051,0.000205,0.000000,0.000000,0.000000,0.000000,0.000000,-0.00000
extract_mu000,0.13500,0.000227,0.000000,0.000000,0.000000,0.000000,0.000000,-0.00000
extract_mu000,0.13952,0.000250,0.000000,0.000000,0.000000,0.000000,0.000000,0.00000
extract_mu000,0.14401,0.000274,0.000000,0.000000,0.000000,0.000000,0.000000,0.00000
extract_mu000,0.14851,0.000301,0.000000,0.000000,0.000000,0.000000,0.000000,0.00000
extract_mu000,0.15300,0.000328,0.000000,0.000000,0.000000,0.000000,0.000000,0.00000
extract_mu000,0.15752,0.000358,0.000000,0.000000,0.000000,0.000000,0.000000,0.00000
extract_mu000,0.16202,0.000389,0.000000,0.000000,0.000000,0.000000,0.000000,0.00000
extract_mu000,0.16651,0.000421,0.000000,0.000000,0.000000,0.000000,0.000000,0.00000
extract_mu000,0.17101,0.000456,0.000000,0.000000,0.000000,0.000000,0.000000,0.00000
extract_mu000,0.17552,0.000492,0.000000,0.000000,0.000000,0.000000,0.000000,0.00000
extract_mu000,0.18002,0.000530,-0.000000,0.000000,0.000000,0.000000,0.000000,0.00000
extract_mu000,0.18451,0.000570,-0.000000,-0.000000,0.000000,0.000000,0.000000,0.00000
extract_mu000,0.18901,0.000612,-0.000000,-0.000000,0.000000,0.000000,0.000000,0.00000
extract_mu000,0.19350,0.000656,-0.000000,-0.000000,0.000000,0.000000,0.000000,0.00000
extract_mu000,0.19802,0.000702,-0.000000,-0.000000,0.000000,0.000000,0.000000,0.00000
extract_mu000,0.20251,0.000750,-0.000000,-0.000000,0.000000,0.000000,0.000000,0.00000
extract_mu000,0.20701,0.000800,0.000000,-0.000000,0.000000,0.000000,0.000000,0.00000
extract_mu000,0.21150,0.000852,0.000000,0.000000,0.000000,0.000000,0.000000,0.00000
extract_mu000,0.21602,0.000906,0.000000,0.000000,0.000000,0.000000,0.000000,0.00000
extract_mu000,0.22052,0.000963,0.000000,0.000000,0.000000,0.000000,0.000000,0.00000
extract_mu000,0.22501,0.001021,0.000000,0.000000,0.000000,0.000000,0.000000,0.00000
extract_mu000,0.22950,0.001082,0.000000,0.000000,0.000000,0.000000,0.000000,0.00000
extract_mu000,0.23402,0.001146,0.000000,0.000000,0.000000,0.000000,0.000000,0.00000
extract_mu000,0.23852,0.001211,0.000000,0.000000,0.000000,0.000000,0.000000,0.00000
extract_mu000,0.24301,0.001279,-0.000000,0.000000,0.000000,0.000000,0.000000,0.00000
extract_mu000,0.24751,0.001350,-0.000000,-0.000000,0.000000,0.000000,0.000000,0.00000
extract_mu000,0.25200,0.001422,-0.000000,-0.000000,0.000000,0.000000,0.000000,0.00000
extract_mu000,0.25652,0.001498,-0.000000,-0.000000,0.000000,0.000000,0.000000,0.00000
extract_mu000,0.26101,0.001576,-0.000000,-0.000000,0.000000,0.000000,0.000000,0.00000
extract_mu000,0.26551,0.001657,-0.000000,-0.000000,0.000000,0.000000,0.000000,0.00000
extract_mu000,0.27000,0.001740,-0.000000,-0.000000,0.000000,0.000000,0.000000,0.00000
extract_mu000,0.27452,0.001826,0.000000,-0.000000,0.000000,0.000000,0.000000,0.00000
extract_mu000,0.27902,0.001915,0.000000,0.000000,0.000000,0.000000,0.000000,0.00000
extract_mu000,0.28351,0.002006,0.000000,0.000000,0.000000,0.000000,0.000000,0.00000
extract_mu000,0.28800,0.002100,0.000000,0.000000,0.000000,0.000000,0.000000,0.00000
extract_mu000,0.29252,0.002197,0.000000,0.000000,0.000000,0.000000,0.000000,0.00000
extract_mu000,0.29702,0.002297,0.000000,0.000000,0.000000,0.000000,0.000000,0.00000
extract_mu000,0.30151,0.002399,0.000000,0.000000,0.000000,0.000000,0.000000,0.00000
extract_mu000,0.30600,0.002504,0.000000,0.000000,0.000000,0.000000,0.000000,0.00000
extract_mu000,0.31053,0.002613,-0.000000,0.000000,0.000000,0.000000,0.000000,0.00000
extract_mu000,0.31502,0.002725,-0.000000,-0.000000,0.000000,0.000000,0.000000,0.00000
extract_mu000,0.31951,0.002839,-0.000000,-0.000000,0.000000,0.000000,0.000000,0.00000
extract_mu000,0.32401,0.002956,-0.000000,-0.000000,0.000000,0.000000,0.000000,0.00000
extract_mu000,0.32850,0.003077,-0.000000,-0.000000,0.000000,0.000000,0.000000,0.00000
extract_mu000,0.33302,0.003201,-0.000000,-0.000000,0.000000,0.000000,0.000000,0.00000
extract_mu000,0.33752,0.003327,-0.000000,-0.000000,0.000000,0.000000,0.000000,0.00000
extract_mu000,0.34201,0.003457,0.000000,-0.000000,0.000000,0.000000,0.000000,0.00000
extract_mu000,0.34650,0.003590,0.000000,-0.000000,0.000000,0.000000,0.000000,0.00000
extract_mu000,0.35102,0.003727,0.000000,0.000000,0.000000,0.000000,0.000000,0.00000
extract_mu000,0.35552,0.003867,0.000000,0.000000,0.000000,0.000000,0.000000,0.00000
extract_mu000,0.36001,0.004010,0.000000,0.000000,0.000000,0.000000,0.000000,-0.00000
extract_mu000,0.36450,0.004156,0.000000,0.000000,0.000000,0.000000,0.000000,-0.00000
extract_mu000,0.36902,0.004306,0.000000,0.000000,0.000000,0.000000,0.000000,-0.00000
extract_mu000,0.37352,0.004459,0.000000,0.000000,0.000000,0.000000,0.000000,-0.00000
extract_mu000,0.37801,0.004615,-0.000000,0.000000,0.000000,0.000000,0.000000,-0.00000
extract_mu000,0.38251,0.004775,-0.000001,-0.000000,0.000000,0.000000,0.000000,0.00000
extract_mu000,0.38700,0.004938,-0.000003,-0.000000,0.000000,0.000000,0.000000,0.00000
extract_mu000,0.39152,0.005106,-0.000005,-0.000001,0.000000,0.000000,0.000000,0.00000
extract_mu000,0.39601,0.005276,-0.000007,-0.000002,0.000000,0.000000,0.000000,0.00000
extract_mu000,0.40051,0.005450,-0.000009,-0.000003,0.000000,0.000000,0.000000,0.00000
extract_mu000,0.40500,0.005628,-0.000007,-0.000004,0.000000,0.000000,0.000000,0.00000
extract_mu000,0.40952,0.005810,-0.000000,-0.000003,0.000000,0.000000,0.000000,0.00000
extract_mu000,0.41402,0.005995,0.000016,-0.000001,0.000000,0.000000,0.000000,0.00000
extract_mu000,0.41851,0.006183,0.000044,0.000005,0.000000,0.000000,0.000000,0.00000
extract_mu000,0.42301,0.006375,0.000087,0.000017,0.000000,0.000000,0.000000,0.00000
extract_mu000,0.42752,0.006572,0.000140,0.000034,0.000000,0.000000,0.000000,0.00000
extract_mu000,0.43202,0.006772,0.000188,0.000055,0.000000,0.000000,0.000000,0.00000
extract_mu000,0.43651,0.006976,0.000199,0.000076,0.000000,0.000000,0.000000,0.00000
extract_mu000,0.44101,0.007183,0.000120,0.000084,0.000000,0.000000,0.000000,0.00000
extract_mu000,0.44550,0.007394,-0.000123,0.000057,0.000000,0.000000,0.000000,0.00000
extract_mu000,0.45002,0.007611,-0.000616,-0.000033,0.000000,0.000000,0.000000,0.00000
extract_mu000,0.45451,0.007830,-0.001426,-0.000223,0.000000,0.000000,0.000000,0.00000
extract_mu000,0.45901,0.008052,-0.002538,-0.000542,0.000000,0.000000,0.000000,0.00000
extract_mu000,0.46350,0.008279,-0.003764,-0.000991,0.000000,0.000000,0.000000,0.00000
extract_mu000,0.46802,0.008512,-0.004608,-0.001503,0.000000,0.000000,0.000000,0.00000
extract_mu000,0.47252,0.008747,-0.004133,-0.001892,0.000000,0.000000,0.000000,0.00000
extract_mu000,0.47701,0.008985,-0.000883,-0.001794,0.000000,0.000000,0.000000,0.00000
extract_mu000,0.48150,0.009229,0.007039,-0.000630,0.000000,0.000000,0.000000,0.00000
extract_mu000,0.48602,0.009477,0.021537,0.002369,0.000000,0.000000,0.000000,0.00000
extract_mu000,0.49052,0.009728,0.043542,0.008013,0.000000,0.000010,0.000013,0.00015
extract_mu000,0.49501,0.009984,0.071266,0.016774,0.000000,0.000093,0.000125,0.00139
extract_mu000,0.49951,0.010243,0.097623,0.028106,0.400139,0.000176,0.000236,0.00264
extract_mu000,0.50400,0.010507,0.111217,0.039629,0.148398,0.000534,0.000699,0.00751
extract_mu000,0.50852,0.010777,0.112235,0.048953,0.023346,0.000926,0.001205,0.01284
extract_mu000,0.51302,0.011049,0.107544,0.055175,0.198543,0.001337,0.001688,0.01649
extract_mu000,0.51751,0.011325,0.101738,0.058415,0.114085,0.001758,0.002160,0.01936
extract_mu000,0.52201,0.011606,0.097446,0.059434,0.015388,0.002154,0.002656,0.02382
extract_mu000,0.52650,0.011891,0.095780,0.059042,0.174450,0.002518,0.003180,0.03024
extract_mu000,0.53102,0.012182,0.097607,0.057593,0.182063,0.002863,0.003674,0.03635
extract_mu000,0.53552,0.012476,0.103613,0.056315,0.010362,0.003138,0.004049,0.04125
extract_mu000,0.54002,0.012775,0.114018,0.055599,0.136478,0.003412,0.004423,0.04613
extract_mu000,0.54451,0.013077,0.128274,0.055998,0.220780,0.003539,0.004526,0.04530
extract_mu000,0.54901,0.013384,0.144432,0.057488,0.030722,0.003665,0.004629,0.04447
extract_mu000,0.55353,0.013697,0.157737,0.058715,0.216432,0.003859,0.004830,0.04541
extract_mu000,0.55802,0.014013,0.159385,0.059147,0.497339,0.004071,0.005056,0.04684
extract_mu000,0.56252,0.014334,0.145694,0.059717,0.064476,0.004482,0.005613,0.05330
extract_mu000,0.56700,0.014658,0.126495,0.061341,0.112902,0.005049,0.006426,0.06366
extract_mu000,0.57152,0.014989,0.110495,0.064635,0.042962,0.005576,0.007149,0.07199
extract_mu000,0.57602,0.015323,0.102221,0.069349,0.064833,0.006013,0.007678,0.07612
extract_mu000,0.58051,0.015662,0.103809,0.075549,0.024543,0.006422,0.008167,0.07981
extract_mu000,0.58502,0.016005,0.115329,0.081300,0.008854,0.006628,0.008366,0.08019
extract_mu000,0.58951,0.016353,0.134795,0.084021,0.088019,0.006834,0.008565,0.08057
extract_mu000,0.59401,0.016706,0.156360,0.084510,0.074275,0.007049,0.008854,0.08427
extract_mu000,0.59852,0.017064,0.168826,0.084412,0.295833,0.007265,0.009156,0.08837
extract_mu000,0.60302,0.017426,0.163462,0.086017,0.131847,0.007736,0.009792,0.09566
extract_mu000,0.60751,0.017792,0.146665,0.091548,0.071029,0.008330,0.010591,0.10449
extract_mu000,0.61201,0.018164,0.130490,0.100011,0.001256,0.008874,0.011294,0.11132
extract_mu000,0.61650,0.018539,0.123143,0.108672,0.165280,0.009354,0.011879,0.11569
extract_mu000,0.62102,0.018922,0.128031,0.114961,0.155253,0.009773,0.012382,0.11952
extract_mu000,0.62552,0.019307,0.144130,0.117483,0.000656,0.009975,0.012593,0.12140
extract_mu000,0.63001,0.019697,0.165829,0.117094,0.048153,0.010177,0.012806,0.12330
extract_mu000,0.63451,0.020092,0.182142,0.117344,0.185679,0.010544,0.013329,0.12953
extract_mu000,0.63900,0.020492,0.181275,0.121251,0.227900,0.010911,0.013853,0.13576
extract_mu000,0.64352,0.020899,0.163841,0.128983,0.077360,0.011517,0.014618,0.14295
extract_mu000,0.64802,0.021309,0.143866,0.139023,0.027267,0.012185,0.015445,0.15036
extract_mu000,0.65251,0.021723,0.134967,0.147893,0.070286,0.012706,0.016096,0.15632
extract_mu000,0.65701,0.022142,0.143994,0.152657,0.083413,0.013111,0.016612,0.16115
extract_mu000,0.66152,0.022567,0.169539,0.154062,0.039819,0.013465,0.017049,0.16533
extract_mu000,0.66601,0.022996,0.200103,0.154368,0.255279,0.013712,0.017331,0.16820
extract_mu000,0.67051,0.023430,0.219733,0.156728,0.258295,0.013997,0.017667,0.17157
extract_mu000,0.67501,0.023869,0.220629,0.163514,0.281953,0.014566,0.018419,0.17870
extract_mu000,0.67950,0.024313,0.204560,0.173444,0.292302,0.015134,0.019171,0.18582
extract_mu000,0.68402,0.024764,0.182113,0.183453,0.049246,0.015791,0.019997,0.19384
extract_mu000,0.68852,0.025219,0.169750,0.190658,0.053611,0.016455,0.020827,0.20193
extract_mu000,0.69301,0.025677,0.175936,0.193782,0.161760,0.016884,0.021381,0.20788
extract_mu000,0.69751,0.026141,0.199657,0.194293,0.160457,0.017199,0.021800,0.21281
extract_mu000,0.70200,0.026610,0.230917,0.195767,0.388468,0.017546,0.022232,0.21708
extract_mu000,0.70652,0.027086,0.251692,0.201010,0.513593,0.017935,0.022682,0.22058
extract_mu000,0.71102,0.027566,0.250600,0.209969,0.399350,0.018399,0.023243,0.22531
extract_mu000,0.71552,0.028051,0.232705,0.220916,0.375077,0.019124,0.024187,0.23428
extract_mu000,0.72002,0.028540,0.211609,0.230346,0.290901,0.019847,0.025128,0.24323
extract_mu000,0.72452,0.029035,0.202557,0.235456,0.137846,0.020416,0.025884,0.25196
extract_mu000,0.72902,0.029535,0.214994,0.237369,0.183316,0.020986,0.026641,0.26069
extract_mu000,0.73352,0.030040,0.244845,0.238546,0.401075,0.021351,0.027078,0.26483
extract_mu000,0.73801,0.030549,0.276829,0.241925,0.419333,0.021660,0.027428,0.26770
extract_mu000,0.74250,0.031064,0.296128,0.249896,0.457623,0.022127,0.027981,0.27195
extract_mu000,0.74702,0.031587,0.294149,0.260983,0.578474,0.022720,0.028698,0.27731
extract_mu000,0.75152,0.032113,0.273185,0.271821,0.302259,0.023376,0.029524,0.28477
extract_mu000,0.75602,0.032644,0.250575,0.279786,0.192951,0.024153,0.030567,0.29629
extract_mu000,0.76052,0.033179,0.243060,0.283695,0.258171,0.024892,0.031555,0.30727
extract_mu000,0.76501,0.033720,0.256778,0.284952,0.115439,0.025338,0.032144,0.31417
extract_mu000,0.76950,0.034266,0.289015,0.287221,0.285229,0.025784,0.032732,0.32106
extract_mu000,0.77402,0.034821,0.323789,0.293397,0.485319,0.026210,0.033186,0.32351
extract_mu000,0.77852,0.035378,0.342863,0.303207,0.409016,0.026630,0.033621,0.32543
extract_mu000,0.78302,0.035939,0.340412,0.314920,0.384363,0.027292,0.034461,0.33301
extract_mu000,0.78751,0.036507,0.321762,0.325382,0.347194,0.028072,0.035500,0.34337
extract_mu000,0.79201,0.037080,0.301055,0.331545,0.154010,0.028820,0.036502,0.35436
extract_mu000,0.79650,0.037657,0.295823,0.334426,0.057346,0.029529,0.037457,0.36613
extract_mu000,0.80100,0.038241,0.313405,0.336688,0.206715,0.030166,0.038300,0.37599
extract_mu000,0.80552,0.038832,0.345728,0.340880,0.273690,0.030553,0.038750,0.37916
extract_mu000,0.81001,0.039426,0.378394,0.349327,0.297461,0.030940,0.039198,0.38233
extract_mu000,0.81450,0.040025,0.396503,0.360998,0.490398,0.031575,0.039917,0.38701
extract_mu000,0.81902,0.040632,0.391555,0.372510,0.355047,0.032214,0.040640,0.39172
extract_mu000,0.82352,0.041242,0.372186,0.381342,0.185522,0.033034,0.041756,0.40419
extract_mu000,0.82801,0.041857,0.354892,0.386553,0.254349,0.033904,0.042981,0.41880
extract_mu000,0.83250,0.042478,0.352351,0.389287,0.093174,0.034606,0.043917,0.42948
extract_mu000,0.83700,0.043104,0.371993,0.392692,0.149373,0.035177,0.044628,0.43709
extract_mu000,0.84151,0.043737,0.406378,0.399625,0.392500,0.035715,0.045271,0.44280
extract_mu000,0.84600,0.044373,0.437407,0.409904,0.424168,0.036181,0.045772,0.44472
extract_mu000,0.85052,0.045020,0.452180,0.421751,0.488237,0.036697,0.046349,0.44776
extract_mu000,0.85502,0.045667,0.446319,0.432679,0.495093,0.037560,0.047459,0.45921
extract_mu000,0.85952,0.046321,0.426707,0.439967,0.372554,0.038423,0.048569,0.47067
extract_mu000,0.86401,0.046979,0.410700,0.444307,0.254901,0.039237,0.049713,0.48460
extract_mu000,0.86850,0.047643,0.413079,0.448254,0.301531,0.040045,0.050861,0.49883
extract_mu000,0.87302,0.048316,0.435577,0.453873,0.390456,0.040634,0.051577,0.50530
extract_mu000,0.87752,0.048991,0.469737,0.462949,0.462547,0.041112,0.052078,0.50797
extract_mu000,0.88202,0.049673,0.500326,0.474615,0.680977,0.041688,0.052731,0.51243
extract_mu000,0.88652,0.050359,0.511571,0.486043,0.681004,0.042380,0.053564,0.51902
extract_mu000,0.89102,0.051051,0.502276,0.495210,0.542542,0.043136,0.054513,0.52775
extract_mu000,0.89551,0.051747,0.483877,0.501532,0.571532,0.044109,0.055853,0.54372
extract_mu000,0.90001,0.052450,0.470394,0.506193,0.416252,0.045080,0.057191,0.55965
extract_mu000,0.90450,0.053158,0.476152,0.511694,0.381173,0.045733,0.058016,0.56772
extract_mu000,0.90902,0.053875,0.503125,0.520054,0.598768,0.046389,0.058845,0.57584
extract_mu000,0.91352,0.054594,0.537798,0.530861,0.640245,0.046962,0.059479,0.57967
extract_mu000,0.91801,0.055318,0.565069,0.542372,0.752893,0.047511,0.060060,0.58232
extract_mu000,0.92251,0.056048,0.573513,0.552770,0.821568,0.048284,0.061021,0.59127
extract_mu000,0.92700,0.056784,0.561604,0.560325,0.678930,0.049232,0.062280,0.60514
extract_mu000,0.93150,0.057525,0.542537,0.566050,0.560448,0.050163,0.063526,0.61905
extract_mu000,0.93602,0.058276,0.533790,0.572281,0.534507,0.051062,0.064748,0.63310
extract_mu000,0.94052,0.059029,0.544646,0.580204,0.537496,0.051917,0.065893,0.64582
extract_mu000,0.94502,0.059786,0.573867,0.590731,0.572509,0.052469,0.066483,0.64891
extract_mu000,0.94951,0.060549,0.609643,0.602577,0.784255,0.053021,0.067073,0.65200
extract_mu000,0.95400,0.061318,0.633296,0.613154,0.821061,0.053785,0.068033,0.66093
extract_mu000,0.95851,0.062095,0.635826,0.621559,0.719824,0.054577,0.069041,0.67059
extract_mu000,0.96302,0.062876,0.622284,0.628202,0.744653,0.055551,0.070332,0.68502
extract_mu000,0.96752,0.063664,0.604439,0.634586,0.538037,0.056614,0.071764,0.70180
extract_mu000,0.97200,0.064452,0.599628,0.642853,0.419137,0.057512,0.072938,0.71419
extract_mu000,0.97652,0.065253,0.617352,0.653828,0.583821,0.058224,0.073817,0.72142
extract_mu000,0.98102,0.066055,0.650019,0.665926,0.593096,0.058920,0.074658,0.72814
extract_mu000,0.98552,0.066864,0.683598,0.677071,0.684883,0.059578,0.075391,0.73325
extract_mu000,0.99002,0.067678,0.703274,0.686174,0.857441,0.060238,0.076127,0.73842
extract_mu000,0.99452,0.068497,0.700719,0.692779,0.708285,0.061288,0.077571,0.75533
extract_mu000,0.99901,0.069321,0.684237,0.698935,0.546093,0.062338,0.079013,0.77223
extract_mu000,1.00352,0.070155,0.671247,0.707489,0.535152,0.063309,0.080258,0.78488
extract_mu000,1.00801,0.070989,0.674615,0.718635,0.478553,0.064253,0.081441,0.79629
extract_mu000,1.01251,0.071831,0.698100,0.731624,0.474228,0.065017,0.082363,0.80381
extract_mu000,1.01700,0.072677,0.733477,0.744400,0.721093,0.065636,0.083078,0.80828
extract_mu000,1.02152,0.073535,0.761326,0.754098,0.840893,0.066390,0.084002,0.81641
extract_mu000,1.02602,0.074394,0.767363,0.760899,0.770565,0.067393,0.085323,0.83164
extract_mu000,1.03051,0.075256,0.755167,0.767047,0.669353,0.068400,0.086651,0.84683
extract_mu000,1.03501,0.076127,0.741904,0.774530,0.532302,0.069453,0.088054,0.86188
extract_mu000,1.03950,0.077001,0.744556,0.785470,0.511838,0.070503,0.089454,0.87690
extract_mu000,1.04402,0.077886,0.767640,0.799412,0.604165,0.071226,0.090245,0.88138
extract_mu000,1.04851,0.078771,0.800570,0.813131,0.791737,0.071906,0.090958,0.88457
extract_mu000,1.05301,0.079664,0.824136,0.824569,0.973270,0.072814,0.092112,0.89598
extract_mu000,1.05751,0.080562,0.824796,0.832764,0.983020,0.073833,0.093482,0.91139
extract_mu000,1.06201,0.081466,0.810993,0.838588,0.625324,0.074875,0.094883,0.92727
extract_mu000,1.06650,0.082373,0.807467,0.845345,0.617051,0.075943,0.096319,0.94368
extract_mu000,1.07100,0.083289,0.824684,0.855469,0.802261,0.076936,0.097607,0.95722
extract_mu000,1.07552,0.084213,0.854302,0.868472,0.822651,0.077670,0.098384,0.96089
extract_mu000,1.08000,0.085136,0.879330,0.883172,1.219825,0.078399,0.099159,0.96459
extract_mu000,1.08450,0.086068,0.882157,0.896943,1.109838,0.079549,0.100668,0.98030
extract_mu000,1.08902,0.087009,0.869630,0.906574,0.842526,0.080704,0.102185,0.99608
extract_mu000,1.09352,0.087952,0.867181,0.913856,0.683826,0.081698,0.103496,1.01074
extract_mu000,1.09801,0.088899,0.888504,0.920431,0.895080,0.082647,0.104749,1.02508
extract_mu000,1.10250,0.089851,0.921345,0.928404,1.110474,0.083558,0.105909,1.03680
extract_mu000,1.10702,0.090816,0.943534,0.940762,1.270583,0.084444,0.107002,1.04653
extract_mu000,1.11152,0.091781,0.941778,0.955783,1.310447,0.085442,0.108248,1.05793
extract_mu000,1.11602,0.092753,0.926734,0.970501,0.699722,0.086665,0.109799,1.07268
extract_mu000,1.12052,0.093729,0.927983,0.983161,0.827324,0.087842,0.111287,1.08682
extract_mu000,1.12502,0.094712,0.953821,0.992342,0.975020,0.088658,0.112287,1.09636
extract_mu000,1.12951,0.095698,0.988379,0.998587,1.124249,0.089472,0.113285,1.10588
extract_mu000,1.13401,0.096691,1.008991,1.006278,1.343393,0.090583,0.114748,1.12209
extract_mu000,1.13850,0.097688,1.005113,1.016996,1.146834,0.091728,0.116263,1.13906
extract_mu000,1.14301,0.098695,0.992736,1.030564,0.761344,0.092842,0.117699,1.15322
extract_mu000,1.14750,0.099703,0.998111,1.046797,0.706220,0.093934,0.119086,1.16591
extract_mu000,1.15202,0.100724,1.025932,1.061520,1.090459,0.094938,0.120319,1.17674
extract_mu000,1.15652,0.101745,1.056550,1.072506,1.063398,0.095820,0.121347,1.18513
extract_mu000,1.16101,0.102770,1.071751,1.080904,1.272817,0.096796,0.122540,1.19629
extract_mu000,1.16550,0.103800,1.066560,1.088134,1.060500,0.098094,0.124305,1.21688
extract_mu000,1.17000,0.104838,1.059895,1.096781,0.637880,0.099393,0.126070,1.23746
extract_mu000,1.17452,0.105887,1.074053,1.109809,0.835227,0.100328,0.127190,1.24652
extract_mu000,1.17902,0.106936,1.104347,1.125682,1.064046,0.101259,0.128304,1.25554
extract_mu000,1.18351,0.107989,1.130277,1.141389,1.235019,0.102328,0.129631,1.26772
extract_mu000,1.18801,0.109049,1.136909,1.155537,1.193553,0.103437,0.131019,1.28081
extract_mu000,1.19251,0.110115,1.128468,1.165634,1.019202,0.104627,0.132576,1.29735
extract_mu000,1.19700,0.111184,1.127224,1.173093,0.709883,0.105877,0.134259,1.31653
extract_mu000,1.20151,0.112263,1.150453,1.181741,0.958531,0.107015,0.135726,1.33190
extract_mu000,1.20600,0.113344,1.185792,1.192858,1.306021,0.107923,0.136755,1.33967
extract_mu000,1.21052,0.114436,1.208916,1.207302,1.311657,0.108886,0.137877,1.34869
extract_mu000,1.21502,0.115530,1.210067,1.224194,1.424062,0.110207,0.139616,1.36628
extract_mu000,1.21951,0.116627,1.198865,1.239811,1.024544,0.111525,0.141352,1.38383
extract_mu000,1.22401,0.117731,1.201899,1.252238,0.876596,0.112637,0.142766,1.39828
extract_mu000,1.22850,0.118839,1.231495,1.262399,1.238864,0.113721,0.144139,1.41232
extract_mu000,1.23300,0.119955,1.269283,1.270768,1.476489,0.114800,0.145503,1.42612
extract_mu000,1.23752,0.121081,1.290155,1.280476,1.565995,0.115880,0.146866,1.43985
extract_mu000,1.24202,0.122207,1.285413,1.294488,1.486804,0.117089,0.148397,1.45483
extract_mu000,1.24651,0.123337,1.268036,1.311231,1.217099,0.118460,0.150135,1.47135
extract_mu000,1.25101,0.124475,1.261307,1.329570,0.990936,0.119741,0.151743,1.48628
extract_mu000,1.25551,0.125618,1.273442,1.346963,1.498155,0.120710,0.152897,1.49567
extract_mu000,1.26000,0.126763,1.285384,1.359742,1.653183,0.121678,0.154052,1.50510
extract_mu000,1.26452,0.127923,1.283792,1.367943,1.567219,0.122954,0.155885,1.52659
extract_mu000,1.26902,0.129082,1.282566,1.373280,1.589329,0.124224,0.157709,1.54799
extract_mu000,1.27351,0.130244,1.320928,1.375748,0.209470,0.124715,0.158158,1.55010
extract_mu000,1.27801,0.131414,1.422824,1.376292,1.519502,0.124992,0.158226,1.54688
extract_mu000,1.28250,0.132587,1.517047,1.381448,2.461344,0.125618,0.158869,1.55075
extract_mu000,1.28702,0.133774,1.533535,1.388397,1.529926,0.126524,0.159968,1.56023
extract_mu000,1.29151,0.134958,1.468881,1.402651,2.256506,0.127876,0.161738,1.57860
extract_mu000,1.29601,0.136150,1.348672,1.428746,1.216065,0.130119,0.164840,1.61459
extract_mu000,1.30050,0.137344,1.251385,1.455484,0.933684,0.132186,0.167681,1.64700
extract_mu000,1.30502,0.138552,1.244602,1.484634,0.812128,0.132960,0.168594,1.65286
extract_mu000,1.30951,0.139758,1.333269,1.505222,1.379198,0.133730,0.169500,1.65868
extract_mu000,1.31401,0.140971,1.458362,1.504880,2.269042,0.134207,0.170066,1.66566
extract_mu000,1.31850,0.142187,1.545800,1.495466,1.531315,0.134649,0.170591,1.67276
extract_mu000,1.32302,0.143417,1.554711,1.484080,2.867487,0.136177,0.172757,1.70047
extract_mu000,1.32751,0.144643,1.475106,1.486836,1.729471,0.138231,0.175717,1.73814
extract_mu000,1.33201,0.145878,1.382481,1.516801,0.486360,0.140000,0.177947,1.75892
extract_mu000,1.33650,0.147116,1.352436,1.562690,1.958450,0.141412,0.179272,1.75897
extract_mu000,1.34102,0.148367,1.389740,1.606209,0.426004,0.142594,0.180380,1.75877
extract_mu000,1.34551,0.149615,1.492850,1.625765,1.522172,0.142954,0.180718,1.75774
extract_mu000,1.35001,0.150871,1.593238,1.614912,2.892819,0.143323,0.181070,1.75697
extract_mu000,1.35450,0.152129,1.620171,1.585351,1.307463,0.145026,0.183693,1.80031
extract_mu000,1.35902,0.153401,1.588733,1.563478,2.259969,0.146739,0.186333,1.84394
extract_mu000,1.36351,0.154670,1.519164,1.577931,1.463889,0.148418,0.188408,1.86094
extract_mu000,1.36801,0.155948,1.463241,1.625225,0.495798,0.150093,0.190335,1.87065
extract_mu000,1.37250,0.157227,1.472375,1.688068,1.406887,0.151156,0.191321,1.86754
extract_mu000,1.37702,0.158521,1.531709,1.735803,1.167181,0.151747,0.191576,1.85431
extract_mu000,1.38151,0.159811,1.603334,1.736578,1.955685,0.152599,0.192625,1.86342
extract_mu000,1.38601,0.161109,1.648357,1.703191,1.427381,0.153973,0.195235,1.91616
extract_mu000,1.39050,0.162409,1.653825,1.662734,1.771027,0.155381,0.197790,1.96557
extract_mu000,1.39502,0.163723,1.625484,1.647431,1.686106,0.157091,0.199985,1.99077
extract_mu000,1.39951,0.165034,1.598035,1.684823,0.449128,0.158789,0.202166,2.01579
extract_mu000,1.40401,0.166353,1.605458,1.756097,2.176986,0.159713,0.202586,1.99313
extract_mu000,1.40850,0.167674,1.624193,1.824592,1.275073,0.160543,0.202796,1.96486
extract_mu000,1.41302,0.169009,1.652951,1.856781,0.867015,0.161794,0.204318,1.97849
extract_mu000,1.41751,0.170340,1.682324,1.837128,2.738713,0.163241,0.206475,2.01280
extract_mu000,1.42201,0.171680,1.685543,1.788842,0.650339,0.164744,0.208843,2.05247
extract_mu000,1.42650,0.173021,1.700480,1.752344,1.258473,0.166308,0.211456,2.09850
extract_mu000,1.43102,0.174377,1.727649,1.762457,2.287625,0.167723,0.213530,2.12825
extract_mu000,1.43551,0.175729,1.744540,1.819034,0.798591,0.168588,0.213704,2.10158
extract_mu000,1.44001,0.177089,1.759042,1.893110,2.262636,0.169459,0.213890,2.07512
extract_mu000,1.44450,0.178450,1.746626,1.948916,2.131318,0.171028,0.215892,2.09360
extract_mu000,1.44902,0.179826,1.715179,1.953627,1.331103,0.172608,0.217908,2.11220
extract_mu000,1.45351,0.181198,1.705347,1.919248,1.651190,0.174202,0.220631,2.16146
extract_mu000,1.45801,0.182578,1.735258,1.880304,1.349996,0.175807,0.223560,2.21939
extract_mu000,1.46250,0.183960,1.801817,1.863527,2.051000,0.176868,0.225111,2.24101
extract_mu000,1.46702,0.185357,1.871163,1.893961,1.758784,0.177511,0.225592,2.23429
extract_mu000,1.47151,0.186749,1.903939,1.955258,2.818064,0.178514,0.226479,2.23044
extract_mu000,1.47601,0.188149,1.867472,2.011506,2.676605,0.180235,0.228170,2.23212
extract_mu000,1.48050,0.189551,1.795746,2.043438,0.802237,0.181965,0.229991,2.23859
extract_mu000,1.48502,0.190967,1.761950,2.038752,2.558904,0.183813,0.232846,2.28185
extract_mu000,1.48952,0.192382,1.784665,2.012487,1.354446,0.185653,0.235689,2.32492
extract_mu000,1.49401,0.193798,1.879490,1.992294,1.085520,0.186306,0.236515,2.33516
extract_mu000,1.49850,0.195220,1.994626,1.995221,3.730400,0.186821,0.237107,2.34157
extract_mu000,1.50302,0.196656,2.023475,2.024201,2.529400,0.188378,0.238954,2.35617
extract_mu000,1.50751,0.198087,1.953760,2.067634,2.751671,0.190436,0.241408,2.37469
extract_mu000,1.51201,0.199527,1.853511,2.112931,0.989744,0.192269,0.243594,2.39037
extract_mu000,1.51650,0.200968,1.831397,2.142520,1.087331,0.193816,0.245441,2.40251
extract_mu000,1.52102,0.202423,1.911249,2.150386,2.081351,0.195188,0.247111,2.41593
extract_mu000,1.52551,0.203874,2.026090,2.137140,1.878351,0.195922,0.248126,2.43328
extract_mu000,1.53001,0.205333,2.090652,2.113381,4.149470,0.196667,0.249157,2.45083
extract_mu000,1.53450,0.206793,2.056144,2.105698,1.497010,0.198912,0.252386,2.49282
extract_mu000,1.53902,0.208268,1.998375,2.126482,1.624322,0.201173,0.255636,2.53508
extract_mu000,1.54351,0.209738,1.987710,2.179094,1.523431,0.202311,0.256590,2.52909
extract_mu000,1.54800,0.211213,2.036719,2.238517,1.578007,0.203143,0.256916,2.50985
extract_mu000,1.55252,0.212702,2.088865,2.271030,3.669061,0.204530,0.258642,2.52478
extract_mu000,1.55702,0.214190,2.085544,2.266869,1.658153,0.206336,0.261442,2.56621
extract_mu000,1.56151,0.215678,2.069556,2.234780,2.224254,0.208014,0.263993,2.60446
extract_mu000,1.56600,0.217172,2.091666,2.210898,0.426921,0.209449,0.266068,2.63668
extract_mu000,1.57052,0.218680,2.176157,2.219257,2.573230,0.210857,0.268028,2.66457
extract_mu000,1.57502,0.220186,2.242067,2.260156,3.447191,0.211974,0.268987,2.65753
extract_mu000,1.57951,0.221694,2.219935,2.314026,2.116007,0.213088,0.269945,2.65050
extract_mu000,1.58400,0.223206,2.146708,2.357148,2.698196,0.215216,0.272656,2.67709
extract_mu000,1.58852,0.224733,2.106663,2.377658,0.109138,0.217478,0.275595,2.70785
extract_mu000,1.59301,0.226254,2.178149,2.372338,2.082021,0.218624,0.277207,2.73000
extract_mu000,1.59751,0.227783,2.298773,2.356179,2.535570,0.219233,0.278183,2.74808
extract_mu000,1.60200,0.229314,2.368390,2.339667,3.539007,0.220570,0.280108,2.77513
extract_mu000,1.60652,0.230859,2.339770,2.342314,2.842945,0.222813,0.283215,2.81346
extract_mu000,1.61101,0.232399,2.273191,2.377310,0.705798,0.224805,0.285804,2.84041
extract_mu000,1.61551,0.233946,2.264784,2.433016,2.430970,0.226001,0.286702,2.82953
extract_mu000,1.62002,0.235502,2.313945,2.488983,1.421264,0.227201,0.287608,2.81880
extract_mu000,1.62452,0.237058,2.369572,2.514189,4.037160,0.228751,0.289693,2.84452
extract_mu000,1.62901,0.238616,2.360705,2.501933,2.656908,0.230297,0.291773,2.87017
extract_mu000,1.63350,0.240178,2.325711,2.472323,1.451242,0.232091,0.294560,2.91268
extract_mu000,1.63802,0.241755,2.334006,2.459727,2.171022,0.233967,0.297563,2.96016
extract_mu000,1.64251,0.243326,2.397125,2.483669,1.788253,0.235140,0.298990,2.97061
extract_mu000,1.64701,0.244904,2.482690,2.533510,4.517020,0.235772,0.299199,2.95224
extract_mu000,1.65150,0.246484,2.543341,2.583600,0.535795,0.236335,0.299400,2.93825
extract_mu000,1.65602,0.248078,2.615028,2.599956,2.228982,0.236767,0.299591,2.93265
extract_mu000,1.66051,0.249667,2.628538,2.581702,5.151790,0.237415,0.300179,2.93462
extract_mu000,1.66500,0.251260,2.530104,2.538407,0.076826,0.239727,0.303791,2.99366
extract_mu000,1.66952,0.252867,2.424000,2.509850,3.244526,0.242054,0.307428,3.05309
extract_mu000,1.67401,0.254469,2.330517,2.544843,2.241691,0.243633,0.308919,3.05293
extract_mu000,1.67851,0.256078,2.287953,2.616070,0.625178,0.245128,0.310161,3.04571
extract_mu000,1.68300,0.257688,2.319195,2.699204,3.390112,0.246177,0.311242,3.04503
extract_mu000,1.68752,0.259312,2.359999,2.753231,2.382700,0.247016,0.312253,3.04752
extract_mu000,1.69201,0.260931,2.378280,2.726946,3.633211,0.248475,0.314682,3.08705
extract_mu000,1.69650,0.262553,2.375841,2.668219,2.224518,0.250696,0.318851,3.17182
extract_mu000,1.70102,0.264191,2.407837,2.620724,2.834403,0.252639,0.322262,3.23611
extract_mu000,1.70551,0.265822,2.475623,2.614033,3.831613,0.253576,0.322973,3.22841
extract_mu000,1.71001,0.267461,2.568503,2.680911,1.144713,0.254518,0.323686,3.22056
extract_mu000,1.71452,0.269107,2.682018,2.769858,5.667360,0.255925,0.324324,3.19345
extract_mu000,1.71902,0.270754,2.715948,2.831181,3.248477,0.257329,0.324961,3.16641
extract_mu000,1.72351,0.272401,2.719313,2.848173,0.580053,0.259677,0.328370,3.21224
extract_mu000,1.72800,0.274053,2.770909,2.818238,5.503200,0.262287,0.332544,3.27816
extract_mu000,1.73252,0.275720,2.835248,2.780391,0.313703,0.263707,0.334654,3.31067
extract_mu000,1.73701,0.277379,2.931762,2.765646,2.247590,0.264187,0.335136,3.31686
extract_mu000,1.74151,0.279047,2.977786,2.787353,6.569010,0.264968,0.335919,3.32035
extract_mu000,1.74602,0.280722,2.888806,2.828380,1.005938,0.266336,0.337291,3.31855
extract_mu000,1.75052,0.282397,2.747215,2.867929,4.446080,0.267870,0.338952,3.32248
extract_mu000,1.75501,0.284073,2.573819,2.908730,3.154791,0.270673,0.342805,3.36938
extract_mu000,1.75950,0.285752,2.459005,2.930738,0.684184,0.273475,0.346658,3.41629
extract_mu000,1.76402,0.287447,2.498693,2.945428,3.124229,0.274033,0.347615,3.43091
extract_mu000,1.76851,0.289134,2.620560,2.957816,1.957081,0.274323,0.348222,3.44163
extract_mu000,1.77301,0.290829,2.738884,2.937605,3.193735,0.275416,0.349971,3.47036
extract_mu000,1.77752,0.292532,2.771854,2.917755,3.568461,0.276903,0.352281,3.50796
extract_mu000,1.78202,0.294235,2.706945,2.915217,2.091704,0.278892,0.354891,3.53742
extract_mu000,1.78651,0.295938,2.611647,2.934914,2.831117,0.281493,0.357868,3.55702
extract_mu000,1.79100,0.297644,2.570393,3.006255,0.022470,0.283655,0.360072,3.56361
extract_mu000,1.79552,0.299366,2.637498,3.081466,3.234700,0.284335,0.359652,3.52585
extract_mu000,1.80001,0.301081,2.730485,3.115896,2.692034,0.285017,0.359255,3.48887
extract_mu000,1.80450,0.302799,2.817469,3.103971,0.661218,0.286938,0.362805,3.55519
extract_mu000,1.80902,0.304532,2.892368,3.044417,5.041660,0.288872,0.366379,3.62195
extract_mu000,1.81351,0.306257,2.911535,2.993888,0.525479,0.290638,0.369121,3.66521
extract_mu000,1.81801,0.307990,2.969057,3.000946,0.823416,0.292365,0.371645,3.70216
extract_mu000,1.82250,0.309723,3.049831,3.064924,4.929340,0.293708,0.372949,3.70219
extract_mu000,1.82702,0.311471,3.079611,3.152833,0.422678,0.294760,0.373308,3.67324
extract_mu000,1.83151,0.313211,3.102624,3.214111,5.321220,0.296277,0.374756,3.67135
extract_mu000,1.83600,0.314955,3.087243,3.228228,1.770737,0.298713,0.378331,3.72186
extract_mu000,1.84052,0.316714,3.101247,3.198310,0.744984,0.300933,0.381637,3.77015
extract_mu000,1.84501,0.318465,3.174755,3.162393,5.381860,0.301373,0.382689,3.79871
extract_mu000,1.84951,0.320223,3.213146,3.142590,1.929194,0.301813,0.383743,3.82734
extract_mu000,1.85402,0.321989,3.188633,3.138636,5.575810,0.303997,0.386725,3.86122
extract_mu000,1.85852,0.323754,3.071563,3.178424,2.760324,0.306379,0.389924,3.89563
extract_mu000,1.86301,0.325519,2.958706,3.242267,1.133799,0.308226,0.391719,3.89520
extract_mu000,1.86750,0.327287,2.933182,3.308569,4.663010,0.309817,0.392836,3.87789
extract_mu000,1.87202,0.329071,2.969021,3.356228,1.162187,0.311435,0.394377,3.87974
extract_mu000,1.87651,0.330846,3.042192,3.339231,6.871580,0.313062,0.396418,3.90522
extract_mu000,1.88100,0.332625,3.072282,3.289089,1.501332,0.314730,0.398682,3.93604
extract_mu000,1.88552,0.334419,3.125084,3.246893,3.497793,0.316548,0.401723,3.98536
extract_mu000,1.89001,0.336204,3.199119,3.241948,4.104530,0.318352,0.404736,4.03410
extract_mu000,1.89450,0.337993,3.264695,3.294226,1.776395,0.319895,0.406236,4.03381
extract_mu000,1.89902,0.339797,3.289461,3.368631,7.839050,0.321448,0.407746,4.03351
extract_mu000,1.90351,0.341593,3.216594,3.428708,0.325879,0.323686,0.410501,4.05632
extract_mu000,1.90801,0.343395,3.179557,3.460991,4.194350,0.326122,0.413610,4.08562
extract_mu000,1.91252,0.345205,3.205181,3.460814,2.128607,0.327647,0.415571,4.10661
extract_mu000,1.91702,0.347014,3.288360,3.426371,2.990886,0.328462,0.416634,4.12109
extract_mu000,1.92151,0.348823,3.342011,3.389128,6.784080,0.329771,0.418410,4.14451
extract_mu000,1.92602,0.350642,3.295141,3.370934,0.561343,0.332056,0.421592,4.18557
extract_mu000,1.93052,0.352461,3.253165,3.393786,5.174830,0.334225,0.424507,4.22010
extract_mu000,1.93501,0.354279,3.239171,3.476188,0.443765,0.335564,0.425464,4.20630
extract_mu000,1.93950,0.356100,3.293902,3.561031,4.701310,0.336903,0.426420,4.19249
extract_mu000,1.94402,0.357936,3.356536,3.614925,3.762889,0.338975,0.429552,4.23506
extract_mu000,1.94851,0.359763,3.453394,3.622224,1.056704,0.341123,0.432930,4.28431
extract_mu000,1.95300,0.361593,3.657090,3.583895,4.417390,0.341621,0.433794,4.30309
extract_mu000,1.95752,0.363439,3.937759,3.550551,3.435975,0.341312,0.433429,4.30703
extract_mu000,1.96201,0.365275,4.242664,3.529825,4.663770,0.341159,0.433276,4.31047
extract_mu000,1.96650,0.367114,4.362451,3.511768,7.868300,0.341194,0.433380,4.31333
extract_mu000,1.97102,0.368968,4.229643,3.497742,1.117052,0.342316,0.435004,4.33479
extract_mu000,1.97551,0.370814,4.051110,3.517735,5.384180,0.347115,0.441769,4.41910
extract_mu000,1.98000,0.372662,3.887758,3.610006,0.060148,0.351887,0.448487,4.50247
extract_mu000,1.98452,0.374525,3.810635,3.735370,2.594840,0.351700,0.446173,4.41412
extract_mu000,1.98901,0.376379,3.790875,3.838106,6.660100,0.351514,0.443875,4.32633
extract_mu000,1.99350,0.378235,3.697370,3.841458,2.287878,0.352764,0.445561,4.35366
extract_mu000,1.99802,0.380107,3.547725,3.713101,3.903722,0.354422,0.448368,4.41325
extract_mu000,2.00251,0.381969,3.379653,3.574373,4.294330,0.356508,0.451961,4.48340
extract_mu000,2.00700,0.383834,3.264030,3.519296,0.198963,0.358939,0.456183,4.56211
extract_mu000,2.01152,0.385715,3.285509,3.591094,4.026580,0.360546,0.458424,4.58928
extract_mu000,2.01601,0.387585,3.345921,3.777504,3.703161,0.360503,0.456728,4.51459
extract_mu000,2.02050,0.389458,3.323673,3.924058,5.902310,0.360924,0.455997,4.46086
extract_mu000,2.02502,0.391347,3.172826,3.958370,4.054710,0.364911,0.462670,4.56763
extract_mu000,2.02951,0.393225,3.036400,3.907683,0.083170,0.368870,0.469299,4.67366
extract_mu000,2.03401,0.395111,3.090957,3.805030,4.324270,0.369201,0.469859,4.69258
extract_mu000,2.03852,0.397003,3.336512,3.748590,0.776869,0.369100,0.469699,4.70118
extract_mu000,2.04301,0.398890,3.694484,3.753794,5.853350,0.369514,0.469570,4.68805
extract_mu000,2.04751,0.400783,3.905455,3.773886,9.658600,0.370182,0.469456,4.66428
extract_mu000,2.05202,0.402683,3.881854,3.818852,0.120053,0.372724,0.472328,4.68184
extract_mu000,2.05651,0.404577,3.869769,3.883901,5.323730,0.377507,0.478777,4.74909
extract_mu000,2.06101,0.406478,3.941402,3.972842,2.019694,0.381030,0.483272,4.78749
extract_mu000,2.06552,0.408385,4.099347,4.063314,1.602373,0.380254,0.481097,4.72770
extract_mu000,2.07002,0.410291,4.261086,4.083432,10.349770,0.379498,0.478966,4.66903
extract_mu000,2.07451,0.412195,4.240755,4.003139,3.403508,0.381543,0.483117,4.76576
extract_mu000,2.07900,0.414101,4.128538,3.863134,2.775074,0.383588,0.487267,4.86246
extract_mu000,2.08352,0.416023,4.029955,3.779668,7.341460,0.385608,0.490412,4.91119
extract_mu000,2.08801,0.417934,3.948140,3.827837,1.333280,0.387603,0.493246,4.94591
extract_mu000,2.09252,0.419856,3.931954,3.982803,5.261160,0.388741,0.493947,4.92429
extract_mu000,2.09702,0.421776,3.844975,4.161115,7.348800,0.389205,0.492989,4.85909
extract_mu000,2.10151,0.423694,3.643403,4.228800,1.412651,0.390891,0.494700,4.85776
extract_mu000,2.10600,0.425614,3.495422,4.171356,4.345890,0.394955,0.501604,4.98064
extract_mu000,2.11052,0.427549,3.504774,4.076407,0.478132,0.398436,0.507471,5.08542
extract_mu000,2.11501,0.429474,3.741609,3.991671,1.493560,0.397281,0.505127,5.04715
extract_mu000,2.11950,0.431401,4.078791,3.977878,5.421790,0.396127,0.502783,5.00887
extract_mu000,2.12402,0.433343,4.264786,4.012955,5.893740,0.398865,0.505881,5.03094
extract_mu000,2.12851,0.435274,4.202520,4.045417,5.302590,0.402039,0.509594,5.05994
extract_mu000,2.13302,0.437216,4.045293,4.128294,3.011572,0.404610,0.512485,5.07142
extract_mu000,2.13752,0.439156,4.018100,4.242444,3.474768,0.406876,0.514963,5.07436
extract_mu000,2.14201,0.441093,4.133363,4.316984,3.319627,0.408502,0.517182,5.09542
extract_mu000,2.14650,0.443033,4.341450,4.315754,2.981063,0.409355,0.519089,5.13857
extract_mu000,2.15102,0.444987,4.538586,4.209297,8.054670,0.410523,0.521490,5.19135
extract_mu000,2.15551,0.446931,4.645662,4.080640,4.126402,0.412732,0.525498,5.27534
extract_mu000,2.16002,0.448885,4.770885,4.048914,5.025470,0.414941,0.529498,5.35892
extract_mu000,2.16451,0.450832,4.869630,4.112759,5.400570,0.415527,0.528558,5.29848
extract_mu000,2.16900,0.452782,4.908165,4.224907,3.912220,0.416113,0.527619,5.23804
extract_mu000,2.17352,0.454746,4.891551,4.336293,8.035650,0.418893,0.530387,5.24098
extract_mu000,2.17801,0.456699,4.831757,4.397630,4.503590,0.422255,0.534155,5.26138
extract_mu000,2.18250,0.458654,4.842866,4.420697,6.086300,0.423584,0.535890,5.28318
extract_mu000,2.18702,0.460624,4.888806,4.391109,3.859650,0.423319,0.536032,5.30624
extract_mu000,2.19151,0.462582,4.946759,4.281923,5.501290,0.424156,0.538065,5.35916
extract_mu000,2.19600,0.464543,4.961017,4.182283,6.209700,0.427135,0.543782,5.47053
extract_mu000,2.20051,0.466513,4.946116,4.165567,3.327608,0.429858,0.548797,5.56356
extract_mu000,2.20501,0.468482,4.978067,4.252873,9.042510,0.430509,0.548227,5.51212
extract_mu000,2.20952,0.470456,4.967942,4.410918,1.917073,0.431162,0.547656,5.46056
extract_mu000,2.21401,0.472423,4.968149,4.514014,7.095310,0.434479,0.551263,5.47725
extract_mu000,2.21851,0.474396,4.990503,4.539706,2.046047,0.438122,0.555374,5.50208
extract_mu000,2.22302,0.476375,5.105801,4.522473,2.042106,0.439258,0.556613,5.51386
extract_mu000,2.22752,0.478352,5.325441,4.460644,9.175840,0.439179,0.556460,5.51930
extract_mu000,2.23201,0.480325,5.539567,4.395282,2.158507,0.440442,0.558560,5.56032
extract_mu000,2.23652,0.482309,5.756884,4.345589,9.337880,0.443352,0.563427,5.64505
extract_mu000,2.24101,0.484286,5.935841,4.356657,0.140253,0.445326,0.566516,5.69112
extract_mu000,2.24550,0.486264,6.123463,4.479249,3.001331,0.444162,0.563635,5.60707
extract_mu000,2.25002,0.488257,6.228216,4.616540,14.485000,0.443015,0.560780,5.52340
extract_mu000,2.25451,0.490238,6.087550,4.642875,2.416305,0.445951,0.565270,5.59535
extract_mu000,2.25902,0.492229,5.914185,4.566368,2.394325,0.448900,0.569781,5.66761
extract_mu000,2.26351,0.494213,5.855218,4.480938,9.834600,0.450637,0.572158,5.70462
extract_mu000,2.26800,0.496198,5.858512,4.468517,4.743790,0.452039,0.573948,5.73191
extract_mu000,2.27252,0.498198,5.870881,4.555718,6.101300,0.452435,0.574039,5.71992
extract_mu000,2.27701,0.500185,5.669506,4.658057,12.832910,0.452028,0.572781,5.67691
extract_mu000,2.28150,0.502175,5.227201,4.663585,0.488541,0.453628,0.575069,5.69967
extract_mu000,2.28602,0.504178,4.880819,4.627803,6.233670,0.459180,0.584340,5.85173
extract_mu000,2.29051,0.506170,4.709847,4.630226,2.730138,0.463835,0.591931,5.97265
extract_mu000,2.29502,0.508172,4.700241,4.668033,1.972185,0.462028,0.587364,5.86780
extract_mu000,2.29951,0.510166,4.722838,4.740243,10.920060,0.460228,0.582818,5.76338
extract_mu000,2.30400,0.512161,4.496533,4.738892,7.270040,0.462916,0.586159,5.80525
extract_mu000,2.30852,0.514170,4.087282,4.637059,2.202440,0.466158,0.590467,5.86490
extract_mu000,2.31301,0.516168,3.785151,4.595610,3.961050,0.468164,0.592950,5.89013
extract_mu000,2.31752,0.518175,3.722071,4.645124,1.224848,0.469583,0.594564,5.89883
extract_mu000,2.32202,0.520179,3.900373,4.760288,3.359948,0.470552,0.595812,5.90453
extract_mu000,2.32651,0.522180,4.101885,4.881962,8.039810,0.470974,0.596616,5.90662
extract_mu000,2.33102,0.524190,4.089553,4.859783,5.518850,0.472336,0.599093,5.94330
extract_mu000,2.33552,0.526197,3.982457,4.768161,1.217593,0.476799,0.607097,6.09442
extract_mu000,2.34000,0.528196,4.064938,4.742416,1.606864,0.481211,0.615003,6.24351
extract_mu000,2.34452,0.530214,4.381398,4.764455,4.660700,0.478874,0.609591,6.11903
extract_mu000,2.34901,0.532220,4.802076,4.832979,2.400741,0.476553,0.604215,5.99531
extract_mu000,2.35350,0.534226,5.162604,4.861214,9.716470,0.479555,0.607754,6.02672
extract_mu000,2.35802,0.536246,5.278166,4.804842,3.084957,0.484066,0.613811,6.10172
extract_mu000,2.36251,0.538254,5.298187,4.803453,5.360660,0.486368,0.616486,6.12124
extract_mu000,2.36702,0.540272,5.398256,4.882015,7.314790,0.486968,0.616549,6.09766
extract_mu000,2.37152,0.542286,5.573972,4.969523,2.386060,0.488036,0.617783,6.10362
extract_mu000,2.37601,0.544296,5.862920,5.005638,5.152560,0.490017,0.621287,6.16688
extract_mu000,2.38052,0.546316,6.144842,4.929300,9.578080,0.492036,0.624849,6.23082
extract_mu000,2.38501,0.548327,6.307618,4.838176,6.779040,0.494268,0.628708,6.29763
extract_mu000,2.38952,0.550349,6.440346,4.851859,5.369380,0.496510,0.632584,6.36472
extract_mu000,2.39402,0.552366,6.500407,4.920724,10.420550,0.496522,0.631505,6.31974
extract_mu000,2.39851,0.554380,6.489961,4.974304,1.140577,0.496271,0.629843,6.26159
extract_mu000,2.40302,0.556403,6.518468,4.986357,10.646270,0.498717,0.632454,6.27887
extract_mu000,2.40751,0.558417,6.522777,4.985736,3.941879,0.502448,0.637111,6.33245
extract_mu000,2.41200,0.560433,6.526922,5.045987,0.021935,0.503878,0.638546,6.34187
extract_mu000,2.41651,0.562457,6.424508,5.108770,13.521120,0.502490,0.636031,6.29713
extract_mu000,2.42100,0.564474,6.117746,5.065667,1.928367,0.502622,0.636155,6.29841
extract_mu000,2.42552,0.566504,5.834066,4.964052,7.645180,0.507956,0.645305,6.45704
extract_mu000,2.43001,0.568521,5.712311,4.920084,1.554638,0.513211,0.654313,6.61296
extract_mu000,2.43452,0.570547,5.766555,4.998042,0.321517,0.511425,0.650438,6.51968
extract_mu000,2.43901,0.572565,5.747470,5.125724,15.739450,0.509648,0.646581,6.42678
extract_mu000,2.44350,0.574584,5.403464,5.153212,3.928870,0.513797,0.652240,6.49997
extract_mu000,2.44802,0.576616,5.031879,5.101696,3.423123,0.519628,0.660592,6.61992
extract_mu000,2.45250,0.578630,4.973599,5.099725,0.585838,0.520888,0.661769,6.62069
extract_mu000,2.45702,0.580663,5.232162,5.158145,2.751282,0.518595,0.657360,6.52837
extract_mu000,2.46151,0.582682,5.426666,5.186722,16.010220,0.518667,0.657001,6.51044
extract_mu000,2.46602,0.584711,5.227893,5.109514,2.833705,0.523344,0.664522,6.63701
extract_mu000,2.47051,0.586731,4.989146,5.012400,0.897685,0.527306,0.670826,6.74123
extract_mu000,2.47500,0.588751,5.092619,5.049747,1.135388,0.526003,0.668125,6.68005
extract_mu000,2.47952,0.590784,5.481096,5.179323,6.118400,0.524690,0.665406,6.61845
extract_mu000,2.48401,0.592805,5.682598,5.253779,16.250030,0.528581,0.671051,6.69416
extract_mu000,2.48852,0.594834,5.405757,5.241990,2.256395,0.533102,0.677705,6.78630
extract_mu000,2.49301,0.596855,5.022519,5.247218,0.272342,0.533662,0.677748,6.76992
extract_mu000,2.49750,0.598875,4.881693,5.367788,3.453310,0.532296,0.674571,6.70068
extract_mu000,2.50202,0.600909,5.043884,5.532329,3.866690,0.533260,0.675099,6.68305
extract_mu000,2.50651,0.602929,5.306587,5.602461,10.720710,0.537089,0.680195,6.72945
extract_mu000,2.51100,0.604950,5.463384,5.558803,3.774116,0.540060,0.684184,6.76867
extract_mu000,2.51552,0.606984,5.602627,5.454525,1.372930,0.540122,0.684420,6.78365
extract_mu000,2.52001,0.609004,5.762455,5.366111,8.173230,0.540180,0.684653,6.79859
extract_mu000,2.52452,0.611033,5.853725,5.262041,3.032257,0.539718,0.684601,6.82320
extract_mu000,2.52901,0.613053,5.816406,5.117172,10.314590,0.539259,0.684550,6.84770
extract_mu000,2.53350,0.615073,5.570566,5.055182,3.334596,0.542460,0.688815,6.89562
extract_mu000,2.53802,0.617106,5.299491,5.154517,3.088615,0.546707,0.694316,6.95040
extract_mu000,2.54251,0.619126,5.150738,5.415171,7.720470,0.548154,0.695080,6.91450
extract_mu000,2.54702,0.621154,5.029784,5.684925,4.638870,0.547434,0.692164,6.80763
extract_mu000,2.55151,0.623173,4.909833,5.738122,5.416490,0.548554,0.693336,6.80304
extract_mu000,2.55600,0.625192,4.829395,5.601192,4.787000,0.553263,0.702474,6.99739
extract_mu000,2.56052,0.627223,4.897777,5.410728,3.118200,0.557085,0.710080,7.16344
extract_mu000,2.56501,0.629241,5.165472,5.281392,5.047080,0.553985,0.705678,7.10719
extract_mu000,2.56952,0.631268,5.398149,5.274865,8.000470,0.550871,0.701256,7.05069
extract_mu000,2.57401,0.633285,5.344135,5.286092,6.889650,0.554772,0.705810,7.09213
extract_mu000,2.57850,0.635302,5.011198,5.315816,6.037870,0.559507,0.711430,7.14519
extract_mu000,2.58302,0.637332,4.640954,5.456768,2.338654,0.561950,0.712593,7.09960
extract_mu000,2.58751,0.639347,4.503410,5.661689,2.085019,0.563257,0.711585,7.00662
extract_mu000,2.59200,0.641363,4.565829,5.844099,5.987680,0.564392,0.711901,6.97500
extract_mu000,2.59652,0.643391,4.636600,5.842329,5.012720,0.565321,0.713850,7.01882
extract_mu000,2.60101,0.645405,4.655094,5.612067,5.553490,0.566470,0.716644,7.08746
extract_mu000,2.60552,0.647428,4.730524,5.376653,1.555101,0.568398,0.722365,7.24190
extract_mu000,2.61001,0.649441,5.018387,5.280341,2.938411,0.570300,0.728015,7.39431
extract_mu000,2.61451,0.651457,5.368405,5.347905,8.983520,0.569251,0.725366,7.32173
extract_mu000,2.61902,0.653478,5.514596,5.505200,5.896360,0.568199,0.722710,7.24897
extract_mu000,2.62351,0.655489,5.436500,5.613614,7.984850,0.572801,0.728137,7.28612
extract_mu000,2.62800,0.657499,5.276430,5.720969,0.545227,0.578962,0.735791,7.35349
extract_mu000,2.63251,0.659518,5.251084,5.859166,0.453306,0.580362,0.736171,7.31793
extract_mu000,2.63701,0.661531,5.355172,5.925615,10.011800,0.577966,0.730761,7.20064
extract_mu000,2.64150,0.663539,5.413055,5.851486,4.333400,0.577588,0.729640,7.17973
extract_mu000,2.64602,0.665560,5.425236,5.612175,7.413610,0.581173,0.736940,7.34815
extract_mu000,2.65051,0.667566,5.428220,5.374100,4.568810,0.584229,0.743130,7.48998
extract_mu000,2.65502,0.669580,5.500376,5.350250,2.459065,0.583481,0.741321,7.44071
extract_mu000,2.65951,0.671585,5.602021,5.514120,11.399140,0.582737,0.739520,7.39166
extract_mu000,2.66400,0.673589,5.453359,5.737671,8.134620,0.586373,0.743776,7.41360
extract_mu000,2.66852,0.675605,5.108144,5.883060,3.045547,0.590558,0.748786,7.44420
extract_mu000,2.67301,0.677606,4.875993,5.927776,4.113470,0.592676,0.751503,7.46489
extract_mu000,2.67752,0.679616,4.908697,5.969209,3.154375,0.593807,0.753129,7.48093
extract_mu000,2.68202,0.681620,5.131060,5.952879,7.090590,0.594226,0.754364,7.51344
extract_mu000,2.68651,0.683619,5.207350,5.806815,11.584460,0.593782,0.755128,7.56589
extract_mu000,2.69102,0.685625,5.025101,5.581322,1.837413,0.594045,0.756547,7.61943
extract_mu000,2.69551,0.687621,4.958139,5.419866,2.705734,0.596723,0.760178,7.67566
extract_mu000,2.70000,0.689617,5.231266,5.506583,2.913448,0.599391,0.763782,7.73104
extract_mu000,2.70452,0.691624,5.743587,5.756758,5.573730,0.600354,0.762199,7.62526
extract_mu000,2.70901,0.693617,6.165144,5.958464,13.692810,0.601311,0.760626,7.52013
extract_mu000,2.71352,0.695618,6.291439,6.051024,1.756864,0.604758,0.764655,7.54732
extract_mu000,2.71801,0.697608,6.355237,6.060022,2.854610,0.608871,0.770204,7.61078
extract_mu000,2.72251,0.699602,6.525645,6.043425,8.288010,0.609542,0.771851,7.65137
extract_mu000,2.72702,0.701599,6.752247,5.947211,3.970940,0.607501,0.770423,7.67396
extract_mu000,2.73151,0.703585,6.920724,5.720492,11.228720,0.607273,0.771633,7.73364
extract_mu000,2.73602,0.705580,6.922238,5.536267,1.489095,0.610579,0.778005,7.86640
extract_mu000,2.74051,0.707564,6.875396,5.558981,1.563237,0.613482,0.783350,7.97154
extract_mu000,2.74501,0.709551,6.736683,5.759548,12.299120,0.613446,0.781111,7.87205
extract_mu000,2.74952,0.711541,6.330553,5.989258,4.643260,0.613411,0.778868,7.77230
extract_mu000,2.75401,0.713520,5.844635,6.095977,5.102830,0.617885,0.783754,7.80084
extract_mu000,2.75851,0.715503,5.562011,6.131070,1.750884,0.622905,0.789498,7.84462
extract_mu000,2.76302,0.717489,5.597519,6.154094,0.600341,0.623064,0.789234,7.83449
extract_mu000,2.76752,0.719468,5.733735,6.056713,13.268370,0.620882,0.786078,7.79844
extract_mu000,2.77201,0.721442,5.656696,5.839386,7.337320,0.621282,0.787305,7.84042
extract_mu000,2.77652,0.723423,5.569229,5.614385,1.053130,0.624850,0.793911,7.97826
extract_mu000,2.78101,0.725393,5.853090,5.574737,3.701220,0.627446,0.798466,8.06549
extract_mu000,2.78552,0.727371,6.485935,5.796127,7.553120,0.626777,0.796111,7.98207
extract_mu000,2.79002,0.729343,7.158817,6.078669,11.011500,0.626099,0.793743,7.89853
extract_mu000,2.79451,0.731308,7.624767,6.332711,2.159641,0.623547,0.787953,7.76449
extract_mu000,2.79902,0.733281,7.856370,6.574566,10.619330,0.620984,0.782136,7.62976
extract_mu000,2.80351,0.735243,7.812135,6.752468,11.734850,0.620929,0.781353,7.59695
extract_mu000,2.80801,0.737208,7.489879,6.797810,6.025740,0.621568,0.781958,7.59221
extract_mu000,2.81252,0.739176,6.918412,6.695444,9.536610,0.621960,0.783496,7.63582
extract_mu000,2.81701,0.741133,6.139811,6.547939,7.450460,0.622159,0.785744,7.71643
extract_mu000,2.82152,0.743097,5.275382,6.434270,3.299270,0.621982,0.786096,7.74159
extract_mu000,2.82601,0.745050,4.486045,6.368412,5.140190,0.621084,0.782804,7.65999
extract_mu000,2.83050,0.747001,3.932416,6.455917,3.380821,0.620437,0.779954,7.58238
extract_mu000,2.83502,0.748964,3.770309,6.612232,4.957780,0.621719,0.780490,7.53521
extract_mu000,2.83951,0.750911,4.058935,6.674329,1.869673,0.622992,0.781023,7.48834
extract_mu000,2.84402,0.752866,4.739628,6.693736,5.112610,0.621389,0.779589,7.51144
extract_mu000,2.84851,0.754810,5.653922,6.614994,9.524670,0.619459,0.777934,7.54257
extract_mu000,2.85300,0.756751,6.602284,6.451327,1.404991,0.620528,0.781583,7.63667
extract_mu000,2.85752,0.758704,7.399924,6.374707,8.767300,0.623081,0.787869,7.76236
extract_mu000,2.86200,0.760637,7.904705,6.401422,11.781040,0.622765,0.787734,7.76041
extract_mu000,2.86652,0.762586,8.061723,6.504043,1.160044,0.618935,0.779746,7.60237
extract_mu000,2.87101,0.764519,7.887479,6.630073,10.027890,0.617017,0.775379,7.50728
extract_mu000,2.87550,0.766451,7.425854,6.717191,10.506010,0.621513,0.783133,7.62284
extract_mu000,2.88001,0.768389,6.759431,6.702093,0.699992,0.625984,0.790851,7.73797
extract_mu000,2.88451,0.770320,5.981613,6.568169,9.217270,0.620694,0.782700,7.65621
extract_mu000,2.88902,0.772254,5.195740,6.455997,5.339050,0.615393,0.774532,7.57424
extract_mu000,2.89351,0.774176,4.538794,6.398706,2.336964,0.618893,0.779459,7.62921
extract_mu000,2.89801,0.776101,4.150864,6.399504,5.821330,0.624852,0.788044,7.72240
extract_mu000,2.90252,0.778028,4.102527,6.542848,2.245321,0.623929,0.785312,7.64577
extract_mu000,2.90701,0.779944,4.405633,6.685703,4.112440,0.617706,0.773876,7.43859
extract_mu000,2.91150,0.781858,4.968920,6.696800,3.349333,0.615486,0.770193,7.37870
extract_mu000,2.91602,0.783782,5.684297,6.636588,5.868870,0.621113,0.781708,7.60778
extract_mu000,2.92051,0.785691,6.430403,6.503136,7.029600,0.625536,0.791017,7.79920
extract_mu000,2.92502,0.787606,7.084441,6.365758,4.310944,0.621191,0.784337,7.72094
extract_mu000,2.92951,0.789510,7.541483,6.351518,10.225550,0.616865,0.777687,7.64300
extract_mu000,2.93400,0.791412,7.714947,6.441630,10.080580,0.618429,0.779474,7.63732
extract_mu000,2.93852,0.793324,7.556791,6.559479,1.841719,0.620701,0.782272,7.64016
extract_mu000,2.94300,0.795216,7.094227,6.646096,8.928800,0.621566,0.783365,7.64139
extract_mu000,2.94752,0.797123,6.392648,6.686791,8.156040,0.621756,0.783641,7.64186
extract_mu000,2.95201,0.799015,5.587772,6.631444,1.679169,0.620627,0.781838,7.62352
extract_mu000,2.95650,0.800904,4.835948,6.480787,7.156300,0.617888,0.777496,7.58222
extract_mu000,2.96102,0.802804,4.271677,6.389690,3.901860,0.616859,0.775692,7.56637
extract_mu000,2.96550,0.804684,3.995136,6.374223,1.582165,0.621673,0.782570,7.63753
extract_mu000,2.97002,0.806578,4.044068,6.428707,6.052830,0.626466,0.789413,7.70795
extract_mu000,2.97451,0.808457,4.350006,6.602311,4.193995,0.620488,0.779543,7.54571
extract_mu000,2.97902,0.810341,4.806936,6.710207,7.047700,0.614484,0.769629,7.38263
extract_mu000,2.98352,0.812219,5.297281,6.653901,2.253103,0.618138,0.777167,7.52804
extract_mu000,2.98801,0.814090,5.766197,6.535058,6.970950,0.624453,0.789513,7.75821
extract_mu000,2.99252,0.815966,6.159240,6.400753,7.540470,0.623875,0.789543,7.78532
extract_mu000,2.99701,0.817831,6.422037,6.341315,2.682268,0.617979,0.780061,7.65546
extract_mu000,3.00152,0.819702,6.502717,6.403865,5.568350,0.615462,0.775644,7.58499
extract_mu000,3.00602,0.821566,6.345725,6.529643,11.038450,0.619489,0.781042,7.62993
extract_mu000,3.01051,0.823423,5.908569,6.635201,3.444491,0.622933,0.785565,7.66524
extract_mu000,3.01502,0.825285,5.229310,6.659994,6.100900,0.622052,0.783575,7.62866
extract_mu000,3.01951,0.827137,4.410483,6.635360,8.234260,0.621175,0.781595,7.59223
extract_mu000,3.02400,0.828985,3.613494,6.530383,0.335641,0.619150,0.778634,7.56010
extract_mu000,3.02852,0.830843,3.023483,6.377027,1.232799,0.616973,0.775537,7.52826
extract_mu000,3.03301,0.832685,2.776434,6.343337,2.101437,0.619346,0.779126,7.58022
extract_mu000,3.03752,0.834533,2.932792,6.403552,3.115060,0.623955,0.786003,7.67339
extract_mu000,3.04201,0.836369,3.455307,6.523661,0.760139,0.623706,0.785414,7.65310
extract_mu000,3.04650,0.838203,4.217700,6.689799,2.259662,0.617527,0.775710,7.49417
extract_mu000,3.05102,0.840046,5.053133,6.720460,10.207880,0.614191,0.770852,7.41879
extract_mu000,3.05551,0.841873,5.785364,6.603755,1.999554,0.620682,0.782720,7.63165
extract_mu000,3.06000,0.843697,6.303945,6.464150,5.320058,0.627105,0.794471,7.84252
extract_mu000,3.06451,0.845527,6.555406,6.366236,11.659190,0.621102,0.785075,7.73049
extract_mu000,3.06900,0.847345,6.536145,6.372200,3.813566,0.615126,0.775720,7.61889
extract_mu000,3.07352,0.849172,6.280632,6.466876,2.538826,0.617321,0.778079,7.62286
extract_mu000,3.07801,0.850984,5.821115,6.600171,11.644800,0.621746,0.783642,7.65860
extract_mu000,3.08252,0.852801,5.189729,6.678520,4.749354,0.622799,0.784306,7.63833
extract_mu000,3.08701,0.854606,4.462500,6.652605,2.816330,0.621228,0.781162,7.57473
extract_mu000,3.09150,0.856408,3.753891,6.590285,8.618830,0.619742,0.778453,7.53074
extract_mu000,3.09602,0.858219,3.206936,6.458534,1.141860,0.618415,0.776586,7.52514
extract_mu000,3.10051,0.860015,2.969536,6.328480,2.956936,0.617693,0.775763,7.53246
extract_mu000,3.10500,0.861807,3.125994,6.357531,0.121006,0.621527,0.782808,7.63791
extract_mu000,3.10951,0.863604,3.669251,6.468107,4.926570,0.625378,0.789884,7.74378
extract_mu000,3.11401,0.865394,4.478381,6.607497,4.940220,0.620651,0.781582,7.60636
extract_mu000,3.11852,0.867185,5.380581,6.722990,4.244506,0.614890,0.771426,7.43948
extract_mu000,3.12302,0.868968,6.196335,6.675890,8.337310,0.617242,0.776220,7.52799
extract_mu000,3.12751,0.870743,6.765397,6.520885,8.718720,0.623532,0.788271,7.74034
extract_mu000,3.13202,0.872523,6.994246,6.383157,4.185059,0.624285,0.790496,7.79700
extract_mu000,3.13651,0.874292,6.863225,6.339017,10.269480,0.618216,0.780602,7.66157
extract_mu000,3.14100,0.876057,6.415095,6.400428,8.598800,0.614641,0.774428,7.56760
extract_mu000,3.14552,0.877831,5.753896,6.512672,3.051997,0.619562,0.780915,7.61483
extract_mu000,3.15001,0.879589,4.994359,6.645631,6.998980,0.624407,0.787286,7.66087
extract_mu000,3.15452,0.881352,4.245407,6.687691,6.703270,0.622101,0.781867,7.56836
extract_mu000,3.15901,0.883103,3.621853,6.618491,3.124029,0.619805,0.776472,7.47621
extract_mu000,3.16350,0.884851,3.246154,6.529756,2.572159,0.618899,0.776351,7.50674
extract_mu000,3.16802,0.886606,3.208379,6.390416,0.952186,0.618375,0.777702,7.57170
extract_mu000,3.17251,0.888347,3.541514,6.309826,4.975280,0.619885,0.781216,7.64778
extract_mu000,3.17702,0.890092,4.173486,6.403605,2.277609,0.622995,0.786450,7.73327
extract_mu000,3.18151,0.891825,4.982052,6.548824,6.759670,0.623293,0.786910,7.73337
extract_mu000,3.18600,0.893554,5.827436,6.674974,7.174640,0.618129,0.778095,7.56754
extract_mu000,3.19052,0.895292,6.571397,6.710296,1.622679,0.614252,0.771508,7.44277
extract_mu000,3.19501,0.897014,7.066445,6.592100,9.383680,0.620399,0.782258,7.63864
extract_mu000,3.19950,0.898732,7.183006,6.425973,11.011560,0.626546,0.793009,7.83433
extract_mu000,3.20401,0.900454,6.857068,6.326543,0.618669,0.621510,0.785340,7.73636
extract_mu000,3.20851,0.902169,6.134383,6.344692,9.316300,0.615094,0.775398,7.60199
extract_mu000,3.21302,0.903884,5.182093,6.419240,6.448660,0.617923,0.778670,7.62164
extract_mu000,3.21751,0.905587,4.308899,6.499590,2.562407,0.625187,0.788284,7.71531
extract_mu000,3.22200,0.907286,3.757298,6.597759,3.184239,0.626526,0.789065,7.69389
extract_mu000,3.22651,0.908990,3.655798,6.614319,2.583501,0.620589,0.778992,7.53085
extract_mu000,3.23101,0.910685,3.981146,6.524540,4.441830,0.617161,0.773644,7.45640
extract_mu000,3.23552,0.912380,4.549276,6.370492,8.719790,0.622184,0.784220,7.68092
extract_mu000,3.24001,0.914064,5.214327,6.196919,2.128976,0.627130,0.794650,7.90234
extract_mu000,3.24452,0.915752,5.930716,6.203312,4.188802,0.622860,0.788253,7.80254
extract_mu000,3.24901,0.917428,6.561840,6.371947,10.241800,0.618608,0.781884,7.70313
extract_mu000,3.25350,0.919100,6.898248,6.484055,9.075930,0.621681,0.785692,7.73109
extract_mu000,3.25802,0.920779,6.903181,6.531057,6.922660,0.626812,0.792357,7.79467
extract_mu000,3.26250,0.922439,6.681829,6.551337,1.578776,0.625539,0.789532,7.74252
extract_mu000,3.26702,0.924111,6.303898,6.553009,9.890540,0.619233,0.779237,7.59892
extract_mu000,3.27151,0.925767,5.801470,6.557780,6.349080,0.617132,0.775845,7.54779
extract_mu000,3.27600,0.927418,5.209964,6.585202,0.774696,0.623156,0.785791,7.67533
extract_mu000,3.28052,0.929077,4.605382,6.630554,6.619510,0.627810,0.793333,7.76833
extract_mu000,3.28500,0.930717,4.069875,6.611442,3.604820,0.621836,0.782284,7.59544
extract_mu000,3.28952,0.932368,3.683929,6.569948,0.644694,0.615810,0.771136,7.42086
extract_mu000,3.29401,0.934004,3.520215,6.554012,5.289590,0.620484,0.779128,7.54646
extract_mu000,3.29850,0.935635,3.577579,6.510662,0.410806,0.626420,0.789377,7.70735
extract_mu000,3.30302,0.937273,3.802462,6.509343,5.088623,0.624868,0.787357,7.69023
extract_mu000,3.30751,0.938896,4.107912,6.567017,3.961900,0.619618,0.779271,7.58498
extract_mu000,3.31202,0.940522,4.446257,6.592049,5.839430,0.618518,0.777979,7.57070
extract_mu000,3.31651,0.942136,4.779957,6.597731,7.043060,0.622430,0.784890,7.66626
extract_mu000,3.32100,0.943747,5.081842,6.599226,0.877153,0.624763,0.789006,7.72270
extract_mu000,3.32552,0.945364,5.349329,6.555576,6.397430,0.621692,0.783552,7.64534
extract_mu000,3.33001,0.946965,5.542831,6.512095,8.984610,0.618672,0.778190,7.56930
extract_mu000,3.33452,0.948570,5.605289,6.509584,1.441904,0.620729,0.781897,7.62944
extract_mu000,3.33902,0.950167,5.507673,6.531684,5.831050,0.622782,0.785595,7.68942
extract_mu000,3.34350,0.951752,5.229822,6.554322,11.449760,0.622575,0.784500,7.65329
extract_mu000,3.34802,0.953347,4.777922,6.577513,1.248868,0.621739,0.782067,7.59016
extract_mu000,3.35251,0.954927,4.226218,6.600342,4.670050,0.621092,0.780503,7.55338
extract_mu000,3.35700,0.956503,3.680484,6.551586,4.898450,0.620587,0.779606,7.53688
extract_mu000,3.36152,0.958085,3.264956,6.497217,4.424881,0.620709,0.779981,7.54941
extract_mu000,3.36601,0.959652,3.087980,6.491852,1.211992,0.622061,0.782848,7.61880
extract_mu000,3.37052,0.961221,3.202405,6.469124,0.113922,0.622946,0.784970,7.67538
extract_mu000,3.37501,0.962779,3.589796,6.496583,7.137010,0.620246,0.781343,7.63251
extract_mu000,3.37950,0.964333,4.145086,6.557622,1.980203,0.617545,0.777717,7.58963
extract_mu000,3.38402,0.965892,4.740863,6.567315,2.845106,0.620717,0.782522,7.64305
extract_mu000,3.38851,0.967436,5.240049,6.565760,12.436720,0.624559,0.788288,7.70743
extract_mu000,3.39302,0.968983,5.538136,6.557228,2.825282,0.622177,0.784550,7.65569
extract_mu000,3.39751,0.970519,5.623740,6.520714,4.434150,0.616804,0.776246,7.54816
extract_mu000,3.40201,0.972053,5.519532,6.475817,11.022740,0.616748,0.776323,7.55972
extract_mu000,3.40652,0.973586,5.282135,6.477171,0.600260,0.623216,0.786684,7.71736
extract_mu000,3.41101,0.975108,4.993237,6.525242,2.704760,0.626576,0.791802,7.78914
extract_mu000,3.41552,0.976632,4.696148,6.560245,7.951880,0.619476,0.779265,7.57173
extract_mu000,3.42002,0.978148,4.406343,6.591080,0.367036,0.612485,0.766913,7.35714
extract_mu000,3.42451,0.979656,4.142304,6.590006,3.958680,0.619501,0.778291,7.52909
extract_mu000,3.42902,0.981166,3.917826,6.517343,4.839553,0.626549,0.789720,7.70167
extract_mu000,3.43351,0.982665,3.771959,6.475441,4.081669,0.623237,0.785527,7.66769
extract_mu000,3.43800,0.984159,3.767051,6.493593,5.369050,0.617067,0.777025,7.57674
extract_mu000,3.44252,0.985658,3.951894,6.495673,2.082329,0.616790,0.777022,7.58810
extract_mu000,3.44701,0.987143,4.329749,6.518670,4.579563,0.621180,0.783748,7.68030
extract_mu000,3.45152,0.988629,4.841286,6.560828,5.595110,0.623323,0.786779,7.71393
extract_mu000,3.45601,0.990104,5.411066,6.558714,3.704450,0.621113,0.782654,7.63435
extract_mu000,3.46050,0.991575,5.945022,6.548300,5.869780,0.619122,0.778990,7.56518
extract_mu000,3.46502,0.993050,6.326887,6.532383,9.188200,0.618813,0.778842,7.57577
extract_mu000,3.46952,0.994514,6.468813,6.484452,6.757640,0.618504,0.778694,7.58631
extract_mu000,3.47401,0.995970,6.327924,6.447084,7.706020,0.621032,0.782797,7.64637
extract_mu000,3.47852,0.997428,5.920230,6.472283,6.342630,0.623906,0.787420,7.71253
extract_mu000,3.48301,0.998875,5.334946,6.541473,7.272800,0.621424,0.782316,7.62380
extract_mu000,3.48750,1.000316,4.679689,6.569351,3.570788,0.616337,0.772478,7.45960
extract_mu000,3.49202,1.001763,4.077963,6.567831,4.381530,0.616352,0.772433,7.45514
extract_mu000,3.49651,1.003194,3.648118,6.548881,5.136840,0.622664,0.784478,7.64794
extract_mu000,3.50102,1.004628,3.478167,6.481248,1.162112,0.626014,0.791474,7.76823
extract_mu000,3.50551,1.006050,3.611759,6.469429,0.033074,0.619192,0.781109,7.63929
extract_mu000,3.51000,1.007467,4.020220,6.506834,6.822000,0.612438,0.770847,7.51154
extract_mu000,3.51452,1.008889,4.593031,6.502985,3.353480,0.618499,0.780062,7.62778
extract_mu000,3.51901,1.010296,5.215088,6.524792,5.247447,0.624520,0.789217,7.74319
extract_mu000,3.52352,1.011705,5.783970,6.564127,7.577100,0.622413,0.784958,7.66831
extract_mu000,3.52801,1.013102,6.244084,6.567263,4.970550,0.618087,0.777041,7.54156
extract_mu000,3.53250,1.014495,6.543514,6.551985,7.330050,0.617285,0.775834,7.52931
extract_mu000,3.53702,1.015892,6.618824,6.515495,7.698290,0.619264,0.779922,7.60752
extract_mu000,3.54151,1.017274,6.420437,6.472194,3.345272,0.620893,0.782828,7.65762
extract_mu000,3.54600,1.018652,5.941722,6.452662,9.015950,0.621862,0.783477,7.65383
extract_mu000,3.55052,1.020033,5.232935,6.503343,4.660430,0.622286,0.783299,7.63725
extract_mu000,3.55501,1.021401,4.435995,6.578838,2.789506,0.618557,0.776853,7.52458
extract_mu000,3.55950,1.022763,3.728819,6.574290,6.727490,0.614827,0.770408,7.41186
extract_mu000,3.56402,1.024130,3.282717,6.551145,1.562960,0.619607,0.779446,7.57652
extract_mu000,3.56851,1.025482,3.200878,6.526004,0.921241,0.625356,0.790244,7.77255
extract_mu000,3.57302,1.026835,3.473915,6.469886,3.037617,0.622593,0.786670,7.73570
extract_mu000,3.57751,1.028177,4.008208,6.478353,5.860310,0.615736,0.776175,7.58651
extract_mu000,3.58201,1.029517,4.656045,6.509025,2.847220,0.614918,0.774701,7.55741
extract_mu000,3.58652,1.030855,5.262060,6.501807,1.717112,0.621506,0.784293,7.67566
extract_mu000,3.59101,1.032182,5.723524,6.526625,10.268910,0.625422,0.789661,7.73721
extract_mu000,3.59550,1.033503,5.969624,6.563634,5.132100,0.620362,0.780829,7.60818
extract_mu000,3.60002,1.034828,6.002768,6.566965,0.376156,0.615319,0.772028,7.47955
extract_mu000,3.60451,1.036140,5.852070,6.534242,11.146460,0.618336,0.777408,7.56302
extract_mu000,3.60900,1.037446,5.538811,6.493698,4.727690,0.621353,0.782789,7.64645
extract_mu000,3.61351,1.038753,5.101231,6.474137,0.244745,0.621768,0.783125,7.63967
extract_mu000,3.61800,1.040048,4.598300,6.475510,9.444640,0.621441,0.782024,7.60727
extract_mu000,3.62252,1.041348,4.092356,6.540352,0.965016,0.619814,0.779204,7.56250
extract_mu000,3.62701,1.042633,3.683665,6.596196,1.148809,0.617178,0.775055,7.50847
extract_mu000,3.63150,1.043913,3.443726,6.558995,5.849450,0.617120,0.775585,7.53048
extract_mu000,3.63602,1.045196,3.411619,6.532422,4.481580,0.622131,0.785318,7.70203
extract_mu000,3.64050,1.046463,3.595311,6.515664,2.446316,0.625764,0.792561,7.83230
extract_mu000,3.64502,1.047736,3.967532,6.481141,3.015823,0.619170,0.781398,7.65896
extract_mu000,3.64951,1.048995,4.468890,6.500514,7.640790,0.612620,0.770310,7.48663
extract_mu000,3.65400,1.050249,5.000365,6.520014,7.586050,0.618027,0.778395,7.58965
extract_mu000,3.65852,1.051506,5.448683,6.514571,0.105974,0.624900,0.788827,7.72622
extract_mu000,3.66301,1.052749,5.733246,6.535561,9.611560,0.623318,0.785901,7.67746
extract_mu000,3.66751,1.053990,5.785859,6.561775,9.342690,0.617621,0.776470,7.53837
extract_mu000,3.67202,1.055228,5.607144,6.551681,2.026632,0.616271,0.774074,7.50526
extract_mu000,3.67651,1.056455,5.259447,6.497479,6.428850,0.620162,0.780159,7.59996
extract_mu000,3.68101,1.057680,4.815399,6.467652,8.916550,0.622849,0.784320,7.66188
extract_mu000,3.68552,1.058902,4.355262,6.476203,3.117750,0.621416,0.781898,7.61180
extract_mu000,3.69001,1.060113,3.954383,6.494265,4.355659,0.619988,0.779489,7.56212
extract_mu000,3.69451,1.061322,3.651616,6.558561,4.561110,0.618341,0.777794,7.55153
extract_mu000,3.69902,1.062528,3.492275,6.580239,6.297470,0.616690,0.776094,7.54091
extract_mu000,3.70351,1.063723,3.519325,6.519540,0.500431,0.619691,0.781628,7.64668
extract_mu000,3.70800,1.064913,3.744634,6.498464,1.161843,0.623977,0.789159,7.78453
extract_mu000,3.71251,1.066103,4.138087,6.494790,8.752620,0.622406,0.786306,7.74366
extract_mu000,3.71701,1.067284,4.629621,6.482901,0.792343,0.616188,0.775211,7.56086
extract_mu000,3.72152,1.068463,5.150845,6.507047,3.994431,0.614466,0.771796,7.49229
extract_mu000,3.72601,1.069631,5.623105,6.525594,12.164520,0.621382,0.783142,7.64366
extract_mu000,3.73050,1.070794,5.953179,6.531079,0.125581,0.626782,0.791943,7.75984
extract_mu000,3.73501,1.071957,6.069072,6.546297,6.578810,0.620636,0.781352,7.60860
extract_mu000,3.73951,1.073111,5.923458,6.559413,11.947640,0.614504,0.770785,7.45759
extract_mu000,3.74402,1.074263,5.526568,6.530324,2.252954,0.617864,0.776206,7.53707
extract_mu000,3.74852,1.075406,4.964414,6.464923,4.693535,0.622326,0.783483,7.64325
extract_mu000,3.75300,1.076539,4.358250,6.460543,6.983550,0.622431,0.783762,7.64878
extract_mu000,3.75752,1.077677,3.845919,6.497254,1.625237,0.620407,0.780623,7.60516
extract_mu000,3.76201,1.078802,3.545503,6.527157,2.710252,0.618828,0.778622,7.58386
extract_mu000,3.76651,1.079923,3.528730,6.578766,2.627278,0.617774,0.777986,7.58951
extract_mu000,3.77102,1.081042,3.810066,6.566415,4.829730,0.617835,0.778873,7.61401
extract_mu000,3.77551,1.082150,4.319904,6.495992,4.826120,0.621689,0.784936,7.70237
extract_mu000,3.78000,1.083253,4.925319,6.482845,5.050939,0.625498,0.790921,7.78952
extract_mu000,3.78452,1.084358,5.492087,6.490769,6.540940,0.619419,0.780404,7.62828
extract_mu000,3.78901,1.085450,5.926795,6.493405,3.347749,0.613381,0.769957,7.46798
extract_mu000,3.79350,1.086536,6.199880,6.516069,7.103900,0.617643,0.776649,7.56321
extract_mu000,3.79802,1.087624,6.302166,6.539347,6.685010,0.624815,0.788182,7.73047
extract_mu000,3.80251,1.088699,6.216765,6.553331,5.815635,0.624249,0.787159,7.70451
extract_mu000,3.80700,1.089769,5.927229,6.559072,7.156710,0.617660,0.776364,7.52806
extract_mu000,3.81152,1.090840,5.442275,6.558136,6.388020,0.614890,0.771705,7.45291
extract_mu000,3.81601,1.091899,4.807188,6.511352,2.715913,0.619691,0.779213,7.57879
extract_mu000,3.82050,1.092952,4.133687,6.446693,6.501890,0.623679,0.785560,7.68728
extract_mu000,3.82502,1.094006,3.555159,6.467043,0.313329,0.621490,0.783091,7.66422
extract_mu000,3.82950,1.095046,3.213113,6.516226,0.935336,0.619320,0.780644,7.64137
extract_mu000,3.83402,1.096089,3.190061,6.538481,4.551765,0.618946,0.780375,7.64089
extract_mu000,3.83851,1.097120,3.474742,6.557628,0.173306,0.618788,0.780366,7.64308
extract_mu000,3.84300,1.098146,3.962701,6.512471,1.538281,0.620372,0.782782,7.67587
extract_mu000,3.84752,1.099172,4.503041,6.456588,8.238180,0.622825,0.786408,7.72393
extract_mu000,3.85201,1.100187,4.936142,6.477596,4.188307,0.622153,0.784690,7.69263
extract_mu000,3.85650,1.101195,5.172710,6.495971,6.771230,0.617692,0.776485,7.56493
extract_mu000,3.86102,1.102205,5.230610,6.477446,5.012115,0.615696,0.772644,7.50321
extract_mu000,3.86551,1.103203,5.276258,6.460795,5.586580,0.622194,0.783846,7.66915
extract_mu000,3.87000,1.104195,5.447750,6.467868,4.010320,0.628633,0.794947,7.83345
extract_mu000,3.87452,1.105188,5.801377,6.494145,4.938294,0.621909,0.783466,7.65572
extract_mu000,3.87901,1.106168,6.258575,6.491021,0.127026,0.615230,0.772060,7.47902
extract_mu000,3.88351,1.107146,6.576864,6.439250,10.265550,0.618535,0.778125,7.57935
extract_mu000,3.88802,1.108120,6.516761,6.364506,8.452170,0.624619,0.789055,7.75673
extract_mu000,3.89251,1.109084,6.026195,6.359717,2.431837,0.623971,0.788515,7.76335
extract_mu000,3.89700,1.110042,5.200247,6.442703,9.616960,0.618095,0.779072,7.63750
extract_mu000,3.90152,1.111001,4.229360,6.458595,3.003092,0.616581,0.776755,7.61412
extract_mu000,3.90601,1.111949,3.420361,6.400534,1.009626,0.623648,0.788455,7.79219
extract_mu000,3.91052,1.112895,2.997834,6.371547,0.294429,0.629119,0.797462,7.92738
extract_mu000,3.91501,1.113831,3.037123,6.354244,4.403430,0.622258,0.785669,7.73257
extract_mu000,3.91950,1.114761,3.495023,6.344328,4.263920,0.615396,0.773875,7.53758
extract_mu000,3.92402,1.115692,4.238466,6.313575,9.231860,0.620538,0.782007,7.66243
extract_mu000,3.92851,1.116611,5.092390,6.280601,0.171760,0.627058,0.792431,7.82400
extract_mu000,3.93302,1.117529,5.966223,6.392158,5.777930,0.624981,0.787935,7.73725
extract_mu000,3.93752,1.118439,6.763767,6.612480,10.498620,0.618746,0.776228,7.53040
extract_mu000,3.94201,1.119342,7.425795,6.778253,4.212200,0.617886,0.774186,7.47177
extract_mu000,3.94650,1.120239,7.905212,6.837604,8.634590,0.623570,0.783910,7.59366
extract_mu000,3.95102,1.121136,8.142785,6.754318,10.774650,0.626702,0.789685,7.67635
extract_mu000,3.95551,1.122022,8.132762,6.542726,5.586460,0.621051,0.781843,7.62339
extract_mu000,3.96002,1.122906,7.882835,6.344811,8.192080,0.615429,0.774050,7.57112
extract_mu000,3.96452,1.123782,7.406192,6.316667,10.163540,0.620967,0.783797,7.71583
extract_mu000,3.96901,1.124651,6.774613,6.451309,6.802590,0.626492,0.793521,7.86013
extract_mu000,3.97352,1.125518,6.087588,6.619865,6.711660,0.623109,0.786356,7.70982
extract_mu000,3.97802,1.126378,5.461004,6.779613,4.289220,0.617290,0.774575,7.47887
extract_mu000,3.98251,1.127230,5.056338,6.810743,7.526610,0.618104,0.775149,7.47362
extract_mu000,3.98700,1.128076,4.978172,6.643597,3.078281,0.624091,0.785360,7.64441
extract_mu000,3.99152,1.128923,5.219749,6.460843,3.894920,0.626146,0.789300,7.72622
extract_mu000,3.99600,1.129757,5.687530,6.346004,7.810560,0.620460,0.780877,7.63225
extract_mu000,4.00052,1.130592,6.260124,6.332041,2.053785,0.616019,0.774290,7.55719
extract_mu000,4.00501,1.131416,6.830736,6.493140,9.665940,0.621454,0.782260,7.63280
extract_mu000,4.00950,1.132235,7.319891,6.704808,8.256860,0.626889,0.790230,7.70839
extract_mu000,4.01402,1.133053,7.674810,6.793709,1.318961,0.622589,0.782691,7.59109
extract_mu000,4.01851,1.133860,7.843389,6.740962,13.351980,0.617175,0.773384,7.45189
extract_mu000,4.02300,1.134662,7.783185,6.586067,7.729770,0.618790,0.777657,7.55070
extract_mu000,4.02752,1.135464,7.496247,6.399659,0.325017,0.623863,0.788623,7.76681
extract_mu000,4.03201,1.136255,7.011689,6.297679,12.788150,0.624419,0.790720,7.82441
extract_mu000,4.03652,1.137043,6.387187,6.377841,4.679030,0.619496,0.782076,7.69043
extract_mu000,4.04101,1.137823,5.747709,6.567299,1.686937,0.616745,0.776564,7.58920
extract_mu000,4.04550,1.138597,5.232242,6.717455,9.539320,0.621302,0.781562,7.59745
extract_mu000,4.05002,1.139370,4.953105,6.803401,1.732476,0.625841,0.786534,7.60538
extract_mu000,4.05451,1.140133,4.996992,6.725672,3.404500,0.621523,0.780457,7.54436
extract_mu000,4.05900,1.140891,5.331277,6.497466,7.136570,0.617205,0.774380,7.48332
extract_mu000,4.06352,1.141648,5.848859,6.341521,7.489030,0.619711,0.779787,7.59955
extract_mu000,4.06801,1.142394,6.422135,6.316506,6.575730,0.624135,0.788411,7.76504
extract_mu000,4.07252,1.143138,6.922325,6.411072,5.946990,0.623802,0.787505,7.74049
extract_mu000,4.07701,1.143873,7.251959,6.613755,11.247940,0.619791,0.779235,7.56905
extract_mu000,4.08151,1.144604,7.357758,6.779190,7.848750,0.618160,0.775423,7.48053
extract_mu000,4.08602,1.145332,7.237462,6.771601,3.987286,0.621177,0.780318,7.55420
extract_mu000,4.09051,1.146050,6.925401,6.621177,11.510090,0.623573,0.784508,7.62526
extract_mu000,4.09500,1.146764,6.476180,6.439836,7.922010,0.621314,0.783474,7.67909
extract_mu000,4.09952,1.147476,5.981893,6.307818,0.131592,0.619041,0.782433,7.73326
extract_mu000,4.10401,1.148178,5.534020,6.307086,9.573290,0.620200,0.783596,7.71935
extract_mu000,4.10850,1.148875,5.187140,6.486496,5.593050,0.621759,0.785017,7.69751
extract_mu000,4.11301,1.149569,4.994123,6.690248,3.333290,0.621792,0.783043,7.61229
extract_mu000,4.11750,1.150255,4.976341,6.769084,6.436220,0.621067,0.779397,7.49611
extract_mu000,4.12202,1.150939,5.109363,6.749767,1.208684,0.620648,0.777871,7.46752
extract_mu000,4.12651,1.151614,5.383649,6.587827,7.845430,0.620616,0.778992,7.54772
extract_mu000,4.13101,1.152285,5.754357,6.362363,4.702633,0.620767,0.780638,7.62724
extract_mu000,4.13552,1.152952,6.160012,6.287830,3.576596,0.621538,0.784063,7.70414
extract_mu000,4.14001,1.153610,6.529540,6.361412,12.703100,0.622292,0.787422,7.77941
extract_mu000,4.14450,1.154263,6.797951,6.525265,3.373037,0.620453,0.781814,7.62892
extract_mu000,4.14902,1.154915,6.941664,6.714522,5.106445,0.618602,0.776169,7.47731
extract_mu000,4.15351,1.155557,6.955230,6.799730,13.230420,0.620257,0.779064,7.52052
extract_mu000,4.15800,1.156194,6.849801,6.704316,2.091898,0.622880,0.784313,7.61734
extract_mu000,4.16252,1.156829,6.653774,6.501179,4.993187,0.622056,0.784468,7.66977
extract_mu000,4.16701,1.157455,6.390612,6.348403,11.813430,0.618512,0.780587,7.68643
extract_mu000,4.17150,1.158076,6.086990,6.291097,2.306642,0.617705,0.780065,7.70687
extract_mu000,4.17601,1.158693,5.782485,6.370174,4.500519,0.622265,0.786129,7.73481
extract_mu000,4.18051,1.159305,5.500469,6.593263,7.391530,0.625627,0.790069,7.73253
extract_mu000,4.18502,1.159912,5.294567,6.759720,6.572840,0.619988,0.778009,7.50152
extract_mu000,4.18952,1.160512,5.210871,6.754228,3.965357,0.614361,0.765975,7.27077
extract_mu000,4.19401,1.161106,5.284129,6.643408,2.634916,0.619182,0.776639,7.49446
extract_mu000,4.19852,1.161697,5.548121,6.443540,9.180080,0.625256,0.790025,7.77238
extract_mu000,4.20301,1.162280,5.977657,6.270322,4.038897,0.623173,0.787714,7.77771
extract_mu000,4.20750,1.162858,6.502129,6.292019,1.588379,0.617120,0.777766,7.65054
extract_mu000,4.21202,1.163434,7.013568,6.451387,12.338070,0.616412,0.775847,7.59499
extract_mu000,4.21652,1.164002,7.379123,6.632969,5.815880,0.622205,0.783701,7.62714
extract_mu000,4.22101,1.164564,7.514141,6.763383,5.985890,0.625347,0.787734,7.63186
extract_mu000,4.22552,1.165123,7.388260,6.759961,12.232820,0.619589,0.778922,7.54407
extract_mu000,4.23001,1.165674,7.039627,6.591997,4.204104,0.613909,0.770243,7.45812
extract_mu000,4.23451,1.166222,6.550729,6.370949,6.041710,0.619262,0.781427,7.68457
extract_mu000,4.23902,1.166765,6.011537,6.280826,7.179340,0.624627,0.792637,7.91128
extract_mu000,4.24351,1.167301,5.517157,6.323881,2.261229,0.622272,0.786769,7.77081
extract_mu000,4.24800,1.167831,5.164265,6.480391,6.660050,0.617789,0.776191,7.52884
extract_mu000,4.25252,1.168360,5.030629,6.714502,2.762050,0.617752,0.774217,7.43929
extract_mu000,4.25701,1.168880,5.171573,6.797298,2.344717,0.621238,0.779083,7.47169
extract_mu000,4.26150,1.169395,5.568088,6.695277,10.123750,0.622870,0.782102,7.52234
extract_mu000,4.26601,1.169907,6.107987,6.534705,2.922290,0.620878,0.781517,7.60897
extract_mu000,4.27051,1.170412,6.676094,6.354547,6.990750,0.619193,0.781147,7.68661
extract_mu000,4.27502,1.170914,7.165658,6.266633,10.740080,0.619791,0.782394,7.69814
extract_mu000,4.27952,1.171410,7.518705,6.360652,5.380280,0.620387,0.783639,7.70965
extract_mu000,4.28401,1.171899,7.701778,6.559371,7.473770,0.620986,0.782385,7.63053
extract_mu000,4.28852,1.172385,7.685579,6.719852,10.662220,0.621587,0.780831,7.54028
extract_mu000,4.29302,1.172865,7.455881,6.770197,6.754480,0.620180,0.779143,7.52630
extract_mu000,4.29751,1.173339,7.025970,6.683976,7.341890,0.617799,0.777394,7.54939
extract_mu000,4.30200,1.173808,6.447115,6.458897,6.421770,0.618297,0.779816,7.63012
extract_mu000,4.30651,1.174274,5.823025,6.270772,8.180240,0.622330,0.787370,7.78189
extract_mu000,4.31100,1.174733,5.268081,6.279687,5.199460,0.624242,0.790534,7.84136
extract_mu000,4.31552,1.175190,4.916003,6.408846,0.038540,0.618957,0.778792,7.58735
extract_mu000,4.32001,1.175638,4.877336,6.592435,7.671170,0.613763,0.767236,7.33671
extract_mu000,4.32450,1.176082,5.149630,6.765462,1.855030,0.619806,0.777219,7.47674
extract_mu000,4.32902,1.176524,5.683715,6.755591,4.697310,0.625889,0.787269,7.61762
extract_mu000,4.33351,1.176958,6.363773,6.591577,9.274950,0.622244,0.783591,7.62569
extract_mu000,4.33800,1.177387,7.038857,6.424212,0.411786,0.615917,0.776135,7.59729
extract_mu000,4.34252,1.177814,7.591477,6.293334,10.734780,0.616479,0.777901,7.65022
extract_mu000,4.34701,1.178233,7.919123,6.285398,9.728690,0.622388,0.786816,7.76568
extract_mu000,4.35150,1.178648,7.980018,6.449696,2.437650,0.624471,0.789170,7.76930
extract_mu000,4.35602,1.179060,7.782739,6.667410,12.372570,0.619046,0.778642,7.55302
extract_mu000,4.36051,1.179464,7.365569,6.776348,7.540520,0.614777,0.770408,7.38331
extract_mu000,4.36500,1.179864,6.802983,6.727191,1.536544,0.618967,0.778945,7.55547
extract_mu000,4.36952,1.180262,6.188352,6.573733,10.724170,0.623184,0.787539,7.72864
extract_mu000,4.37401,1.180652,5.627812,6.359829,3.166458,0.621623,0.785111,7.71556
extract_mu000,4.37852,1.181039,5.248965,6.254221,2.502758,0.619375,0.781375,7.68050
extract_mu000,4.38301,1.181420,5.143224,6.364111,8.957060,0.619096,0.779299,7.60852
extract_mu000,4.38751,1.181796,5.311066,6.527889,4.408860,0.619777,0.778027,7.51816
extract_mu000,4.39202,1.182169,5.691561,6.687215,5.984020,0.620638,0.778419,7.49012
extract_mu000,4.39651,1.182536,6.181573,6.791758,5.154390,0.621707,0.780816,7.53742
extract_mu000,4.40101,1.182898,6.709372,6.702035,9.716410,0.621831,0.782104,7.58090
extract_mu000,4.40552,1.183257,7.185281,6.500724,8.904580,0.618743,0.779620,7.61122
extract_mu000,4.41002,1.183610,7.520716,6.334081,4.011770,0.615710,0.777197,7.64172
extract_mu000,4.41451,1.183958,7.651607,6.270077,12.210710,0.620004,0.783410,7.71209
extract_mu000,4.41902,1.184303,7.525055,6.355160,10.917530,0.624318,0.789650,7.78274
extract_mu000,4.42351,1.184642,7.146029,6.565856,1.548652,0.620926,0.782847,7.64604
extract_mu000,4.42801,1.184976,6.597332,6.761723,11.632530,0.615399,0.772429,7.45159
extract_mu000,4.43252,1.185307,5.973311,6.763912,7.757690,0.616510,0.774377,7.48290
extract_mu000,4.43702,1.185633,5.402825,6.620632,2.262373,0.622760,0.785903,7.68904
extract_mu000,4.44150,1.185953,5.008421,6.450481,8.149890,0.624783,0.790032,7.77625
extract_mu000,4.44602,1.186271,4.858123,6.284218,2.370177,0.618546,0.779719,7.63189
extract_mu000,4.45051,1.186583,4.978531,6.274258,5.692220,0.613736,0.771535,7.51245
extract_mu000,4.45500,1.186890,5.311814,6.440858,6.698590,0.619433,0.778963,7.57538
extract_mu000,4.45952,1.187194,5.752351,6.607993,2.294286,0.625169,0.786441,7.63872
extract_mu000,4.46401,1.187493,6.192529,6.731492,11.161540,0.622253,0.782247,7.57892
extract_mu000,4.46852,1.187788,6.526653,6.760373,4.366740,0.618313,0.776669,7.50442
extract_mu000,4.47302,1.188078,6.733658,6.610195,6.183690,0.618049,0.777605,7.55297
extract_mu000,4.47751,1.188363,6.819924,6.385914,12.758270,0.619571,0.781702,7.66115
extract_mu000,4.48202,1.188646,6.806280,6.264274,1.826137,0.620623,0.784139,7.71642
extract_mu000,4.48651,1.188922,6.735353,6.301791,5.983370,0.621097,0.784553,7.70741
extract_mu000,4.49102,1.189196,6.619140,6.463173,12.722200,0.620864,0.783527,7.67124
extract_mu000,4.49552,1.189465,6.451700,6.681582,0.727429,0.618282,0.777733,7.54536
extract_mu000,4.50001,1.189729,6.236990,6.800752,6.101640,0.615750,0.772037,7.42135
extract_mu000,4.50452,1.189989,5.953054,6.702088,9.737470,0.620537,0.780720,7.57843
extract_mu000,4.50901,1.190245,5.616465,6.513710,4.816920,0.625304,0.789365,7.73469
extract_mu000,4.51351,1.190497,5.293839,6.363879,5.347110,0.621443,0.783386,7.66684
extract_mu000,4.51802,1.190746,5.067462,6.268755,3.540466,0.615178,0.773333,7.53655
extract_mu000,4.52251,1.190989,5.037355,6.333828,7.660870,0.616132,0.774723,7.54441
extract_mu000,4.52701,1.191228,5.244010,6.538538,4.724790,0.622742,0.785082,7.66048
extract_mu000,4.53152,1.191465,5.669629,6.694640,1.161901,0.625044,0.788395,7.68476
extract_mu000,4.53601,1.191696,6.239450,6.758638,11.595510,0.619072,0.778187,7.53306
extract_mu000,4.54051,1.191923,6.805418,6.703770,4.702430,0.614317,0.770264,7.42115
extract_mu000,4.54500,1.192147,7.256427,6.497353,6.227460,0.618816,0.779712,7.61194
extract_mu000,4.54952,1.192367,7.510399,6.293441,12.912560,0.623344,0.789223,7.80384
extract_mu000,4.55401,1.192583,7.526559,6.257833,3.348938,0.621346,0.785694,7.74283
extract_mu000,4.55852,1.192795,7.333967,6.391257,7.620210,0.618579,0.780629,7.65206
extract_mu000,4.56301,1.193003,6.980637,6.585870,10.518180,0.618097,0.778419,7.57857
extract_mu000,4.56751,1.193207,6.525997,6.750733,1.967676,0.618727,0.777590,7.51317
extract_mu000,4.57202,1.193408,6.044344,6.780975,7.111530,0.619962,0.778659,7.50988
extract_mu000,4.57651,1.193604,5.600929,6.612952,6.531210,0.621917,0.782006,7.58133
extract_mu000,4.58102,1.193797,5.268223,6.418463,1.555145,0.622508,0.783475,7.62866
extract_mu000,4.58552,1.193986,5.139988,6.316405,8.309510,0.618542,0.778661,7.59486
extract_mu000,4.59001,1.194171,5.262379,6.286210,1.183685,0.614637,0.773928,7.56176
extract_mu000,4.59450,1.194352,5.654210,6.418198,6.089130,0.619961,0.781570,7.63799
extract_mu000,4.59901,1.194531,6.227603,6.641498,8.083760,0.625309,0.789246,7.71454
extract_mu000,4.60351,1.194705,6.877720,6.758975,5.219600,0.621470,0.782619,7.60284
extract_mu000,4.60802,1.194877,7.490539,6.742591,8.684600,0.615074,0.772007,7.43851
extract_mu000,4.61252,1.195044,7.931109,6.596890,9.405480,0.615730,0.773982,7.49953
extract_mu000,4.61701,1.195208,8.100681,6.375633,7.681170,0.621888,0.785779,7.73620
extract_mu000,4.62152,1.195368,7.954901,6.236805,9.900090,0.624256,0.790746,7.84324
extract_mu000,4.62601,1.195525,7.490529,6.299463,7.001570,0.619139,0.782220,7.69432
extract_mu000,4.63050,1.195678,6.791133,6.502638,7.405720,0.615037,0.775033,7.55968
extract_mu000,4.63502,1.195829,5.992118,6.671976,6.625850,0.618712,0.778098,7.53472
extract_mu000,4.63951,1.195975,5.264986,6.761018,3.012897,0.622362,0.781142,7.50992
extract_mu000,4.64400,1.196118,4.790755,6.713162,6.504370,0.621502,0.780307,7.52192
extract_mu000,4.64852,1.196259,4.679485,6.502494,3.078161,0.620095,0.779000,7.53841
extract_mu000,4.65301,1.196395,4.949345,6.333315,2.803817,0.619128,0.779015,7.58467
extract_mu000,4.65752,1.196529,5.521948,6.283757,8.888930,0.618368,0.779672,7.64573
extract_mu000,4.66202,1.196659,6.230021,6.325423,1.404916,0.619201,0.781542,7.67660
extract_mu000,4.66651,1.196786,6.920743,6.513861,9.028890,0.621975,0.784890,7.67070
extract_mu000,4.67102,1.196910,7.468599,6.725049,9.190840,0.622984,0.785441,7.63418
extract_mu000,4.67551,1.197031,7.814976,6.782499,2.870680,0.617958,0.776451,7.49395
extract_mu000,4.68001,1.197149,7.937857,6.673660,11.313260,0.612993,0.767582,7.35594
extract_mu000,4.68452,1.197264,7.824465,6.476808,8.582290,0.619118,0.780409,7.62146
extract_mu000,4.68901,1.197375,7.488315,6.301587,2.161063,0.625216,0.793179,7.88548
extract_mu000,4.69350,1.197484,6.971563,6.255343,11.496750,0.621812,0.787107,7.78625
extract_mu000,4.69802,1.197590,6.338807,6.408403,4.816730,0.615735,0.775739,7.58490
extract_mu000,4.70252,1.197693,5.711121,6.628181,3.295490,0.616142,0.774317,7.50918
extract_mu000,4.70701,1.197793,5.228100,6.734502,9.267140,0.621589,0.780624,7.53110
extract_mu000,4.71152,1.197890,4.979912,6.748683,2.593341,0.623864,0.783200,7.53971
extract_mu000,4.71601,1.197984,5.018914,6.637887,4.469320,0.620022,0.778580,7.52270
extract_mu000,4.72050,1.198076,5.319666,6.418923,5.532670,0.616827,0.775067,7.52209
extract_mu000,4.72502,1.198165,5.812088,6.293849,7.205280,0.618592,0.780036,7.64759
extract_mu000,4.72951,1.198251,6.379814,6.306108,7.654030,0.620345,0.784973,7.77218
extract_mu000,4.73400,1.198334,6.883375,6.418901,3.479113,0.621035,0.784212,7.70123
extract_mu000,4.73852,1.198416,7.222773,6.624734,11.949220,0.621602,0.782764,7.60640
extract_mu000,4.74301,1.198494,7.332029,6.783621,8.874130,0.619595,0.778792,7.52436
extract_mu000,4.74750,1.198569,7.211853,6.750152,0.517265,0.616341,0.773589,7.44822
extract_mu000,4.75202,1.198643,6.916592,6.556842,11.548080,0.616900,0.775695,7.51820
extract_mu000,4.75651,1.198713,6.509484,6.362137,6.789390,0.622157,0.786788,7.76721
extract_mu000,4.76102,1.198782,6.079385,6.264330,0.523094,0.624772,0.792534,7.90456
extract_mu000,4.76551,1.198848,5.707830,6.307897,10.418300,0.618570,0.780429,7.66942
extract_mu000,4.77001,1.198911,5.438683,6.512353,4.149850,0.612429,0.768417,7.43525
extract_mu000,4.77452,1.198973,5.298772,6.701265,4.082420,0.618828,0.776756,7.49526
extract_mu000,4.77901,1.199031,5.274326,6.735649,8.619060,0.625199,0.785058,7.55500
extract_mu000,4.78351,1.199088,5.330517,6.682273,2.452042,0.622399,0.781987,7.55376
extract_mu000,4.78802,1.199143,5.459317,6.533741,7.639350,0.617039,0.775742,7.53553
extract_mu000,4.79252,1.199195,5.655084,6.335209,4.414765,0.616639,0.776990,7.60764
extract_mu000,4.79701,1.199245,5.926807,6.269196,4.881805,0.620100,0.784074,7.75000
extract_mu000,4.80152,1.199293,6.249433,6.357550,10.790010,0.622010,0.787175,7.79292
extract_mu000,4.80601,1.199339,6.564083,6.523534,2.506015,0.620843,0.782405,7.63985
extract_mu000,4.81052,1.199383,6.816881,6.711034,7.281060,0.619618,0.777957,7.50282
extract_mu000,4.81502,1.199426,6.946843,6.791889,12.755280,0.618005,0.776018,7.48852
extract_mu000,4.81951,1.199466,6.917006,6.667762,1.583508,0.616395,0.774082,7.47425
extract_mu000,4.82400,1.199504,6.737302,6.436741,7.498840,0.619910,0.781830,7.65279
extract_mu000,4.82852,1.199540,6.430510,6.290674,10.059620,0.624064,0.790792,7.85547
extract_mu000,4.83300,1.199575,6.063106,6.284721,4.028050,0.621504,0.785641,7.75904
extract_mu000,4.83752,1.199608,5.710041,6.401886,5.617690,0.615644,0.773553,7.51561
extract_mu000,4.84202,1.199639,5.428018,6.618612,6.289530,0.615420,0.771248,7.42784
extract_mu000,4.84650,1.199669,5.257392,6.757556,6.555620,0.622023,0.780789,7.52874
extract_mu000,4.85102,1.199697,5.216184,6.720992,5.652200,0.625777,0.786711,7.60325
extract_mu000,4.85551,1.199723,5.307180,6.611660,0.133750,0.619617,0.779988,7.58459
extract_mu000,4.86000,1.199748,5.551262,6.445425,10.450230,0.613515,0.773342,7.56670
extract_mu000,4.86452,1.199771,5.906733,6.281012,2.291677,0.618108,0.780846,7.69505
extract_mu000,4.86901,1.199793,6.342108,6.286763,5.377233,0.622670,0.788301,7.82247
extract_mu000,4.87350,1.199813,6.794625,6.442895,11.375100,0.621654,0.784746,7.71279
extract_mu000,4.87802,1.199832,7.190631,6.630307,1.741224,0.619071,0.778089,7.53595
extract_mu000,4.88251,1.199850,7.460712,6.765307,7.449990,0.617963,0.775615,7.47687
extract_mu000,4.88700,1.199866,7.533688,6.752632,12.071250,0.617991,0.776370,7.50879
extract_mu000,4.89152,1.199881,7.363309,6.564178,0.388946,0.618937,0.778973,7.57899
extract_mu000,4.89601,1.199895,6.958968,6.338187,9.169250,0.621669,0.785156,7.72294
extract_mu000,4.90052,1.199908,6.370079,6.265488,7.983620,0.623525,0.789418,7.82511
extract_mu000,4.90501,1.199920,5.713661,6.343320,2.311312,0.618667,0.778917,7.60653
extract_mu000,4.90950,1.199931,5.139903,6.497052,7.537890,0.613808,0.768416,7.38773
extract_mu000,4.91402,1.199941,4.799241,6.697551,1.671871,0.618790,0.776380,7.48694
extract_mu000,4.91851,1.199949,4.803735,6.776363,3.476760,0.624896,0.786465,7.62288
extract_mu000,4.92302,1.199957,5.158151,6.673513,7.849450,0.622552,0.784284,7.63653
extract_mu000,4.92751,1.199964,5.753136,6.524620,4.446743,0.616141,0.776191,7.59102
extract_mu000,4.93201,1.199970,6.435203,6.357264,8.243850,0.615118,0.775906,7.62534
extract_mu000,4.93650,1.199976,7.042780,6.252143,6.499630,0.620682,0.785160,7.75697
extract_mu000,4.94101,1.199981,7.486807,6.340371,9.093250,0.624085,0.790236,7.81378
extract_mu000,4.94551,1.199985,7.716045,6.548882,9.686990,0.620011,0.780883,7.61292
extract_mu000,4.95000,1.199988,7.720350,6.724807,5.527115,0.615973,0.771612,7.41357
extract_mu000,4.95452,1.199991,7.518866,6.770688,9.127640,0.617926,0.775840,7.49745
extract_mu000,4.95901,1.199993,7.126849,6.666233,9.292650,0.619867,0.780041,7.58074
extract_mu000,4.96350,1.199995,6.580322,6.447569,3.714869,0.620879,0.782504,7.64918
extract_mu000,4.96802,1.199997,5.959783,6.262125,9.359330,0.621638,0.784497,7.71391
extract_mu000,4.97251,1.199998,5.362678,6.279789,5.392000,0.620233,0.781731,7.66433
extract_mu000,4.97702,1.199999,4.921064,6.418810,1.311447,0.617128,0.775234,7.52525
extract_mu000,4.98152,1.199999,4.764435,6.579287,8.243350,0.616758,0.773704,7.47139
extract_mu000,4.98601,1.200000,4.931682,6.744088,1.302209,0.621691,0.781812,7.58288
extract_mu000,4.99052,1.200000,5.404100,6.751550,5.648690,0.625348,0.788100,7.67523
extract_mu000,4.99502,1.200000,6.077356,6.594856,7.917780,0.619077,0.780193,7.61775
extract_mu000,4.99951,1.200000,6.801255,6.425579,4.601747,0.612821,0.772305,7.56039
extract_mu000,5.00400,1.200000,7.419290,6.288630,11.329240,0.617780,0.780081,7.67894
extract_mu000,5.00851,1.200000,7.790482,6.271685,7.798470,0.624077,0.789732,7.81859
extract_mu000,5.01300,1.200000,7.852757,6.433396,6.453120,0.622477,0.785907,7.72264
extract_mu000,5.01752,1.200000,7.605170,6.662923,12.778620,0.616994,0.775447,7.51026
extract_mu000,5.02201,1.200000,7.107108,6.780340,4.723161,0.615793,0.772580,7.44289
extract_mu000,5.02650,1.200000,6.479234,6.719671,5.012789,0.619782,0.778910,7.55118
extract_mu000,5.03102,1.200000,5.843409,6.560298,10.718500,0.622497,0.783464,7.63747
extract_mu000,5.03551,1.200000,5.317394,6.356683,0.826371,0.620891,0.781970,7.64817
extract_mu000,5.04000,1.200000,5.001888,6.246922,4.560282,0.619289,0.780473,7.65851
extract_mu000,5.04452,1.200000,4.916773,6.351552,7.087060,0.618508,0.778459,7.59720
extract_mu000,5.04901,1.200000,5.040526,6.517771,5.643190,0.617732,0.776457,7.53627
extract_mu000,5.05350,1.200000,5.325591,6.661761,5.628510,0.619959,0.779962,7.57571
extract_mu000,5.05802,1.200000,5.709779,6.767342,1.111069,0.623041,0.785026,7.64342
extract_mu000,5.06251,1.200000,6.160003,6.701004,10.202170,0.621427,0.783077,7.63768
extract_mu000,5.06700,1.200000,6.609513,6.505862,6.837790,0.616168,0.775685,7.57502
extract_mu000,5.07152,1.200000,6.993201,6.336733,0.325578,0.614746,0.774332,7.58525
extract_mu000,5.07601,1.200000,7.238975,6.265647,13.207140,0.620905,0.784893,7.73872
extract_mu000,5.08052,1.200000,7.264646,6.339172,7.837140,0.625678,0.792865,7.84833
extract_mu000,5.08501,1.200000,7.050759,6.543810,1.965365,0.619706,0.780811,7.62023
extract_mu000,5.08951,1.200000,6.640811,6.748776,12.742190,0.613720,0.768729,7.39137
extract_mu000,5.09402,1.200000,6.105348,6.769115,4.333609,0.617803,0.775154,7.48494
extract_mu000,5.09852,1.200000,5.571984,6.620425,2.886154,0.623050,0.783724,7.61587
extract_mu000,5.10300,1.200000,5.151264,6.447667,9.180080,0.622350,0.783439,7.64024
extract_mu000,5.10752,1.200000,4.923383,6.290296,0.349751,0.618734,0.778821,7.61281
extract_mu000,5.11201,1.200000,4.929475,6.268516,4.888299,0.617365,0.777277,7.60457
extract_mu000,5.11652,1.200000,5.137661,6.433357,5.791690,0.618713,0.779457,7.61958
extract_mu000,5.12101,1.200000,5.480510,6.602087,5.198120,0.620045,0.781410,7.62854
extract_mu000,5.12551,1.200000,5.880629,6.711264,9.529060,0.621346,0.782628,7.61706
extract_mu000,5.13002,1.200000,6.253093,6.745374,1.054832,0.622618,0.783810,7.60545
extract_mu000,5.13451,1.200000,6.573849,6.617706,8.528150,0.618603,0.778565,7.57596
extract_mu000,5.13901,1.200000,6.805595,6.404146,10.644570,0.614579,0.773309,7.54640
extract_mu000,5.14352,1.200000,6.939097,6.273030,1.109360,0.618223,0.779899,7.66380
extract_mu000,5.14801,1.200000,6.973663,6.296252,8.341160,0.623945,0.789694,7.82066
extract_mu000,5.15252,1.200000,6.880618,6.445594,11.052470,0.622852,0.786884,7.74503
extract_mu000,5.15702,1.200000,6.651004,6.658198,3.198074,0.616473,0.774298,7.48905
extract_mu000,5.16151,1.200000,6.309976,6.797234,7.899160,0.614353,0.769360,7.37394
extract_mu000,5.16601,1.200000,5.881261,6.714459,6.557930,0.620552,0.779357,7.53420
extract_mu000,5.17052,1.200000,5.439009,6.514135,6.544340,0.625459,0.787498,7.67266
extract_mu000,5.17501,1.200000,5.070663,6.362040,4.888580,0.620456,0.781378,7.64344
extract_mu000,5.17952,1.200000,4.868716,6.273968,0.846697,0.615430,0.775230,7.61409
extract_mu000,5.18402,1.200000,4.912860,6.333136,7.954540,0.617592,0.778709,7.64263
extract_mu000,5.18851,1.200000,5.205741,6.532718,2.936088,0.620603,0.783323,7.67798
extract_mu000,5.19300,1.200000,5.694213,6.687486,3.100258,0.621460,0.783499,7.64258
extract_mu000,5.19752,1.200000,6.267564,6.743077,12.200320,0.621263,0.781494,7.57217
extract_mu000,5.20201,1.200000,6.783673,6.700127,0.358078,0.619926,0.779153,7.54213
extract_mu000,5.20650,1.200000,7.162808,6.520632,7.434370,0.617197,0.776387,7.56073
extract_mu000,5.21102,1.200000,7.349769,6.310948,11.589720,0.616190,0.776184,7.60657
extract_mu000,5.21551,1.200000,7.342847,6.247168,1.295734,0.621100,0.784751,7.74413
extract_mu000,5.22000,1.200000,7.176400,6.361122,7.688810,0.625954,0.793208,7.87949
extract_mu000,5.22452,1.200000,6.878525,6.554937,9.682720,0.619706,0.780152,7.60552
extract_mu000,5.22901,1.200000,6.482824,6.735892,1.908788,0.613499,0.767182,7.33303
extract_mu000,5.23350,1.200000,6.036379,6.786942,8.756320,0.617220,0.773248,7.42451
extract_mu000,5.23802,1.200000,5.589770,6.624335,4.656598,0.623732,0.784658,7.61796
extract_mu000,5.24251,1.200000,5.230239,6.409353,4.677730,0.623387,0.785952,7.68974
extract_mu000,5.24702,1.200000,5.050421,6.303200,7.578720,0.617708,0.779395,7.66775
extract_mu000,5.25151,1.200000,5.094611,6.289320,2.404224,0.615321,0.776740,7.66254
extract_mu000,5.25600,1.200000,5.370783,6.410673,6.027160,0.619301,0.781632,7.68986
extract_mu000,5.26052,1.200000,5.822716,6.626784,5.688820,0.622649,0.785508,7.70080
extract_mu000,5.26500,1.200000,6.371398,6.748179,6.232110,0.621030,0.781479,7.58749
extract_mu000,5.26952,1.200000,6.912276,6.736543,9.120950,0.619397,0.777415,7.47311
extract_mu000,5.27401,1.200000,7.317096,6.620314,4.759540,0.618258,0.777171,7.52927
extract_mu000,5.27851,1.200000,7.506633,6.413654,10.667890,0.617174,0.777376,7.60566
extract_mu000,5.28302,1.200000,7.437251,6.249840,9.760660,0.619298,0.781516,7.69300
extract_mu000,5.28751,1.200000,7.126379,6.275525,1.900456,0.622954,0.787527,7.78511
extract_mu000,5.29200,1.200000,6.651195,6.467236,10.584070,0.622461,0.785384,7.71545
extract_mu000,5.29652,1.200000,6.095116,6.663672,6.409410,0.616842,0.773163,7.44546
extract_mu000,5.30101,1.200000,5.564836,6.771034,0.422990,0.613971,0.766638,7.29181
extract_mu000,5.30550,1.200000,5.169889,6.731676,9.052890,0.620315,0.779197,7.52831
extract_mu000,5.31002,1.200000,4.977961,6.517460,2.476963,0.626624,0.791715,7.76440
extract_mu000,5.31451,1.200000,5.026224,6.322439,3.643898,0.620503,0.783864,7.71836
extract_mu000,5.31902,1.200000,5.286064,6.281243,8.771050,0.614355,0.775979,7.67212
extract_mu000,5.32352,1.200000,5.684758,6.333027,4.458330,0.616926,0.779063,7.67603
extract_mu000,5.32801,1.200000,6.151947,6.498148,7.892170,0.621900,0.785173,7.69379
extract_mu000,5.33252,1.200000,6.614021,6.703975,5.676830,0.622379,0.784086,7.62817
extract_mu000,5.33702,1.200000,7.023991,6.771696,6.895620,0.619365,0.777420,7.49815
extract_mu000,5.34151,1.200000,7.323251,6.688025,10.802830,0.617613,0.774383,7.45662
extract_mu000,5.34602,1.200000,7.435179,6.512545,5.418630,0.618304,0.778388,7.58716
extract_mu000,5.35052,1.200000,7.316785,6.321268,7.793520,0.619136,0.782154,7.70366
extract_mu000,5.35500,1.200000,6.966888,6.237367,12.494120,0.621048,0.784162,7.71664
extract_mu000,5.35952,1.200000,6.430743,6.355185,1.485997,0.622977,0.786188,7.72973
extract_mu000,5.36402,1.200000,5.820166,6.594465,6.866730,0.619353,0.778151,7.54623
extract_mu000,5.36851,1.200000,5.246216,6.744929,8.196480,0.615079,0.768940,7.33965
extract_mu000,5.37300,1.200000,4.826336,6.763068,2.493437,0.617525,0.773939,7.43521
extract_mu000,5.37752,1.200000,4.652407,6.654394,4.728980,0.623283,0.785942,7.67944
extract_mu000,5.38201,1.200000,4.749196,6.424562,3.558449,0.623568,0.788688,7.77968
extract_mu000,5.38652,1.200000,5.089088,6.281294,7.069160,0.617210,0.780228,7.70661
extract_mu000,5.39102,1.200000,5.584767,6.306304,5.889520,0.613686,0.775223,7.65516
extract_mu000,5.39551,1.200000,6.116681,6.411628,1.730596,0.619655,0.781790,7.67608
extract_mu000,5.40002,1.200000,6.586702,6.596638,12.624870,0.625596,0.788311,7.69624
extract_mu000,5.40451,1.200000,6.909572,6.759289,4.951060,0.620914,0.780410,7.55414
extract_mu000,5.40901,1.200000,7.070684,6.756459,4.036230,0.616223,0.772492,7.41162
extract_mu000,5.41352,1.200000,7.070656,6.597304,13.587050,0.617358,0.775909,7.51391
extract_mu000,5.41802,1.200000,6.910344,6.394091,4.610740,0.620086,0.782422,7.68287
extract_mu000,5.42251,1.200000,6.612819,6.265512,3.947180,0.621167,0.784443,7.72849
extract_mu000,5.42700,1.200000,6.213032,6.276913,12.368790,0.620962,0.782956,7.67780
extract_mu000,5.43152,1.200000,5.749164,6.470107,1.297032,0.620045,0.780096,7.59794
extract_mu000,5.43601,1.200000,5.298719,6.705167,4.533500,0.617749,0.774596,7.46233
extract_mu000,5.44050,1.200000,4.931745,6.768374,7.067430,0.616219,0.770911,7.36817
extract_mu000,5.44502,1.200000,4.727905,6.699977,4.219252,0.620553,0.781117,7.59175
extract_mu000,5.44951,1.200000,4.752969,6.541115,5.385370,0.624859,0.791255,7.81362
extract_mu000,5.45400,1.200000,5.029062,6.328010,1.236569,0.620085,0.784205,7.74187
extract_mu000,5.45852,1.200000,5.530626,6.255377,7.470090,0.614210,0.775082,7.63500
extract_mu000,5.46301,1.200000,6.154082,6.349581,8.678340,0.616519,0.777508,7.62989
extract_mu000,5.46752,1.200000,6.759043,6.521291,2.169139,0.622815,0.785552,7.67409
extract_mu000,5.47201,1.200000,7.229639,6.737903,11.111540,0.623780,0.785626,7.63301
extract_mu000,5.47651,1.200000,7.485223,6.901838,8.978390,0.618249,0.775975,7.48749
extract_mu000,5.48100,1.200000,7.545724,6.911654,4.724780,0.614937,0.770558,7.41748
extract_mu000,5.48552,1.200000,7.478198,6.788595,9.298540,0.619145,0.779503,7.60415
extract_mu000,5.49001,1.200000,7.344507,6.667735,7.152050,0.623286,0.788305,7.78768
extract_mu000,5.49452,1.200000,7.171363,6.573304,4.546240,0.621069,0.783369,7.68298
extract_mu000,5.49901,1.200000,6.885353,6.374606,6.612140,0.618861,0.778454,7.57869
extract_mu020,0.00000,0.000000,0.000000,0.000000,0.000000,0.000000,0.000000,0.00000
extract_mu020,0.00452,0.000000,0.000000,0.000000,0.000000,0.000000,0.000000,0.00000
extract_mu020,0.00901,0.000000,0.000000,0.000000,0.000000,0.000000,0.000000,0.00000
extract_mu020,0.01351,0.000000,0.000000,0.000000,0.000000,0.000000,0.000000,0.00000
extract_mu020,0.01800,0.000001,0.000000,0.000000,0.000000,0.000000,0.000000,0.00000
extract_mu020,0.02252,0.000001,0.000000,0.000000,0.000000,0.000000,0.000000,0.00000
extract_mu020,0.02702,0.000002,0.000000,0.000000,0.000000,0.000000,0.000000,0.00000
extract_mu020,0.03151,0.000003,0.000000,0.000000,0.000000,0.000000,0.000000,0.00000
extract_mu020,0.03600,0.000004,0.000000,0.000000,0.000000,0.000000,0.000000,0.00000
extract_mu020,0.04052,0.000006,0.000000,0.000000,0.000000,0.000000,0.000000,0.00000
extract_mu020,0.04502,0.000009,0.000000,0.000000,0.000000,0.000000,0.000000,0.00000
extract_mu020,0.04951,0.000011,0.000000,0.000000,0.000000,0.000000,0.000000,0.00000
extract_mu020,0.05401,0.000015,0.000000,0.000000,0.000000,0.000000,0.000000,0.00000
extract_mu020,0.05852,0.000019,0.000000,0.000000,0.000000,0.000000,0.000000,0.00000
extract_mu020,0.06302,0.000024,0.000000,0.000000,0.000000,0.000000,0.000000,0.00000
extract_mu020,0.06751,0.000029,0.000000,0.000000,0.000000,0.000000,0.000000,0.00000
extract_mu020,0.07201,0.000035,0.000000,0.000000,0.000000,0.000000,0.000000,0.00000
extract_mu020,0.07650,0.000042,0.000000,0.000000,0.000000,0.000000,0.000000,0.00000
extract_mu020,0.08102,0.000050,0.000000,0.000000,0.000000,0.000000,0.000000,0.00000
extract_mu020,0.08551,0.000059,0.000000,0.000000,0.000000,0.000000,0.000000,0.00000
extract_mu020,0.09001,0.000068,0.000000,0.000000,0.000000,0.000000,0.000000,0.00000
extract_mu020,0.09450,0.000079,0.000000,0.000000,0.000000,0.000000,0.000000,0.00000
extract_mu020,0.09902,0.000090,0.000000,0.000000,0.000000,0.000000,0.000000,0.00000
extract_mu020,0.10352,0.000103,0.000000,0.000000,0.000000,0.000000,0.000000,0.00000
extract_mu020,0.10801,0.000117,0.000000,0.000000,0.000000,0.000000,0.000000,0.00000
extract_mu020,0.11250,0.000132,0.000000,0.000000,0.000000,0.000000,0.000000,0.00000
extract_mu020,0.11702,0.000148,0.000000,0.000000,0.000000,0.000000,0.000000,-0.00000
extract_mu020,0.12152,0.000166,0.000000,0.000000,0.000000,0.000000,0.000000,-0.00000
extract_mu020,0.12601,0.000185,0.000000,0.000000,0.000000,0.000000,0.000000,-0.00000
extract_mu020,0.13051,0.000205,0.000000,0.000000,0.000000,0.000000,0.000000,-0.00000
extract_mu020,0.13500,0.000227,0.000000,0.000000,0.000000,0.000000,0.000000,-0.00000
extract_mu020,0.13952,0.000250,0.000000,0.000000,0.000000,0.000000,0.000000,0.00000
extract_mu020,0.14401,0.000274,0.000000,0.000000,0.000000,0.000000,0.000000,0.00000
extract_mu020,0.14851,0.000301,0.000000,0.000000,0.000000,0.000000,0.000000,0.00000
extract_mu020,0.15300,0.000328,0.000000,0.000000,0.000000,0.000000,0.000000,0.00000
extract_mu020,0.15752,0.000358,0.000000,0.000000,0.000000,0.000000,0.000000,0.00000
extract_mu020,0.16202,0.000389,0.000000,0.000000,0.000000,0.000000,0.000000,0.00000
extract_mu020,0.16651,0.000421,0.000000,0.000000,0.000000,0.000000,0.000000,0.00000
extract_mu020,0.17101,0.000456,0.000000,0.000000,0.000000,0.000000,0.000000,0.00000
extract_mu020,0.17552,0.000492,-0.000000,0.000000,0.000000,0.000000,0.000000,0.00000
extract_mu020,0.18002,0.000530,-0.000000,0.000000,0.000000,0.000000,0.000000,0.00000
extract_mu020,0.18451,0.000570,-0.000000,-0.000000,0.000000,0.000000,0.000000,0.00000
extract_mu020,0.18901,0.000612,-0.000000,-0.000000,0.000000,0.000000,0.000000,0.00000
extract_mu020,0.19350,0.000656,-0.000000,-0.000000,0.000000,0.000000,0.000000,0.00000
extract_mu020,0.19802,0.000702,-0.000000,-0.000000,0.000000,0.000000,0.000000,0.00000
extract_mu020,0.20251,0.000750,-0.000000,-0.000000,0.000000,0.000000,0.000000,0.00000
extract_mu020,0.20701,0.000800,0.000000,-0.000000,0.000000,0.000000,0.000000,0.00000
extract_mu020,0.21150,0.000852,0.000000,0.000000,0.000000,0.000000,0.000000,0.00000
extract_mu020,0.21602,0.000906,0.000000,0.000000,0.000000,0.000000,0.000000,0.00000
extract_mu020,0.22052,0.000963,0.000000,0.000000,0.000000,0.000000,0.000000,0.00000
extract_mu020,0.22501,0.001021,0.000000,0.000000,0.000000,0.000000,0.000000,0.00000
extract_mu020,0.22950,0.001082,0.000000,0.000000,0.000000,0.000000,0.000000,0.00000
extract_mu020,0.23402,0.001146,0.000000,0.000000,0.000000,0.000000,0.000000,0.00000
extract_mu020,0.23852,0.001211,0.000000,0.000000,0.000000,0.000000,0.000000,0.00000
extract_mu020,0.24301,0.001279,-0.000000,0.000000,0.000000,0.000000,0.000000,0.00000
extract_mu020,0.24751,0.001350,-0.000000,-0.000000,0.000000,0.000000,0.000000,0.00000
extract_mu020,0.25200,0.001422,-0.000000,-0.000000,0.000000,0.000000,0.000000,0.00000
extract_mu020,0.25652,0.001498,-0.000000,-0.000000,0.000000,0.000000,0.000000,0.00000
extract_mu020,0.26101,0.001576,-0.000000,-0.000000,0.000000,0.000000,0.000000,0.00000
extract_mu020,0.26551,0.001657,-0.000000,-0.000000,0.000000,0.000000,0.000000,0.00000
extract_mu020,0.27000,0.001740,-0.000000,-0.000000,0.000000,0.000000,0.000000,0.00000
extract_mu020,0.27452,0.001826,0.000000,-0.000000,0.000000,0.000000,0.000000,0.00000
extract_mu020,0.27902,0.001915,0.000000,-0.000000,0.000000,0.000000,0.000000,0.00000
extract_mu020,0.28351,0.002006,0.000000,0.000000,0.000000,0.000000,0.000000,0.00000
extract_mu020,0.28800,0.002100,0.000000,0.000000,0.000000,0.000000,0.000000,0.00000
extract_mu020,0.29252,0.002197,0.000000,0.000000,0.000000,0.000000,0.000000,0.00000
extract_mu020,0.29702,0.002297,0.000000,0.000000,0.000000,0.000000,0.000000,0.00000
extract_mu020,0.30151,0.002399,0.000000,0.000000,0.000000,0.000000,0.000000,0.00000
extract_mu020,0.30600,0.002504,0.000000,0.000000,0.000000,0.000000,0.000000,0.00000
extract_mu020,0.31053,0.002613,-0.000000,0.000000,0.000000,0.000000,0.000000,0.00000
extract_mu020,0.31502,0.002725,-0.000000,-0.000000,0.000000,0.000000,0.000000,0.00000
extract_mu020,0.31951,0.002839,-0.000000,-0.000000,0.000000,0.000000,0.000000,0.00000
extract_mu020,0.32401,0.002956,-0.000000,-0.000000,0.000000,0.000000,0.000000,0.00000
extract_mu020,0.32850,0.003077,-0.000000,-0.000000,0.000000,0.000000,0.000000,0.00000
extract_mu020,0.33302,0.003201,-0.000000,-0.000000,0.000000,0.000000,0.000000,0.00000
extract_mu020,0.33752,0.003327,-0.000000,-0.000000,0.000000,0.000000,0.000000,0.00000
extract_mu020,0.34201,0.003457,0.000000,-0.000000,0.000000,0.000000,0.000000,0.00000
extract_mu020,0.34650,0.003590,0.000000,-0.000000,0.000000,0.000000,0.000000,0.00000
extract_mu020,0.35102,0.003727,0.000000,0.000000,0.000000,0.000000,0.000000,0.00000
extract_mu020,0.35552,0.003867,0.000000,0.000000,0.000000,0.000000,0.000000,0.00000
extract_mu020,0.36001,0.004010,0.000000,0.000000,0.000000,0.000000,0.000000,0.00000
extract_mu020,0.36450,0.004156,0.000000,0.000000,0.000000,0.000000,0.000000,-0.00000
extract_mu020,0.36902,0.004306,0.000000,0.000000,0.000000,0.000000,0.000000,-0.00000
extract_mu020,0.37352,0.004459,0.000000,0.000000,0.000000,0.000000,0.000000,-0.00000
extract_mu020,0.37801,0.004615,-0.000000,0.000000,0.000000,0.000000,0.000000,-0.00000
extract_mu020,0.38251,0.004775,-0.000001,-0.000000,0.000000,0.000000,0.000000,0.00000
extract_mu020,0.38700,0.004938,-0.000003,-0.000000,0.000000,0.000000,0.000000,0.00000
extract_mu020,0.39152,0.005106,-0.000005,-0.000001,0.000000,0.000000,0.000000,0.00000
extract_mu020,0.39601,0.005276,-0.000008,-0.000002,0.000000,0.000000,0.000000,0.00000
extract_mu020,0.40051,0.005450,-0.000009,-0.000003,0.000000,0.000000,0.000000,0.00000
extract_mu020,0.40500,0.005628,-0.000007,-0.000003,0.000000,0.000000,0.000000,0.00000
extract_mu020,0.40952,0.005810,0.000001,-0.000003,0.000000,0.000000,0.000000,0.00000
extract_mu020,0.41402,0.005995,0.000019,-0.000001,0.000000,0.000000,0.000000,0.00000
extract_mu020,0.41851,0.006183,0.000050,0.000004,0.000000,0.000000,0.000000,0.00000
extract_mu020,0.42301,0.006375,0.000095,0.000014,0.000000,0.000000,0.000000,0.00000
extract_mu020,0.42752,0.006572,0.000150,0.000030,0.000000,0.000000,0.000000,0.00000
extract_mu020,0.43202,0.006772,0.000198,0.000050,0.000000,0.000000,0.000000,0.00000
extract_mu020,0.43651,0.006976,0.000203,0.000069,0.000000,0.000000,0.000000,0.00000
extract_mu020,0.44101,0.007183,0.000109,0.000078,0.000000,0.000000,0.000000,0.00000
extract_mu020,0.44550,0.007394,-0.000164,0.000056,0.000000,0.000000,0.000000,0.00000
extract_mu020,0.45002,0.007611,-0.000705,-0.000022,0.000000,0.000000,0.000000,0.00000
extract_mu020,0.45451,0.007830,-0.001577,-0.000190,0.000000,0.000000,0.000000,0.00000
extract_mu020,0.45901,0.008052,-0.002753,-0.000476,0.000000,0.000000,0.000000,0.00000
extract_mu020,0.46350,0.008279,-0.004013,-0.000884,0.000000,0.000000,0.000000,0.00000
extract_mu020,0.46802,0.008512,-0.004804,-0.001358,0.000000,0.000000,0.000000,0.00000
extract_mu020,0.47252,0.008747,-0.004107,-0.001735,0.000000,0.000000,0.000000,0.00000
extract_mu020,0.47701,0.008985,-0.000358,-0.001692,0.000000,0.000000,0.000000,0.00000
extract_mu020,0.48150,0.009229,0.008432,-0.000709,0.000000,0.000000,0.000000,0.00000
extract_mu020,0.48602,0.009477,0.024193,0.001919,0.000000,0.000000,0.000000,0.00000
extract_mu020,0.49052,0.009728,0.047709,0.006946,0.000000,0.000009,0.000013,0.00017
extract_mu020,0.49501,0.009984,0.076720,0.014849,0.000000,0.000090,0.000126,0.00161
extract_mu020,0.49951,0.010243,0.103180,0.025218,0.437316,0.000170,0.000239,0.00306
extract_mu020,0.50400,0.010507,0.114468,0.036018,0.170332,0.000527,0.000706,0.00811
extract_mu020,0.50852,0.010777,0.111387,0.045013,0.018038,0.000918,0.001217,0.01362
extract_mu020,0.51302,0.011049,0.102525,0.050987,0.186272,0.001331,0.001693,0.01693
extract_mu020,0.51751,0.011325,0.093236,0.054216,0.119262,0.001756,0.002154,0.01918
extract_mu020,0.52201,0.011606,0.086424,0.055560,0.018732,0.002156,0.002644,0.02326
extract_mu020,0.52651,0.011891,0.083481,0.055414,0.162985,0.002525,0.003171,0.02956
extract_mu020,0.53102,0.012182,0.085373,0.053641,0.173015,0.002877,0.003672,0.03577
extract_mu020,0.53552,0.012476,0.093120,0.051769,0.002555,0.003162,0.004080,0.04156
extract_mu020,0.54002,0.012775,0.107558,0.050624,0.129638,0.003447,0.004486,0.04731
extract_mu020,0.54452,0.013077,0.128763,0.050806,0.210353,0.003575,0.004593,0.04653
extract_mu020,0.54901,0.013384,0.155253,0.052484,0.022418,0.003703,0.004700,0.04574
extract_mu020,0.55350,0.013696,0.181669,0.054104,0.191764,0.003862,0.004852,0.04624
extract_mu020,0.55800,0.014012,0.196329,0.054560,0.540393,0.004029,0.005017,0.04710
extract_mu020,0.56252,0.014334,0.189500,0.055064,0.212205,0.004418,0.005558,0.05386
extract_mu020,0.56700,0.014658,0.167539,0.057361,0.197726,0.004974,0.006382,0.06509
extract_mu020,0.57150,0.014988,0.143240,0.062773,0.001804,0.005498,0.007104,0.07341
extract_mu020,0.57602,0.015323,0.127251,0.071584,0.059016,0.005958,0.007616,0.07582
extract_mu020,0.58052,0.015662,0.125125,0.082041,0.082952,0.006390,0.008094,0.07799
extract_mu020,0.58502,0.016006,0.138192,0.089930,0.076168,0.006629,0.008327,0.07840
extract_mu020,0.58952,0.016354,0.164445,0.091047,0.096962,0.006867,0.008560,0.07881
extract_mu020,0.59401,0.016706,0.197069,0.085950,0.118395,0.007063,0.008891,0.08519
extract_mu020,0.59852,0.017064,0.222253,0.078791,0.258504,0.007254,0.009234,0.09231
extract_mu020,0.60302,0.017426,0.225619,0.075311,0.351220,0.007674,0.009832,0.10013
extract_mu020,0.60751,0.017793,0.204933,0.080549,0.061517,0.008203,0.010553,0.10827
extract_mu020,0.61202,0.018165,0.175432,0.094399,0.011517,0.008732,0.011195,0.11309
extract_mu020,0.61652,0.018541,0.154336,0.112100,0.068304,0.009256,0.011738,0.11381
extract_mu020,0.62102,0.018922,0.151587,0.125471,0.261032,0.009723,0.012236,0.11533
extract_mu020,0.62552,0.019308,0.169723,0.127926,0.059540,0.009996,0.012581,0.11955
extract_mu020,0.63001,0.019698,0.205074,0.120193,0.002911,0.010269,0.012926,0.12378
extract_mu020,0.63452,0.020093,0.244628,0.108217,0.186469,0.010561,0.013439,0.13339
extract_mu020,0.63901,0.020493,0.268192,0.101547,0.335554,0.010852,0.013953,0.14299
extract_mu020,0.64350,0.020897,0.263269,0.106898,0.305781,0.011382,0.014577,0.14761
extract_mu020,0.64801,0.021307,0.234918,0.123655,0.199695,0.011980,0.015235,0.15086
extract_mu020,0.65250,0.021721,0.201411,0.145608,0.066301,0.012544,0.015858,0.15353
extract_mu020,0.65702,0.022143,0.184493,0.162538,0.012957,0.013085,0.016459,0.15576
extract_mu020,0.66150,0.022566,0.195272,0.166796,0.015617,0.013538,0.017016,0.16037
extract_mu020,0.66602,0.022997,0.232205,0.158716,0.033527,0.013837,0.017503,0.16972
extract_mu020,0.67052,0.023432,0.280388,0.145518,0.400297,0.014143,0.017995,0.17881
extract_mu020,0.67502,0.023871,0.315717,0.137562,0.464701,0.014511,0.018537,0.18630
extract_mu020,0.67952,0.024315,0.322541,0.142236,0.474046,0.014879,0.019080,0.19380
extract_mu020,0.68402,0.024764,0.299014,0.159870,0.518774,0.015501,0.019733,0.19555
extract_mu020,0.68852,0.025218,0.258194,0.182929,0.246043,0.016153,0.020398,0.19661
extract_mu020,0.69302,0.025678,0.225745,0.201063,0.171010,0.016748,0.021120,0.20227
extract_mu020,0.69752,0.026142,0.221107,0.207561,0.171726,0.017315,0.021869,0.21016
extract_mu020,0.70202,0.026612,0.249303,0.201566,0.223285,0.017772,0.022520,0.21906
extract_mu020,0.70650,0.027085,0.300132,0.190145,0.407304,0.018095,0.023049,0.22918
extract_mu020,0.71102,0.027566,0.351517,0.183315,0.554230,0.018446,0.023575,0.23761
extract_mu020,0.71552,0.028050,0.380654,0.187131,0.689723,0.018881,0.024074,0.24020
extract_mu020,0.72002,0.028540,0.376545,0.202390,0.578653,0.019317,0.024576,0.24281
extract_mu020,0.72452,0.029035,0.346257,0.222972,0.502361,0.020041,0.025377,0.24690
extract_mu020,0.72902,0.029535,0.308369,0.239954,0.378236,0.020768,0.026181,0.25099
extract_mu020,0.73352,0.030040,0.286505,0.247789,0.167168,0.021388,0.027026,0.26106
extract_mu020,0.73802,0.030550,0.296956,0.245915,0.328980,0.021981,0.027884,0.27279
extract_mu020,0.74252,0.031066,0.336227,0.239441,0.340342,0.022429,0.028522,0.28145
extract_mu020,0.74701,0.031586,0.389610,0.235500,0.455438,0.022764,0.028987,0.28766
extract_mu020,0.75151,0.032111,0.434853,0.239101,0.712812,0.023161,0.029486,0.29258
extract_mu020,0.75601,0.032642,0.451770,0.250596,0.585871,0.023684,0.030054,0.29500
extract_mu020,0.76051,0.033178,0.438522,0.265854,0.557714,0.024238,0.030675,0.29833
extract_mu020,0.76501,0.033720,0.406213,0.279897,0.446855,0.025037,0.031704,0.30863
extract_mu020,0.76951,0.034267,0.375027,0.288659,0.233558,0.025835,0.032733,0.31893
extract_mu020,0.77401,0.034819,0.366516,0.291895,0.230802,0.026442,0.033572,0.32933
extract_mu020,0.77852,0.035377,0.388822,0.292583,0.239752,0.027028,0.034391,0.33977
extract_mu020,0.78302,0.035940,0.434880,0.293488,0.357757,0.027461,0.034937,0.34516
extract_mu020,0.78752,0.036508,0.486290,0.297294,0.481283,0.027821,0.035349,0.34808
extract_mu020,0.79201,0.037079,0.522120,0.304218,0.575646,0.028306,0.035927,0.35274
extract_mu020,0.79650,0.037657,0.528558,0.312628,0.593827,0.028951,0.036711,0.35957
extract_mu020,0.80101,0.038242,0.507255,0.321868,0.391079,0.029643,0.037577,0.36770
extract_mu020,0.80551,0.038832,0.474933,0.330993,0.374035,0.030493,0.038714,0.38018
extract_mu020,0.81001,0.039425,0.451262,0.339869,0.225389,0.031338,0.039844,0.39258
extract_mu020,0.81451,0.040025,0.453957,0.348529,0.124536,0.031897,0.040504,0.39788
extract_mu020,0.81901,0.040631,0.487554,0.355689,0.382310,0.032456,0.041164,0.40319
extract_mu020,0.82351,0.041242,0.537976,0.360348,0.386841,0.032908,0.041725,0.40818
extract_mu020,0.82801,0.041857,0.586433,0.362390,0.576377,0.033330,0.042257,0.41307
extract_mu020,0.83251,0.042478,0.613113,0.363709,0.735071,0.033948,0.043072,0.42222
extract_mu020,0.83700,0.043104,0.608032,0.367331,0.555921,0.034719,0.044104,0.43466
extract_mu020,0.84151,0.043737,0.580611,0.376082,0.551653,0.035517,0.045150,0.44610
extract_mu020,0.84601,0.044375,0.549282,0.390596,0.422935,0.036367,0.046219,0.45554
extract_mu020,0.85051,0.045018,0.535142,0.407051,0.314885,0.037181,0.047234,0.46427
extract_mu020,0.85501,0.045665,0.551822,0.420536,0.393030,0.037721,0.047834,0.46761
extract_mu020,0.85952,0.046322,0.596059,0.426794,0.530422,0.038265,0.048437,0.47097
extract_mu020,0.86402,0.046981,0.650357,0.424680,0.720794,0.038797,0.049203,0.48147
extract_mu020,0.86852,0.047645,0.692221,0.419416,0.795959,0.039328,0.049988,0.49280
extract_mu020,0.87302,0.048315,0.706010,0.418061,0.907562,0.040085,0.050997,0.50478
extract_mu020,0.87751,0.048990,0.688897,0.426114,0.829436,0.040949,0.052114,0.51704
extract_mu020,0.88201,0.049671,0.655626,0.444821,0.601030,0.041799,0.053148,0.52562
extract_mu020,0.88652,0.050359,0.630163,0.468192,0.660472,0.042630,0.054081,0.52966
extract_mu020,0.89100,0.051048,0.629673,0.487187,0.512592,0.043398,0.054961,0.53445
extract_mu020,0.89552,0.051749,0.661744,0.494860,0.589489,0.043973,0.055681,0.54192
extract_mu020,0.90002,0.052451,0.715869,0.490367,0.933779,0.044545,0.056399,0.54940
extract_mu020,0.90451,0.053159,0.767826,0.480157,0.896483,0.045187,0.057391,0.56506
extract_mu020,0.90902,0.053874,0.798285,0.474567,1.066286,0.045832,0.058385,0.58075
extract_mu020,0.91350,0.054591,0.796427,0.482160,1.092649,0.046681,0.059428,0.58987
extract_mu020,0.91802,0.055320,0.768356,0.503360,0.848563,0.047595,0.060492,0.59724
extract_mu020,0.92251,0.056048,0.736218,0.531096,0.779212,0.048457,0.061478,0.60293
extract_mu020,0.92702,0.056786,0.722199,0.554395,0.671035,0.049289,0.062412,0.60737
extract_mu020,0.93151,0.057527,0.739765,0.563597,0.690700,0.050048,0.063344,0.61522
extract_mu020,0.93602,0.058275,0.786287,0.558208,0.788023,0.050674,0.064281,0.62975
extract_mu020,0.94051,0.059028,0.843552,0.545893,0.985046,0.051311,0.065227,0.64414
extract_mu020,0.94502,0.059786,0.886991,0.538040,1.118663,0.052042,0.066250,0.65756
extract_mu020,0.94951,0.060549,0.899610,0.544642,1.031799,0.052771,0.067271,0.67094
extract_mu020,0.95401,0.061318,0.881274,0.566648,1.021002,0.053708,0.068293,0.67532
extract_mu020,0.95850,0.062093,0.847933,0.596161,0.763488,0.054668,0.069314,0.67861
extract_mu020,0.96301,0.062875,0.825952,0.621400,0.627122,0.055550,0.070356,0.68594
extract_mu020,0.96751,0.063661,0.833375,0.632520,0.720955,0.056389,0.071404,0.69523
extract_mu020,0.97201,0.064453,0.871597,0.627979,0.681517,0.057149,0.072450,0.70817
extract_mu020,0.97651,0.065250,0.928537,0.615635,0.872842,0.057809,0.073489,0.72552
extract_mu020,0.98101,0.066053,0.978282,0.607569,1.087902,0.058518,0.074535,0.74111
extract_mu020,0.98551,0.066863,0.996966,0.613280,1.157028,0.059395,0.075608,0.75074
extract_mu020,0.99001,0.067676,0.980895,0.634822,1.006334,0.060270,0.076679,0.76031
extract_mu020,0.99451,0.068496,0.949351,0.664804,0.701957,0.061261,0.077754,0.76391
extract_mu020,0.99901,0.069323,0.930472,0.691084,0.724110,0.062253,0.078830,0.76752
extract_mu020,1.00351,0.070153,0.941536,0.703798,0.669653,0.063066,0.079879,0.77864
extract_mu020,1.00801,0.070989,0.983756,0.700082,0.767919,0.063830,0.080923,0.79185
extract_mu020,1.01251,0.071831,1.039535,0.687545,0.997969,0.064618,0.082067,0.80828
extract_mu020,1.01702,0.072681,1.080344,0.678799,1.326974,0.065425,0.083293,0.82728
extract_mu020,1.02152,0.073535,1.085390,0.684226,1.205199,0.066315,0.084503,0.84192
extract_mu020,1.02601,0.074392,1.062636,0.707027,0.870808,0.067369,0.085686,0.84815
extract_mu020,1.03051,0.075256,1.040402,0.739782,0.917312,0.068396,0.086833,0.85398
extract_mu020,1.03501,0.076127,1.041018,0.768242,0.776782,0.069201,0.087691,0.85668
extract_mu020,1.03951,0.077002,1.072684,0.780337,0.861103,0.070006,0.088548,0.85939
extract_mu020,1.04400,0.077882,1.121159,0.773774,1.304358,0.070868,0.089853,0.88015
extract_mu020,1.04852,0.078773,1.157862,0.757437,1.388890,0.071742,0.091220,0.90317
extract_mu020,1.05302,0.079666,1.167961,0.747535,1.286039,0.072760,0.092668,0.92222
extract_mu020,1.05752,0.080564,1.159259,0.757615,1.167299,0.073849,0.094158,0.93937
extract_mu020,1.06202,0.081468,1.151643,0.787935,1.061504,0.074810,0.095257,0.94584
extract_mu020,1.06652,0.082377,1.160449,0.825858,1.068033,0.075614,0.095877,0.93920
extract_mu020,1.07101,0.083291,1.184609,0.853201,1.302702,0.076455,0.096677,0.93861
extract_mu020,1.07552,0.084213,1.210563,0.857426,1.464780,0.077432,0.098101,0.95859
extract_mu020,1.08001,0.085138,1.228860,0.842003,1.308542,0.078405,0.099520,0.97852
extract_mu020,1.08451,0.086070,1.242187,0.823728,1.304793,0.079510,0.101212,1.00488
extract_mu020,1.08901,0.087007,1.256891,0.821154,1.248221,0.080615,0.102903,1.03123
extract_mu020,1.09350,0.087948,1.276332,0.842822,1.294308,0.081486,0.103784,1.03273
extract_mu020,1.09802,0.088901,1.293852,0.880958,1.504383,0.082297,0.104448,1.02735
extract_mu020,1.10252,0.089856,1.299876,0.916577,1.456748,0.083261,0.105502,1.03184
extract_mu020,1.10700,0.090811,1.297839,0.933343,1.367127,0.084343,0.106859,1.04398
extract_mu020,1.11150,0.091777,1.301586,0.927865,1.152237,0.085425,0.108333,1.06154
extract_mu020,1.11602,0.092753,1.325011,0.910795,1.154284,0.086503,0.110031,1.08974
extract_mu020,1.12052,0.093729,1.367119,0.900420,1.328808,0.087552,0.111634,1.11506
extract_mu020,1.12502,0.094712,1.408194,0.909238,1.578039,0.088414,0.112573,1.11958
extract_mu020,1.12952,0.095700,1.424514,0.936999,1.628839,0.089277,0.113513,1.12410
extract_mu020,1.13400,0.096689,1.411922,0.972624,1.442824,0.090420,0.114782,1.13004
extract_mu020,1.13852,0.097692,1.390718,1.000533,1.249969,0.091607,0.116102,1.13621
extract_mu020,1.14302,0.098697,1.389853,1.010953,0.934532,0.092676,0.117531,1.15242
extract_mu020,1.14750,0.099703,1.426101,1.005089,1.239562,0.093685,0.119009,1.17345
extract_mu020,1.15200,0.100719,1.483790,0.992995,1.485889,0.094678,0.120422,1.19291
extract_mu020,1.15652,0.101745,1.530309,0.987754,1.673532,0.095650,0.121752,1.21043
extract_mu020,1.16102,0.102772,1.542170,0.999160,1.744253,0.096677,0.123093,1.22550
extract_mu020,1.16552,0.103805,1.522960,1.026862,1.451954,0.097906,0.124490,1.23251
extract_mu020,1.17001,0.104841,1.501684,1.061308,1.199730,0.099130,0.125882,1.23951
extract_mu020,1.17451,0.105884,1.507775,1.089323,1.156546,0.100108,0.126993,1.24685
extract_mu020,1.17900,0.106931,1.547148,1.099735,1.532936,0.101083,0.128102,1.25417
extract_mu020,1.18352,0.107991,1.598575,1.092179,1.622331,0.102144,0.129671,1.27723
extract_mu020,1.18802,0.109051,1.636281,1.077752,1.888156,0.103222,0.131357,1.30449
extract_mu020,1.19252,0.110117,1.646433,1.072446,1.770785,0.104397,0.132977,1.32470
extract_mu020,1.19702,0.111189,1.639951,1.087688,1.502544,0.105649,0.134545,1.33942
extract_mu020,1.20152,0.112266,1.638444,1.122436,1.547278,0.106800,0.135868,1.34788
extract_mu020,1.20602,0.113348,1.652861,1.161946,1.590096,0.107758,0.136722,1.34435
extract_mu020,1.21052,0.114436,1.680530,1.187749,1.833477,0.108746,0.137685,1.34429
extract_mu020,1.21502,0.115530,1.709288,1.190368,1.825727,0.109950,0.139480,1.37076
extract_mu020,1.21952,0.116629,1.732601,1.174796,1.886792,0.111155,0.141275,1.39722
extract_mu020,1.22401,0.117731,1.753532,1.159241,1.693684,0.112372,0.143040,1.42211
extract_mu020,1.22851,0.118842,1.778700,1.161771,1.776259,0.113593,0.144805,1.44687
extract_mu020,1.23300,0.119955,1.804329,1.188053,1.913148,0.114658,0.145968,1.45219
extract_mu020,1.23752,0.121081,1.820015,1.228545,1.981538,0.115656,0.146846,1.44804
extract_mu020,1.24201,0.122205,1.817626,1.264640,2.059462,0.116790,0.148093,1.45385
extract_mu020,1.24650,0.123334,1.799243,1.281686,1.735789,0.118099,0.149797,1.47174
extract_mu020,1.25102,0.124477,1.780820,1.279031,1.732631,0.119384,0.151527,1.49192
extract_mu020,1.25551,0.125618,1.772412,1.269410,1.717344,0.120553,0.153301,1.51938
extract_mu020,1.26001,0.126766,1.770608,1.269299,1.881050,0.121724,0.155074,1.54676
extract_mu020,1.26450,0.127917,1.764838,1.289091,2.107923,0.122840,0.156268,1.55184
extract_mu020,1.26902,0.129082,1.757926,1.324372,2.057976,0.123964,0.157469,1.55696
extract_mu020,1.27352,0.130247,1.786393,1.358597,0.512294,0.124496,0.157890,1.55106
extract_mu020,1.27801,0.131414,1.902615,1.372458,0.472727,0.124865,0.158097,1.54213
extract_mu020,1.28250,0.132587,2.065127,1.356873,3.103108,0.125364,0.158810,1.55305
extract_mu020,1.28702,0.133774,2.166377,1.317615,1.767470,0.125968,0.159925,1.57968
extract_mu020,1.29152,0.134960,2.173207,1.279955,2.508649,0.127039,0.161675,1.61149
extract_mu020,1.29601,0.136150,2.069490,1.281565,2.455768,0.129021,0.164666,1.65354
extract_mu020,1.30050,0.137344,1.901034,1.330944,0.845630,0.130936,0.167424,1.68856
extract_mu020,1.30502,0.138552,1.774405,1.416128,1.179853,0.132355,0.168427,1.67017
extract_mu020,1.30951,0.139758,1.748930,1.501059,0.854374,0.133765,0.169424,1.65189
extract_mu020,1.31401,0.140971,1.836906,1.531951,1.380396,0.134381,0.170149,1.65813
extract_mu020,1.31850,0.142187,1.996453,1.498745,1.586987,0.134900,0.170840,1.66727
extract_mu020,1.32302,0.143417,2.155692,1.423881,2.308766,0.135923,0.172696,1.70739
extract_mu020,1.32751,0.144643,2.241178,1.351108,2.904331,0.137179,0.175098,1.76212
extract_mu020,1.33201,0.145878,2.225235,1.340429,1.288026,0.138591,0.177098,1.78965
extract_mu020,1.33650,0.147116,2.145720,1.405787,2.689949,0.140188,0.178595,1.78379
extract_mu020,1.34102,0.148367,2.033814,1.516853,1.908622,0.141716,0.179939,1.77499
extract_mu020,1.34551,0.149615,1.959230,1.619911,0.541436,0.142963,0.180723,1.75642
extract_mu020,1.35001,0.150871,1.973276,1.656563,2.795380,0.144212,0.181520,1.73827
extract_mu020,1.35450,0.152129,2.047772,1.611964,1.352480,0.145271,0.183931,1.79694
extract_mu020,1.35902,0.153401,2.179194,1.520103,1.889699,0.146337,0.186358,1.85599
extract_mu020,1.36351,0.154670,2.312974,1.443701,3.905906,0.147347,0.188116,1.89078
extract_mu020,1.36801,0.155948,2.374286,1.434016,1.979040,0.148345,0.189697,1.91902
extract_mu020,1.37250,0.157227,2.365197,1.501954,3.119285,0.149563,0.190825,1.91643
extract_mu020,1.37702,0.158521,2.276822,1.616411,3.149814,0.150964,0.191608,1.88965
extract_mu020,1.38151,0.159811,2.149973,1.711851,1.693855,0.152487,0.192967,1.88224
extract_mu020,1.38601,0.161109,2.071860,1.744607,2.366159,0.154270,0.195465,1.91242
extract_mu020,1.39050,0.162409,2.081381,1.710834,1.582994,0.155944,0.197880,1.94420
extract_mu020,1.39502,0.163723,2.194015,1.635019,2.192568,0.156819,0.199714,1.98894
extract_mu020,1.39951,0.165034,2.370123,1.575696,2.724164,0.157690,0.201537,2.03339
extract_mu020,1.40401,0.166353,2.524854,1.568646,3.200198,0.158419,0.201985,2.02546
extract_mu020,1.40852,0.167680,2.577053,1.612288,3.940575,0.159134,0.202271,2.01128
extract_mu020,1.41302,0.169009,2.499874,1.690217,2.591598,0.160787,0.203950,2.01229
extract_mu020,1.41751,0.170340,2.347093,1.759853,3.254436,0.162894,0.206304,2.02070
extract_mu020,1.42201,0.171680,2.195733,1.794591,1.856252,0.164798,0.208761,2.04329
extract_mu020,1.42652,0.173027,2.153465,1.795446,0.866891,0.166451,0.211343,2.08325
extract_mu020,1.43102,0.174377,2.264488,1.769949,3.030540,0.167772,0.213403,2.11599
extract_mu020,1.43551,0.175729,2.456883,1.739975,1.763833,0.167984,0.213720,2.12461
extract_mu020,1.44000,0.177085,2.654065,1.721983,3.117673,0.168202,0.214045,2.13329
extract_mu020,1.44452,0.178456,2.739795,1.723167,4.602840,0.169747,0.216102,2.15572
extract_mu020,1.44902,0.179826,2.655570,1.747600,2.209615,0.171284,0.218151,2.17805
extract_mu020,1.45351,0.181198,2.487480,1.794298,2.729789,0.173432,0.220757,2.19789
extract_mu020,1.45800,0.182575,2.339547,1.856843,1.205325,0.175750,0.223519,2.21705
extract_mu020,1.46252,0.183967,2.315117,1.912227,0.676642,0.177071,0.224916,2.22118
extract_mu020,1.46702,0.185357,2.438235,1.936813,2.198524,0.177604,0.225237,2.21355
extract_mu020,1.47151,0.186749,2.622895,1.915627,1.988360,0.178356,0.226203,2.22512
extract_mu020,1.47600,0.188146,2.765379,1.855774,3.850190,0.179538,0.228431,2.27409
extract_mu020,1.48052,0.189557,2.784630,1.800815,2.700407,0.180829,0.230721,2.32067
extract_mu020,1.48502,0.190967,2.710994,1.793541,1.831198,0.182886,0.233368,2.34635
extract_mu020,1.48951,0.192379,2.628401,1.855455,2.379793,0.184937,0.236010,2.37199
extract_mu020,1.49400,0.193795,2.590341,1.964835,1.290708,0.185935,0.236135,2.33642
extract_mu020,1.49852,0.195226,2.618506,2.056278,2.756236,0.186814,0.235962,2.29334
extract_mu020,1.50302,0.196656,2.666080,2.080412,2.680601,0.188243,0.238028,2.32060
extract_mu020,1.50751,0.198087,2.704317,2.026378,2.885004,0.189939,0.241179,2.38197
extract_mu020,1.51201,0.199527,2.746424,1.935309,2.402492,0.191484,0.243966,2.43711
extract_mu020,1.51652,0.200974,2.823361,1.880708,1.400205,0.192845,0.246304,2.48456
extract_mu020,1.52102,0.202423,2.918827,1.900958,4.282270,0.194146,0.248198,2.51374
extract_mu020,1.52551,0.203874,2.942015,1.984354,3.386352,0.195253,0.248607,2.48156
extract_mu020,1.53001,0.205333,2.865589,2.084841,4.186920,0.196370,0.249034,2.44970
extract_mu020,1.53452,0.206800,2.733203,2.150624,2.839353,0.198642,0.251857,2.47598
extract_mu020,1.53902,0.208268,2.675415,2.158731,1.309093,0.200908,0.254674,2.50220
extract_mu020,1.54351,0.209738,2.780266,2.122922,2.850668,0.201857,0.256302,2.53432
extract_mu020,1.54801,0.211216,2.981447,2.067540,3.036546,0.202445,0.257605,2.56815
extract_mu020,1.55250,0.212695,3.145666,2.022859,5.377810,0.203689,0.259616,2.60316
extract_mu020,1.55702,0.214190,3.154717,2.020273,4.188340,0.205459,0.262198,2.63938
extract_mu020,1.56151,0.215678,3.035994,2.067654,3.399550,0.207246,0.264460,2.65982
extract_mu020,1.56601,0.217175,2.912859,2.158124,2.119646,0.209090,0.266135,2.64984
extract_mu020,1.57052,0.218680,2.895316,2.253940,2.194844,0.210831,0.267713,2.64127
extract_mu020,1.57502,0.220186,2.979409,2.299483,3.797253,0.211739,0.268521,2.64367
extract_mu020,1.57951,0.221694,3.083287,2.271800,3.210364,0.212646,0.269326,2.64607
extract_mu020,1.58401,0.223209,3.157378,2.190078,4.318880,0.214517,0.272854,2.71757
extract_mu020,1.58852,0.224733,3.191384,2.113972,1.815772,0.216507,0.276712,2.79742
extract_mu020,1.59302,0.226257,3.237977,2.106128,2.830324,0.217863,0.278349,2.81145
extract_mu020,1.59751,0.227783,3.283569,2.178812,3.566402,0.218910,0.278906,2.79350
extract_mu020,1.60200,0.229314,3.277610,2.288794,3.115904,0.220345,0.280099,2.78409
extract_mu020,1.60650,0.230852,3.212455,2.377010,4.193470,0.222261,0.282074,2.78511
extract_mu020,1.61102,0.232402,3.135003,2.400687,1.446462,0.224124,0.284246,2.79802
extract_mu020,1.61551,0.233946,3.157108,2.361746,1.940903,0.225769,0.287039,2.85101
extract_mu020,1.62000,0.235495,3.305437,2.302534,2.073881,0.227410,0.289824,2.90383
extract_mu020,1.62452,0.237058,3.488302,2.257450,4.090330,0.228183,0.290926,2.92168
extract_mu020,1.62902,0.238619,3.546813,2.253305,4.657730,0.228952,0.292023,2.93944
extract_mu020,1.63351,0.240181,3.405359,2.301186,3.651915,0.231068,0.294429,2.95275
extract_mu020,1.63800,0.241748,3.134177,2.386657,3.289874,0.233554,0.297196,2.96484
extract_mu020,1.64252,0.243329,2.889690,2.488218,0.946537,0.235018,0.298507,2.95743
extract_mu020,1.64701,0.244904,2.823543,2.566586,3.300625,0.235653,0.298646,2.93464
extract_mu020,1.65150,0.246484,2.964834,2.579596,1.377397,0.235913,0.298698,2.92613
extract_mu020,1.65602,0.248078,3.239691,2.516105,4.881730,0.235435,0.298576,2.94570
extract_mu020,1.66052,0.249670,3.440914,2.406371,5.727160,0.235358,0.299058,2.97354
extract_mu020,1.66501,0.251263,3.458787,2.311947,3.531875,0.238274,0.304073,3.06403
extract_mu020,1.66952,0.252867,3.341258,2.301652,4.793900,0.241203,0.309111,3.15491
extract_mu020,1.67402,0.254472,3.176127,2.403837,2.186357,0.243008,0.309997,3.11636
extract_mu020,1.67851,0.256078,3.103184,2.573951,2.479769,0.244676,0.310389,3.06253
extract_mu020,1.68300,0.257688,3.153602,2.718200,4.114760,0.245689,0.310787,3.03736
extract_mu020,1.68752,0.259312,3.259236,2.744069,2.942152,0.246387,0.311192,3.02609
extract_mu020,1.69201,0.260931,3.389256,2.634568,4.360710,0.247666,0.313641,3.07764
extract_mu020,1.69651,0.262557,3.501662,2.468195,4.092500,0.249667,0.318608,3.20624
extract_mu020,1.70102,0.264191,3.588886,2.352597,2.530750,0.251411,0.322517,3.30035
extract_mu020,1.70551,0.265822,3.658847,2.372307,3.818019,0.252262,0.322775,3.27586
extract_mu020,1.71001,0.267461,3.663999,2.522100,4.009750,0.253121,0.323037,3.25119
extract_mu020,1.71452,0.269107,3.567374,2.703604,4.025308,0.254981,0.323792,3.20689
extract_mu020,1.71902,0.270754,3.386110,2.821081,3.584808,0.256836,0.324546,3.16268
extract_mu020,1.72351,0.272401,3.216033,2.822497,2.338192,0.259339,0.328398,3.22298
extract_mu020,1.72800,0.274053,3.178074,2.729806,1.876155,0.262021,0.333106,3.31206
extract_mu020,1.73252,0.275720,3.338622,2.628911,1.460260,0.263068,0.335111,3.35444
extract_mu020,1.73701,0.277379,3.647788,2.578661,4.141430,0.262806,0.334950,3.35932
extract_mu020,1.74150,0.279043,3.912979,2.592924,4.817470,0.263132,0.335297,3.36203
extract_mu020,1.74602,0.280722,3.973397,2.650582,4.269700,0.264616,0.336643,3.36048
extract_mu020,1.75051,0.282393,3.796195,2.712285,5.342040,0.266328,0.338389,3.36536
extract_mu020,1.75501,0.284073,3.481585,2.768630,1.508010,0.269864,0.343257,3.41931
extract_mu020,1.75952,0.285760,3.265327,2.825576,0.890769,0.273409,0.348137,3.47338
extract_mu020,1.76402,0.287447,3.287989,2.876919,2.621838,0.273856,0.348073,3.45350
extract_mu020,1.76851,0.289134,3.518493,2.899169,1.809309,0.273936,0.347425,3.42491
extract_mu020,1.77300,0.290826,3.830975,2.863618,5.055150,0.274502,0.348549,3.45247
extract_mu020,1.77752,0.292532,4.019157,2.775559,5.452860,0.275311,0.350550,3.50773
extract_mu020,1.78201,0.294231,4.004257,2.685571,3.510089,0.277106,0.353627,3.56598
extract_mu020,1.78650,0.295934,3.864150,2.668694,4.320570,0.280110,0.358034,3.62834
extract_mu020,1.79102,0.297652,3.699010,2.764853,2.502432,0.282660,0.361275,3.65910
extract_mu020,1.79551,0.299363,3.619800,2.932868,2.371709,0.283588,0.360442,3.58129
extract_mu020,1.80000,0.301077,3.636415,3.081985,4.475900,0.284520,0.359627,3.50409
extract_mu020,1.80452,0.302806,3.686716,3.119100,3.787692,0.286224,0.362354,3.55319
extract_mu020,1.80901,0.304528,3.756822,3.021391,4.371630,0.287916,0.365063,3.60197
extract_mu020,1.81351,0.306257,3.851276,2.866363,3.485666,0.289563,0.368581,3.68434
extract_mu020,1.81802,0.307994,3.993680,2.756915,3.564865,0.291199,0.372330,3.77620
extract_mu020,1.82251,0.309727,4.146618,2.764412,5.070340,0.292357,0.373776,3.79000
extract_mu020,1.82700,0.311463,4.195186,2.882092,5.550740,0.293145,0.373433,3.74298
extract_mu020,1.83152,0.313215,4.050295,3.027564,7.237240,0.294771,0.374534,3.72124
extract_mu020,1.83601,0.314959,3.765749,3.132590,2.259778,0.298015,0.378464,3.74977
extract_mu020,1.84051,0.316710,3.580353,3.172226,2.191615,0.300959,0.382057,3.77763
extract_mu020,1.84502,0.318469,3.621359,3.149792,3.644979,0.301593,0.383060,3.80013
extract_mu020,1.84951,0.320223,3.851183,3.089165,1.919317,0.302225,0.384058,3.82253
extract_mu020,1.85401,0.321985,4.131701,3.016705,7.816790,0.303396,0.386326,3.87198
extract_mu020,1.85852,0.323754,4.238922,2.961831,5.336140,0.304634,0.388751,3.92475
extract_mu020,1.86301,0.325519,4.175563,2.959653,4.141450,0.306734,0.391393,3.94885
extract_mu020,1.86751,0.327291,4.080021,3.034259,3.259681,0.309265,0.394154,3.95905
extract_mu020,1.87202,0.329071,4.062730,3.163713,1.820785,0.311116,0.395782,3.94993
extract_mu020,1.87651,0.330846,4.120360,3.270280,6.696400,0.312135,0.396035,3.91761
extract_mu020,1.88101,0.332629,4.141585,3.287458,3.040497,0.313487,0.397257,3.91366
extract_mu020,1.88552,0.334419,4.161310,3.213883,4.342990,0.315960,0.401770,4.00623
extract_mu020,1.89001,0.336204,4.244069,3.112953,1.675205,0.318414,0.406245,4.09799
extract_mu020,1.89451,0.337997,4.433787,3.059436,3.206044,0.318937,0.406946,4.10624
extract_mu020,1.89900,0.339789,4.610226,3.079216,7.077140,0.319459,0.407645,4.11446
extract_mu020,1.90352,0.341597,4.600234,3.147769,4.381310,0.321773,0.410249,4.12658
extract_mu020,1.90801,0.343395,4.426669,3.233038,6.060620,0.324575,0.413372,4.13970
extract_mu020,1.91250,0.345197,4.240171,3.314791,0.428131,0.326691,0.415580,4.14438
extract_mu020,1.91702,0.347014,4.252503,3.373989,3.164798,0.328283,0.417082,4.14245
extract_mu020,1.92151,0.348823,4.442252,3.385508,4.486870,0.329716,0.418811,4.15829
extract_mu020,1.92600,0.350634,4.653094,3.327591,5.332250,0.330859,0.421002,4.20871
extract_mu020,1.93052,0.352461,4.754819,3.227580,6.927550,0.332139,0.423364,4.26010
extract_mu020,1.93501,0.354279,4.745199,3.160134,2.240146,0.334384,0.426887,4.31602
extract_mu020,1.93952,0.356108,4.733732,3.185806,5.708410,0.336640,0.430425,4.37218
extract_mu020,1.94401,0.357932,4.694605,3.306465,4.382000,0.337933,0.430867,4.33652
extract_mu020,1.94851,0.359763,4.571615,3.454923,7.283690,0.339114,0.430942,4.28986
extract_mu020,1.95302,0.361601,4.324897,3.556267,5.636450,0.340874,0.432724,4.29255
extract_mu020,1.95751,0.363435,4.102287,3.588615,2.000690,0.342904,0.435318,4.31901
extract_mu020,1.96201,0.365275,4.119699,3.573317,2.326793,0.343456,0.436063,4.32821
extract_mu020,1.96652,0.367122,4.339601,3.527307,7.073390,0.342195,0.434536,4.31623
extract_mu020,1.97101,0.368964,4.553726,3.450664,5.088680,0.341822,0.434427,4.32698
extract_mu020,1.97550,0.370809,4.638602,3.367788,7.458760,0.344451,0.439119,4.41492
extract_mu020,1.98002,0.372670,4.526106,3.321662,5.933720,0.347095,0.443827,4.50292
extract_mu020,1.98451,0.374521,4.341603,3.364987,1.684071,0.349469,0.445988,4.49934
extract_mu020,1.98900,0.376374,4.273645,3.508393,6.240260,0.351842,0.448148,4.49576
extract_mu020,1.99352,0.378244,4.293394,3.667470,4.466320,0.352841,0.448109,4.45613
extract_mu020,1.99801,0.380103,4.357893,3.739611,3.219608,0.353441,0.447446,4.40660
extract_mu020,2.00250,0.381965,4.434321,3.687555,6.926840,0.355040,0.449984,4.44759
extract_mu020,2.00702,0.383843,4.475594,3.541780,2.643305,0.357437,0.455059,4.56009
extract_mu020,2.01151,0.385711,4.571560,3.411186,1.598228,0.359167,0.458536,4.63449
extract_mu020,2.01602,0.387589,4.742690,3.394881,4.898450,0.359633,0.458971,4.63629
extract_mu020,2.02051,0.389463,4.857014,3.481184,3.757313,0.360280,0.459555,4.63647
extract_mu020,2.02500,0.391339,4.826211,3.610203,4.526420,0.362319,0.461298,4.62442
extract_mu020,2.02952,0.393230,4.623591,3.714158,5.489350,0.364372,0.463052,4.61229
extract_mu020,2.03401,0.395111,4.347208,3.746876,1.703594,0.367433,0.467249,4.66227
extract_mu020,2.03850,0.396995,4.228529,3.744305,0.315472,0.370616,0.471736,4.71957
extract_mu020,2.04302,0.398894,4.375471,3.737604,3.082928,0.371252,0.472297,4.71984
extract_mu020,2.04751,0.400783,4.674052,3.711878,3.779775,0.370617,0.470905,4.69180
extract_mu020,2.05200,0.402674,4.939640,3.667827,4.387030,0.371234,0.471807,4.70933
extract_mu020,2.05652,0.404581,5.008017,3.607389,6.123910,0.373396,0.475540,4.78304
extract_mu020,2.06101,0.406478,4.854432,3.569908,3.183239,0.375656,0.479135,4.84413
extract_mu020,2.06552,0.408385,4.661670,3.627304,1.870913,0.378310,0.482367,4.86448
extract_mu020,2.07001,0.410287,4.566413,3.772383,4.543660,0.380943,0.485565,4.88436
extract_mu020,2.07450,0.412191,4.559169,3.928722,3.242195,0.381547,0.484983,4.83093
extract_mu020,2.07902,0.414110,4.613718,4.008263,5.348500,0.382155,0.484397,4.77713
extract_mu020,2.08351,0.416018,4.648941,3.951789,7.050020,0.384204,0.488011,4.84785
extract_mu020,2.08800,0.417930,4.671245,3.808031,2.059027,0.386654,0.492786,4.95293
extract_mu020,2.09252,0.419856,4.804686,3.691155,4.739550,0.387940,0.494988,4.99886
extract_mu020,2.09701,0.421771,5.000495,3.669100,6.133270,0.388288,0.495124,4.99737
extract_mu020,2.10152,0.423698,5.134722,3.742980,4.728470,0.389239,0.495936,4.99489
extract_mu020,2.10602,0.425623,5.109062,3.855506,10.134960,0.391342,0.498042,4.99054
extract_mu020,2.11051,0.427545,4.862028,3.938700,5.178200,0.393557,0.500396,4.99265
extract_mu020,2.11502,0.429478,4.609776,3.988145,2.882973,0.396673,0.504673,5.04340
extract_mu020,2.11951,0.431405,4.550587,4.020878,7.042460,0.399775,0.508931,5.09393
extract_mu020,2.12400,0.433334,4.670041,4.025750,3.648933,0.400033,0.509008,5.09305
extract_mu020,2.12852,0.435278,4.910542,3.996456,7.959060,0.399954,0.508585,5.08603
extract_mu020,2.13301,0.437212,5.067259,3.929663,9.206270,0.401632,0.511247,5.13445
extract_mu020,2.13750,0.439147,5.071031,3.854172,3.787951,0.404167,0.515412,5.20987
extract_mu020,2.14202,0.441097,5.056286,3.843551,6.416500,0.406076,0.517993,5.23953
extract_mu020,2.14650,0.443033,5.071445,3.923760,2.930025,0.407181,0.518580,5.21242
extract_mu020,2.15102,0.444987,5.123977,4.045478,7.650210,0.408571,0.519661,5.19634
extract_mu020,2.15551,0.446931,5.086979,4.132897,7.514500,0.410886,0.522395,5.21867
extract_mu020,2.16000,0.448876,4.976577,4.139145,2.917850,0.413197,0.525128,5.24114
extract_mu020,2.16452,0.450837,4.972031,4.094335,4.803100,0.414724,0.527739,5.29119
extract_mu020,2.16901,0.452786,5.142180,4.053247,1.026087,0.416242,0.530333,5.34090
extract_mu020,2.17350,0.454737,5.414854,4.023522,8.464160,0.417344,0.532019,5.36787
extract_mu020,2.17802,0.456703,5.536740,3.996703,5.587350,0.418338,0.533465,5.38870
extract_mu020,2.18251,0.458658,5.471927,3.988144,4.216820,0.420332,0.535973,5.41151
extract_mu020,2.18702,0.460624,5.359910,4.027393,2.521866,0.423123,0.539332,5.43609
extract_mu020,2.19151,0.462582,5.346034,4.130528,0.907019,0.425309,0.541625,5.44302
extract_mu020,2.19600,0.464543,5.427518,4.237285,7.682490,0.426336,0.541866,5.41571
extract_mu020,2.20052,0.466518,5.449291,4.268817,3.640982,0.427559,0.542615,5.40105
extract_mu020,2.20501,0.468482,5.436546,4.221799,5.608140,0.430201,0.547193,5.48351
extract_mu020,2.20952,0.470456,5.480374,4.143113,1.521422,0.432856,0.551792,5.56630
extract_mu020,2.21401,0.472423,5.664100,4.103293,4.732450,0.433542,0.552839,5.58238
extract_mu020,2.21850,0.474392,5.842119,4.114869,7.981900,0.433996,0.553465,5.59055
extract_mu020,2.22302,0.476375,5.818037,4.144853,6.046170,0.436200,0.556297,5.62107
extract_mu020,2.22751,0.478347,5.587894,4.191431,7.277960,0.439232,0.560170,5.66212
extract_mu020,2.23202,0.480330,5.284456,4.266236,1.517426,0.441510,0.562723,5.67753
extract_mu020,2.23651,0.482305,5.094920,4.369761,7.076290,0.442855,0.563654,5.66178
extract_mu020,2.24101,0.484286,4.987535,4.459864,7.009250,0.443774,0.564088,5.64184
extract_mu020,2.24552,0.486273,4.960382,4.480970,1.777612,0.443241,0.562833,5.60772
extract_mu020,2.25001,0.488252,5.083438,4.432262,6.467000,0.442723,0.561610,5.57441
extract_mu020,2.25452,0.490242,5.209634,4.330027,8.412200,0.444475,0.565185,5.66181
extract_mu020,2.25901,0.492224,5.246633,4.220747,2.212122,0.446221,0.568743,5.74879
extract_mu020,2.26350,0.494208,5.295350,4.192614,6.916680,0.447827,0.570905,5.77211
extract_mu020,2.26802,0.496207,5.328084,4.267934,6.109840,0.449405,0.572690,5.77779
extract_mu020,2.27250,0.498189,5.339496,4.402213,3.880500,0.451086,0.574278,5.77330
extract_mu020,2.27702,0.500190,5.314680,4.522793,8.377920,0.452874,0.575737,5.76079
extract_mu020,2.28151,0.502179,5.188690,4.554831,5.230170,0.454921,0.578143,5.77586
extract_mu020,2.28602,0.504178,5.112301,4.512900,3.224404,0.457509,0.582433,5.84482
extract_mu020,2.29051,0.506170,5.209095,4.461498,6.564070,0.459750,0.586108,5.90356
extract_mu020,2.29500,0.508163,5.415658,4.422740,3.862019,0.459432,0.585254,5.88697
extract_mu020,2.29951,0.510166,5.643872,4.407069,6.873580,0.459112,0.584396,5.87031
extract_mu020,2.30400,0.512161,5.716354,4.402669,9.082740,0.461260,0.587359,5.90625
extract_mu020,2.30852,0.514170,5.573518,4.401502,3.902901,0.463717,0.590799,5.94874
extract_mu020,2.31301,0.516168,5.392673,4.452099,4.785010,0.465910,0.593280,5.96292
extract_mu020,2.31752,0.518175,5.288136,4.558246,4.797300,0.467992,0.595314,5.96347
extract_mu020,2.32201,0.520175,5.287619,4.664292,2.916842,0.469600,0.597045,5.96828
extract_mu020,2.32652,0.522184,5.361603,4.717195,7.401350,0.470647,0.598422,5.97833
extract_mu020,2.33101,0.524186,5.399375,4.666220,6.310190,0.471938,0.600395,6.00613
extract_mu020,2.33550,0.526188,5.421393,4.550342,2.841288,0.474071,0.604416,6.09446
extract_mu020,2.34001,0.528201,5.523461,4.470990,5.730450,0.476206,0.608433,6.18259
extract_mu020,2.34450,0.530205,5.663796,4.463460,5.540540,0.476373,0.607687,6.14885
extract_mu020,2.34902,0.532224,5.755360,4.523679,5.127640,0.476542,0.606937,6.11488
extract_mu020,2.35351,0.534230,5.710065,4.608477,8.541520,0.478900,0.609403,6.12356
extract_mu020,2.35802,0.536246,5.500028,4.664095,5.056200,0.481874,0.612768,6.14399
extract_mu020,2.36251,0.538254,5.305102,4.713124,2.351921,0.484112,0.615371,6.16181
extract_mu020,2.36702,0.540272,5.286835,4.766966,5.345030,0.485792,0.617401,6.17774
extract_mu020,2.37151,0.542281,5.412325,4.793631,4.771030,0.487103,0.619189,6.19881
extract_mu020,2.37602,0.544300,5.596620,4.774989,7.115980,0.487709,0.620529,6.23022
extract_mu020,2.38051,0.546311,5.706970,4.694124,7.908130,0.488513,0.622168,6.26604
extract_mu020,2.38500,0.548323,5.700284,4.599188,3.260820,0.490841,0.626129,6.33645
extract_mu020,2.38951,0.550344,5.706830,4.580949,5.174720,0.493179,0.630108,6.40716
extract_mu020,2.39400,0.552357,5.737540,4.653081,7.126180,0.494114,0.630050,6.36544
extract_mu020,2.39852,0.554384,5.721258,4.772361,4.324390,0.494889,0.629511,6.31001
extract_mu020,2.40300,0.556394,5.637491,4.868743,9.252370,0.497019,0.631615,6.31547
extract_mu020,2.40752,0.558422,5.489924,4.892092,3.695550,0.499835,0.635033,6.35065
extract_mu020,2.41201,0.560437,5.463209,4.878532,2.220351,0.501654,0.637379,6.37868
extract_mu020,2.41652,0.562462,5.631265,4.852339,7.946440,0.502281,0.638452,6.39837
extract_mu020,2.42101,0.564478,5.846957,4.808048,4.675730,0.503169,0.639990,6.42660
extract_mu020,2.42552,0.566504,5.999344,4.756368,9.201080,0.504958,0.643131,6.48423
extract_mu020,2.43001,0.568521,6.007647,4.710182,4.196570,0.506739,0.646251,6.54130
extract_mu020,2.43452,0.570547,5.987100,4.727782,5.196960,0.508579,0.648288,6.54874
extract_mu020,2.43901,0.572565,5.993668,4.815567,6.173800,0.510412,0.650316,6.55614
extract_mu020,2.44352,0.574593,5.990805,4.918441,5.356680,0.512449,0.652550,6.56258
extract_mu020,2.44801,0.576611,5.946930,4.983211,9.483460,0.514530,0.654827,6.56872
extract_mu020,2.45252,0.578639,5.890467,4.980263,1.583566,0.516411,0.657281,6.59492
extract_mu020,2.45701,0.580658,5.982785,4.948098,7.330650,0.518121,0.659855,6.63647
extract_mu020,2.46150,0.582678,6.184404,4.906988,4.383664,0.519590,0.662167,6.67521
extract_mu020,2.46601,0.584706,6.403930,4.859870,10.172460,0.520593,0.663979,6.70860
extract_mu020,2.47050,0.586726,6.486127,4.812109,6.976310,0.521751,0.665914,6.74137
extract_mu020,2.47501,0.588755,6.466330,4.801858,3.651630,0.524126,0.668857,6.77061
extract_mu020,2.47952,0.590784,6.464157,4.859390,8.136680,0.526500,0.671800,6.79985
extract_mu020,2.48401,0.592805,6.474698,4.963576,4.536990,0.528131,0.673270,6.79184
extract_mu020,2.48852,0.594834,6.475677,5.052879,10.274310,0.529681,0.674571,6.77935
extract_mu020,2.49301,0.596855,6.400741,5.073539,4.038540,0.531749,0.677324,6.81232
extract_mu020,2.49752,0.598884,6.374613,5.051929,6.668410,0.534084,0.680805,6.86774
extract_mu020,2.50201,0.600904,6.438745,5.015418,4.888870,0.535661,0.683283,6.90944
extract_mu020,2.50652,0.602934,6.536735,4.993951,7.754360,0.536325,0.684554,6.93475
extract_mu020,2.51101,0.604954,6.514553,4.986636,9.194520,0.537433,0.686267,6.96197
extract_mu020,2.51552,0.606984,6.320658,5.003860,4.208820,0.540072,0.689512,6.99622
extract_mu020,2.52001,0.609004,6.097057,5.090953,8.194310,0.542675,0.692698,7.02950
extract_mu020,2.52452,0.611033,5.964488,5.230845,0.757360,0.540924,0.688390,6.92111
extract_mu020,2.52901,0.613053,5.980128,5.359619,10.079930,0.539180,0.684100,6.81314
extract_mu020,2.53352,0.615082,5.870738,5.356455,10.245850,0.541737,0.687982,6.87939
extract_mu020,2.53801,0.617102,5.649727,5.224904,0.088266,0.545461,0.694087,6.99307
extract_mu020,2.54252,0.619130,5.646890,5.107003,7.583750,0.546607,0.695913,7.02362
extract_mu020,2.54701,0.621150,5.851297,5.086620,3.465430,0.545747,0.694408,6.98952
extract_mu020,2.55152,0.623177,6.163122,5.146537,5.775430,0.545854,0.694347,6.97659
extract_mu020,2.55601,0.625196,6.295267,5.191269,15.573990,0.547863,0.697125,7.00545
extract_mu020,2.56052,0.627223,6.055877,5.176791,2.571152,0.550032,0.700113,7.03675
extract_mu020,2.56501,0.629241,5.810045,5.186367,4.000521,0.553338,0.704584,7.08550
extract_mu020,2.56952,0.631268,5.782794,5.280671,6.500070,0.556659,0.709075,7.13445
extract_mu020,2.57401,0.633285,5.938246,5.404897,2.222971,0.556419,0.707742,7.10091
extract_mu020,2.57852,0.635311,6.139668,5.439868,13.147740,0.555758,0.705717,7.05746
extract_mu020,2.58301,0.637327,6.113852,5.325109,8.207560,0.557954,0.709571,7.13158
extract_mu020,2.58752,0.639352,6.026554,5.163711,0.416615,0.561558,0.716314,7.26340
extract_mu020,2.59200,0.641363,6.163109,5.109289,8.024590,0.562861,0.718447,7.29551
extract_mu020,2.59652,0.643391,6.415271,5.187998,4.742920,0.561364,0.714962,7.20588
extract_mu020,2.60100,0.645401,6.621935,5.302366,8.837020,0.561112,0.713568,7.15497
extract_mu020,2.60551,0.647423,6.554362,5.348283,12.734860,0.565064,0.719206,7.23338
extract_mu020,2.61000,0.649436,6.240482,5.335234,0.023176,0.568983,0.724793,7.31089
extract_mu020,2.61451,0.651457,6.080284,5.366345,4.443370,0.570009,0.725420,7.28772
extract_mu020,2.61902,0.653478,6.162569,5.464442,6.472840,0.571034,0.726046,7.26454
extract_mu020,2.62351,0.655489,6.339299,5.529967,4.154790,0.571838,0.727302,7.28855
extract_mu020,2.62802,0.657508,6.434795,5.470780,12.990220,0.572584,0.728741,7.32581
extract_mu020,2.63251,0.659518,6.312541,5.314453,4.149390,0.574481,0.731933,7.39006
extract_mu020,2.63702,0.661536,6.256420,5.211582,1.086932,0.577293,0.736525,7.47595
extract_mu020,2.64151,0.663544,6.434247,5.267474,8.315530,0.578846,0.738566,7.49966
extract_mu020,2.64602,0.665560,6.630495,5.413856,4.907580,0.577967,0.735664,7.40260
extract_mu020,2.65051,0.667566,6.695219,5.515857,9.439680,0.577728,0.733892,7.32989
extract_mu020,2.65502,0.669580,6.531099,5.516864,8.426490,0.582276,0.740529,7.43732
extract_mu020,2.65950,0.671580,6.326417,5.489673,3.394897,0.586793,0.747122,7.54399
extract_mu020,2.66402,0.673597,6.371805,5.526825,5.729200,0.586206,0.745574,7.49436
extract_mu020,2.66850,0.675596,6.558948,5.591083,7.253890,0.585023,0.743083,7.42679
extract_mu020,2.67301,0.677606,6.687295,5.579679,7.458340,0.586641,0.745774,7.47229
extract_mu020,2.67750,0.679607,6.650252,5.466423,10.488620,0.589642,0.751027,7.57377
extract_mu020,2.68201,0.681616,6.523576,5.360700,1.858943,0.591606,0.754061,7.62787
extract_mu020,2.68652,0.683623,6.586684,5.387794,5.558760,0.592271,0.754321,7.62288
extract_mu020,2.69101,0.685621,6.723429,5.511609,10.462370,0.593330,0.755224,7.62445
extract_mu020,2.69552,0.687626,6.688475,5.615810,6.689770,0.595739,0.758318,7.64832
extract_mu020,2.70001,0.689621,6.477400,5.627826,10.087860,0.598133,0.761394,7.67213
extract_mu020,2.70452,0.691624,6.256756,5.613510,1.363112,0.599771,0.763820,7.70374
extract_mu020,2.70901,0.693617,6.299652,5.660595,5.126150,0.601402,0.766235,7.73521
extract_mu020,2.71352,0.695618,6.473727,5.702523,9.778490,0.602349,0.767763,7.75598
extract_mu020,2.71801,0.697608,6.513318,5.674202,8.512140,0.603102,0.769039,7.77370
extract_mu020,2.72252,0.699606,6.414181,5.561333,7.108320,0.604593,0.771374,7.81493
extract_mu020,2.72701,0.701594,6.373722,5.483573,1.521585,0.606653,0.774528,7.87437
extract_mu020,2.73151,0.703585,6.531315,5.532397,7.381960,0.608256,0.776579,7.89999
extract_mu020,2.73600,0.705571,6.704944,5.616295,9.723910,0.608945,0.776444,7.85883
extract_mu020,2.74051,0.707564,6.683273,5.672374,11.679260,0.609918,0.776766,7.82693
extract_mu020,2.74502,0.709555,6.513001,5.668147,2.021177,0.613042,0.780610,7.86774
extract_mu020,2.74951,0.711536,6.505708,5.678860,6.292110,0.616153,0.784436,7.90837
extract_mu020,2.75402,0.713525,6.693515,5.730840,6.766560,0.616364,0.784481,7.89866
extract_mu020,2.75851,0.715503,6.922968,5.739486,9.456760,0.616234,0.784082,7.88308
extract_mu020,2.76302,0.717489,7.008632,5.672301,12.591550,0.617950,0.786899,7.93446
extract_mu020,2.76750,0.719459,6.980380,5.575159,0.409798,0.620538,0.791238,8.01755
extract_mu020,2.77201,0.721442,7.084490,5.544724,9.508250,0.621938,0.793495,8.05388
extract_mu020,2.77652,0.723423,7.201265,5.589046,6.603640,0.621844,0.793139,8.03165
extract_mu020,2.78101,0.725393,7.197629,5.642188,11.117330,0.622484,0.793765,8.02560
extract_mu020,2.78552,0.727371,7.005720,5.653106,8.676790,0.625622,0.797733,8.07428
extract_mu020,2.79000,0.729334,6.849713,5.685640,0.240781,0.628720,0.801642,8.12206
extract_mu020,2.79451,0.731308,7.066483,5.777386,6.432240,0.627304,0.798533,8.04536
extract_mu020,2.79900,0.733272,7.557780,5.882448,9.221460,0.625894,0.795438,7.96897
extract_mu020,2.80351,0.735243,8.092580,5.944716,8.320250,0.626508,0.795746,7.96837
extract_mu020,2.80802,0.737213,8.611802,5.994875,7.973630,0.627697,0.797024,7.98937
extract_mu020,2.81251,0.739171,9.148365,6.194712,10.013200,0.625215,0.791436,7.86507
extract_mu020,2.81702,0.741137,9.615984,6.563868,8.276440,0.619843,0.780437,7.62599
extract_mu020,2.82151,0.743092,9.827256,6.857215,14.118640,0.618131,0.775804,7.49248
extract_mu020,2.82600,0.745045,9.637685,6.936885,13.490870,0.623535,0.783535,7.56389
extract_mu020,2.83052,0.747010,9.012904,6.813221,0.891860,0.627610,0.789659,7.62834
extract_mu020,2.83501,0.748959,8.043059,6.526175,13.511290,0.621378,0.783259,7.63651
extract_mu020,2.83952,0.750916,6.895754,6.166922,7.263020,0.615119,0.776831,7.64472
extract_mu020,2.84401,0.752861,5.828434,5.958355,5.257670,0.619719,0.785151,7.79787
extract_mu020,2.84852,0.754814,4.967372,6.065763,4.948150,0.625629,0.795260,7.96883
extract_mu020,2.85301,0.756756,4.342568,6.385157,5.061788,0.623534,0.789387,7.80588
extract_mu020,2.85750,0.758695,3.910896,6.730914,3.888170,0.617542,0.775724,7.47973
extract_mu020,2.86202,0.760646,3.569220,6.874501,6.537540,0.617093,0.773195,7.39586
extract_mu020,2.86651,0.762582,3.275505,6.687741,2.610725,0.623501,0.784462,7.61293
extract_mu020,2.87102,0.764524,3.043616,6.382127,2.926680,0.626959,0.791248,7.76665
extract_mu020,2.87551,0.766455,2.844168,6.144476,5.558880,0.620555,0.783033,7.70782
extract_mu020,2.88002,0.768393,2.654208,6.048217,3.391558,0.614179,0.774854,7.64928
extract_mu020,2.88451,0.770320,2.547036,6.169346,0.298655,0.620497,0.783159,7.72079
extract_mu020,2.88900,0.772245,2.683711,6.429066,1.316572,0.626814,0.791464,7.79228
extract_mu020,2.89351,0.774176,3.119856,6.700660,2.265291,0.623286,0.784697,7.64182
extract_mu020,2.89800,0.776097,3.752359,6.839036,2.556612,0.616977,0.773682,7.42892
extract_mu020,2.90252,0.778028,4.361857,6.690849,8.867620,0.617168,0.775541,7.49404
extract_mu020,2.90701,0.779944,4.682472,6.345266,0.635689,0.622405,0.787376,7.77417
extract_mu020,2.91152,0.781866,4.640977,6.056666,8.148060,0.624404,0.792769,7.92098
extract_mu020,2.91601,0.783777,4.274859,6.018434,4.637300,0.620137,0.785675,7.80950
extract_mu020,2.92050,0.785686,3.713409,6.222183,0.920666,0.616764,0.779681,7.70559
extract_mu020,2.92502,0.787606,3.168505,6.469162,0.051073,0.620194,0.782053,7.65919
extract_mu020,2.92951,0.789510,2.756838,6.634186,3.302810,0.623602,0.784410,7.61309
extract_mu020,2.93402,0.791420,2.442625,6.652266,5.480425,0.622081,0.782236,7.58172
extract_mu020,2.93851,0.793319,2.182961,6.521735,0.752893,0.619991,0.779544,7.55223
extract_mu020,2.94302,0.795225,1.952644,6.348868,3.883670,0.619399,0.780121,7.60296
extract_mu020,2.94751,0.797119,1.745760,6.184293,0.492713,0.619534,0.782276,7.69215
extract_mu020,2.95200,0.799011,1.622033,6.136771,0.379751,0.620406,0.784139,7.73757
extract_mu020,2.95651,0.800909,1.633046,6.280801,1.595684,0.622187,0.785652,7.72936
extract_mu020,2.96100,0.802795,1.800655,6.504110,0.114715,0.622716,0.785497,7.69883
extract_mu020,2.96552,0.804692,2.107387,6.672484,0.463423,0.618998,0.779667,7.59165
extract_mu020,2.97001,0.806574,2.500467,6.645010,1.483245,0.615356,0.773970,7.48710
extract_mu020,2.97452,0.808461,2.901483,6.426447,1.158608,0.620312,0.783781,7.70529
extract_mu020,2.97901,0.810337,3.232515,6.229457,4.646120,0.625245,0.793548,7.92230
extract_mu020,2.98352,0.812219,3.404883,6.173447,1.966968,0.621863,0.787903,7.83457
extract_mu020,2.98801,0.814090,3.357941,6.257493,6.650630,0.616216,0.778057,7.66355
extract_mu020,2.99250,0.815958,3.141196,6.393638,0.016827,0.617084,0.778077,7.62552
extract_mu020,2.99702,0.817836,2.962086,6.486499,3.880100,0.623101,0.785883,7.69225
extract_mu020,3.00150,0.819694,2.880672,6.541726,0.606103,0.625243,0.788186,7.69648
extract_mu020,3.00602,0.821566,2.841266,6.528634,2.287595,0.619867,0.779794,7.57865
extract_mu020,3.01051,0.823423,2.725544,6.426098,7.871270,0.615622,0.773384,7.49569
extract_mu020,3.01502,0.825285,2.443455,6.274870,3.332253,0.619643,0.781515,7.67071
extract_mu020,3.01951,0.827137,2.111369,6.146052,0.218678,0.623645,0.789610,7.84481
extract_mu020,3.02402,0.828993,1.890686,6.180232,1.090334,0.621918,0.786293,7.76220
extract_mu020,3.02851,0.830839,1.825791,6.366458,0.530308,0.619527,0.781651,7.64979
extract_mu020,3.03300,0.832681,1.855702,6.539968,5.519700,0.619020,0.780323,7.61871
extract_mu020,3.03752,0.834533,1.875336,6.591967,2.473581,0.619435,0.780611,7.62736
extract_mu020,3.04201,0.836369,1.940295,6.479320,0.024512,0.620335,0.782515,7.67540
extract_mu020,3.04652,0.838211,2.150146,6.314920,0.453935,0.621835,0.786405,7.77192
extract_mu020,3.05101,0.840041,2.476393,6.240083,1.233304,0.622288,0.788073,7.82156
extract_mu020,3.05552,0.841877,2.773772,6.243395,7.488480,0.619211,0.782263,7.71385
extract_mu020,3.06001,0.843701,2.848871,6.296994,3.933240,0.616188,0.776540,7.60742
extract_mu020,3.06452,0.845531,2.730522,6.372133,2.320740,0.620806,0.782829,7.66662
extract_mu020,3.06901,0.847349,2.602863,6.457805,3.648040,0.625404,0.789090,7.72553
extract_mu020,3.07350,0.849164,2.580243,6.542284,0.032097,0.622160,0.783678,7.64172
extract_mu020,3.07802,0.850988,2.652046,6.525739,3.291600,0.616703,0.774966,7.51740
extract_mu020,3.08251,0.852797,2.667796,6.395517,6.464850,0.617322,0.777035,7.57701
extract_mu020,3.08702,0.854610,2.554342,6.249390,2.558231,0.622677,0.787518,7.78027
extract_mu020,3.09151,0.856412,2.395776,6.199933,0.382206,0.624558,0.791451,7.86063
extract_mu020,3.09602,0.858219,2.274286,6.312082,1.911260,0.619701,0.782678,7.70292
extract_mu020,3.10051,0.860015,2.211695,6.467233,1.427843,0.615869,0.775683,7.57426
extract_mu020,3.10500,0.861807,2.172007,6.533123,5.008790,0.619630,0.781840,7.66080
extract_mu020,3.10951,0.863604,2.116460,6.501813,2.288786,0.623408,0.788025,7.74769
extract_mu020,3.11400,0.865390,2.103286,6.406715,1.767678,0.621851,0.785679,7.72880
extract_mu020,3.11852,0.867185,2.185128,6.335791,1.277499,0.619645,0.782296,7.69714
extract_mu020,3.12301,0.868964,2.347971,6.301190,1.577454,0.619326,0.781846,7.69646
extract_mu020,3.12752,0.870747,2.489604,6.264039,3.957680,0.619919,0.782815,7.71080
extract_mu020,3.13201,0.872519,2.526983,6.276277,1.785102,0.620785,0.783635,7.70752
extract_mu020,3.13652,0.874296,2.516095,6.355511,1.542638,0.621994,0.784284,7.68269
extract_mu020,3.14101,0.876061,2.522140,6.465757,2.569344,0.622286,0.783856,7.65201
extract_mu020,3.14552,0.877831,2.580349,6.525976,0.563778,0.619477,0.779772,7.60091
extract_mu020,3.15001,0.879589,2.694231,6.447539,3.666040,0.616711,0.775760,7.55093
extract_mu020,3.15450,0.881344,2.769082,6.302014,0.417875,0.620576,0.783599,7.69788
extract_mu020,3.15902,0.883107,2.766594,6.216630,5.922700,0.624467,0.791491,7.84571
extract_mu020,3.16350,0.884851,2.671429,6.251106,3.496815,0.621509,0.786618,7.76625
extract_mu020,3.16802,0.886606,2.474976,6.370189,2.540269,0.616630,0.778173,7.62321
extract_mu020,3.17251,0.888347,2.238408,6.448943,0.066149,0.617400,0.778800,7.62424
extract_mu020,3.17702,0.890092,2.070587,6.462075,1.131223,0.622582,0.786503,7.73758
extract_mu020,3.18151,0.891825,2.018869,6.450671,2.965153,0.624412,0.789061,7.77308
extract_mu020,3.18602,0.893562,2.074215,6.414087,1.665658,0.619708,0.781586,7.65686
extract_mu020,3.19051,0.895288,2.179927,6.368016,2.879847,0.616020,0.775754,7.56812
extract_mu020,3.19500,0.897010,2.285532,6.298678,1.205638,0.619943,0.782235,7.68610
extract_mu020,3.19952,0.898740,2.401859,6.244875,1.817083,0.623892,0.788759,7.80481
extract_mu020,3.20400,0.900451,2.535223,6.297404,3.463072,0.622019,0.784994,7.71774
extract_mu020,3.20852,0.902173,2.665737,6.415846,1.809913,0.619443,0.779983,7.60558
extract_mu020,3.21301,0.903880,2.744846,6.498366,5.095550,0.619837,0.780827,7.61846
extract_mu020,3.21752,0.905591,2.784002,6.463239,2.234469,0.621674,0.784516,7.69208
extract_mu020,3.22201,0.907290,2.924671,6.326934,1.740888,0.622183,0.786193,7.73939
extract_mu020,3.22652,0.908993,3.237233,6.239777,2.777718,0.621069,0.785420,7.75496
extract_mu020,3.23101,0.910685,3.625864,6.244648,2.767053,0.620564,0.785344,7.77128
extract_mu020,3.23550,0.912373,3.871914,6.275428,10.235980,0.622111,0.787624,7.79043
extract_mu020,3.24001,0.914064,3.830575,6.300746,0.197699,0.623653,0.789890,7.80930
extract_mu020,3.24450,0.915744,3.661468,6.330565,3.454781,0.622455,0.786896,7.74642
extract_mu020,3.24902,0.917431,3.503974,6.405135,3.665890,0.621249,0.783883,7.68309
extract_mu020,3.25351,0.919104,3.389027,6.436168,6.580270,0.623079,0.786572,7.72136
extract_mu020,3.25802,0.920779,3.319613,6.339932,3.632800,0.625756,0.790846,7.78778
extract_mu020,3.26251,0.922443,3.438192,6.201720,0.718887,0.625460,0.790871,7.80504
extract_mu020,3.26702,0.924111,3.829553,6.086280,2.529295,0.622835,0.787572,7.78398
extract_mu020,3.27151,0.925767,4.334148,6.034385,9.112770,0.622127,0.786993,7.79736
extract_mu020,3.27602,0.927426,4.737698,6.049419,5.760380,0.625153,0.791713,7.87812
extract_mu020,3.28051,0.929074,5.102848,6.149891,3.022753,0.627222,0.794704,7.92431
extract_mu020,3.28502,0.930725,5.511515,6.393899,3.967633,0.622145,0.784750,7.71120
extract_mu020,3.28951,0.932364,5.870831,6.639667,9.228880,0.617090,0.774841,7.49882
extract_mu020,3.29400,0.934000,5.989884,6.695026,3.948284,0.620707,0.780953,7.59207
extract_mu020,3.29852,0.935642,5.805420,6.589584,10.430190,0.625383,0.789018,7.72236
extract_mu020,3.30301,0.937269,5.344423,6.423037,4.152110,0.623661,0.787567,7.73987
extract_mu020,3.30752,0.938900,4.743357,6.276148,3.704950,0.618823,0.781489,7.70283
extract_mu020,3.31201,0.940518,4.204897,6.207880,4.569716,0.618370,0.781255,7.71183
extract_mu020,3.31652,0.942140,3.898828,6.261170,3.510080,0.623273,0.788163,7.77721
extract_mu020,3.32101,0.943750,3.822762,6.430148,3.045909,0.625939,0.791298,7.78774
extract_mu020,3.32550,0.945356,3.893856,6.597897,2.517749,0.621083,0.781727,7.61292
extract_mu020,3.33002,0.946969,3.956099,6.654211,6.698030,0.616250,0.772201,7.43881
extract_mu020,3.33451,0.948566,3.837263,6.557837,3.763712,0.620996,0.781103,7.61078
extract_mu020,3.33902,0.950167,3.541058,6.391001,4.653302,0.625763,0.790045,7.78338
extract_mu020,3.34351,0.951755,3.164500,6.300920,2.868991,0.623004,0.786564,7.74665
extract_mu020,3.34802,0.953347,2.823888,6.298161,0.527970,0.618144,0.779621,7.65170
extract_mu020,3.35251,0.954927,2.577329,6.343721,2.188940,0.618630,0.780352,7.65150
extract_mu020,3.35700,0.956503,2.417810,6.434244,2.874516,0.623293,0.787081,7.72531
extract_mu020,3.36152,0.958085,2.342230,6.518097,2.594410,0.624720,0.788964,7.73929
extract_mu020,3.36601,0.959652,2.327581,6.551422,1.833188,0.619766,0.781303,7.63557
extract_mu020,3.37052,0.961221,2.338136,6.484344,1.017023,0.615961,0.775572,7.56264
extract_mu020,3.37501,0.962779,2.363150,6.330220,1.015827,0.621070,0.784810,7.72790
extract_mu020,3.37952,0.964339,2.418477,6.237176,3.367653,0.626202,0.794090,7.89377
extract_mu020,3.38401,0.965888,2.459975,6.264997,0.097719,0.622036,0.786475,7.76026
extract_mu020,3.38850,0.967433,2.409897,6.362477,4.405240,0.616764,0.776853,7.59104
extract_mu020,3.39302,0.968983,2.249432,6.447220,0.554895,0.618663,0.779024,7.60092
extract_mu020,3.39751,0.970519,2.129759,6.465941,0.101820,0.624103,0.787027,7.69963
extract_mu020,3.40202,0.972057,2.156374,6.454855,0.622630,0.624623,0.787788,7.71268
extract_mu020,3.40651,0.973583,2.315391,6.425325,0.889775,0.619208,0.779810,7.62236
extract_mu020,3.41102,0.975112,2.467836,6.349619,6.267690,0.616197,0.775751,7.58887
extract_mu020,3.41551,0.976629,2.469944,6.267305,1.143699,0.621229,0.784790,7.74486
extract_mu020,3.42000,0.978141,2.379951,6.250925,1.425917,0.626210,0.793737,7.89905
extract_mu020,3.42452,0.979660,2.301826,6.342809,3.286350,0.621416,0.785137,7.73188
extract_mu020,3.42900,0.981160,2.285168,6.476857,2.416961,0.616664,0.776613,7.56606
extract_mu020,3.43352,0.982668,2.319564,6.521354,4.654150,0.618766,0.780041,7.62196
extract_mu020,3.43801,0.984162,2.351210,6.458101,2.831154,0.622742,0.786738,7.73857
extract_mu020,3.44252,0.985658,2.381933,6.355435,1.048045,0.622845,0.787208,7.75782
extract_mu020,3.44701,0.987143,2.436558,6.296606,3.141380,0.619942,0.782844,7.70144
extract_mu020,3.45150,0.988623,2.503313,6.311222,4.095650,0.618636,0.780760,7.67035
extract_mu020,3.45601,0.990104,2.526621,6.329249,5.345590,0.620451,0.783139,7.68870
extract_mu020,3.46050,0.991575,2.492525,6.347657,1.785215,0.622000,0.785076,7.70112
extract_mu020,3.46502,0.993050,2.449416,6.403453,0.534227,0.621568,0.783709,7.66855
extract_mu020,3.46950,0.994508,2.427230,6.462730,4.456670,0.621139,0.782354,7.63628
extract_mu020,3.47402,0.995974,2.419626,6.478037,2.872230,0.619938,0.781199,7.63756
extract_mu020,3.47851,0.997425,2.444712,6.403505,3.170360,0.618655,0.780077,7.64283
extract_mu020,3.48302,0.998878,2.500817,6.284111,3.914910,0.620050,0.783057,7.70721
extract_mu020,3.48751,1.000319,2.557105,6.242015,2.977432,0.622731,0.788005,7.79976
extract_mu020,3.49202,1.001763,2.575786,6.308096,2.300026,0.622393,0.787462,7.78736
extract_mu020,3.49651,1.003194,2.496811,6.420197,5.276320,0.618409,0.780284,7.64813
extract_mu020,3.50100,1.004621,2.315632,6.473783,0.407855,0.616422,0.776503,7.56913
extract_mu020,3.50552,1.006053,2.157547,6.435979,1.687965,0.621277,0.784357,7.69659
extract_mu020,3.51001,1.007470,2.097589,6.383969,1.161482,0.626038,0.792059,7.82158
extract_mu020,3.51452,1.008889,2.122696,6.352745,0.757515,0.621021,0.784108,7.70219
extract_mu020,3.51901,1.010296,2.149570,6.336539,3.679120,0.616027,0.776192,7.58325
extract_mu020,3.52352,1.011705,2.084160,6.319904,1.051488,0.618665,0.780211,7.64431
extract_mu020,3.52801,1.013102,1.998473,6.300248,0.354482,0.623387,0.787487,7.75446
extract_mu020,3.53250,1.014495,1.982944,6.343525,1.916464,0.623298,0.787038,7.73644
extract_mu020,3.53701,1.015888,2.031148,6.439594,0.923178,0.619422,0.780507,7.61744
extract_mu020,3.54150,1.017271,2.059296,6.490925,3.348610,0.617694,0.777753,7.57333
extract_mu020,3.54602,1.018658,1.976694,6.452176,0.799284,0.620154,0.782368,7.67549
extract_mu020,3.55051,1.020030,1.879083,6.344458,0.916227,0.622209,0.786309,7.76429
extract_mu020,3.55502,1.021404,1.876491,6.272537,0.403889,0.621325,0.785395,7.75769
extract_mu020,3.55951,1.022766,1.981729,6.300371,3.304328,0.620446,0.784486,7.75112
extract_mu020,3.56402,1.024130,2.104076,6.367601,3.097380,0.619635,0.782644,7.70486
extract_mu020,3.56851,1.025482,2.107411,6.411917,1.868395,0.618836,0.780703,7.65418
extract_mu020,3.57300,1.026829,2.023630,6.405792,2.317990,0.620171,0.782545,7.67280
extract_mu020,3.57752,1.028180,1.983237,6.386181,0.377616,0.622567,0.786265,7.72571
extract_mu020,3.58200,1.029514,2.043774,6.395345,1.313247,0.622298,0.785634,7.71838
extract_mu020,3.58652,1.030855,2.148153,6.383922,2.412755,0.618763,0.779670,7.63721
extract_mu020,3.59101,1.032182,2.169004,6.335229,2.413553,0.617052,0.776810,7.60068
extract_mu020,3.59552,1.033509,2.089321,6.292175,1.753181,0.621460,0.784365,7.71407
extract_mu020,3.60001,1.034826,2.024452,6.304863,0.783245,0.625797,0.791796,7.82543
extract_mu020,3.60452,1.036143,2.045834,6.396085,0.065903,0.621037,0.783466,7.67682
extract_mu020,3.60901,1.037449,2.143330,6.473759,1.638792,0.616299,0.775173,7.52876
extract_mu020,3.61350,1.038750,2.207922,6.457548,4.575320,0.618706,0.779781,7.61719
extract_mu020,3.61802,1.040054,2.175802,6.378638,1.134701,0.623127,0.788026,7.77222
extract_mu020,3.62251,1.041345,2.120319,6.307098,0.418066,0.622966,0.788195,7.79120
extract_mu020,3.62702,1.042636,2.092300,6.311191,2.508353,0.619235,0.782080,7.70453
extract_mu020,3.63151,1.043916,2.091323,6.357553,2.341388,0.617660,0.779348,7.66113
extract_mu020,3.63602,1.045196,2.068296,6.375074,4.974330,0.620267,0.783177,7.70165
extract_mu020,3.64051,1.046466,2.001615,6.378755,0.473875,0.622433,0.786281,7.73171
extract_mu020,3.64500,1.047730,1.968055,6.390084,0.449072,0.621306,0.783983,7.68341
extract_mu020,3.64951,1.048995,2.006293,6.416269,2.849689,0.620174,0.781675,7.63488
extract_mu020,3.65400,1.050249,2.098516,6.422803,2.206652,0.619682,0.781111,7.63966
extract_mu020,3.65852,1.051506,2.193734,6.360047,5.232950,0.619262,0.780751,7.65085
extract_mu020,3.66301,1.052749,2.236028,6.287377,1.474206,0.620459,0.782906,7.68972
extract_mu020,3.66752,1.053992,2.250899,6.281899,1.049893,0.622450,0.786300,7.74233
extract_mu020,3.67201,1.055225,2.265955,6.353358,4.443830,0.622047,0.785672,7.72406
extract_mu020,3.67650,1.056452,2.264339,6.443626,3.173580,0.618725,0.780140,7.61931
extract_mu020,3.68102,1.057683,2.254097,6.454631,3.589510,0.617085,0.777477,7.56910
extract_mu020,3.68551,1.058899,2.254017,6.397481,2.850517,0.621215,0.784647,7.70603
extract_mu020,3.69002,1.060116,2.267821,6.348192,1.413819,0.625312,0.791763,7.84200
extract_mu020,3.69451,1.061322,2.278565,6.335014,3.247604,0.620745,0.784409,7.72948
extract_mu020,3.69902,1.062528,2.232755,6.351306,4.418840,0.616158,0.777021,7.61640
extract_mu020,3.70351,1.063723,2.128824,6.348970,2.760900,0.618738,0.780736,7.66626
extract_mu020,3.70800,1.064913,2.040841,6.336325,2.453313,0.623303,0.787525,7.76120
extract_mu020,3.71251,1.066103,2.014170,6.370549,1.216320,0.623173,0.786783,7.73801
extract_mu020,3.71700,1.067282,2.033596,6.427292,1.932085,0.619317,0.780066,7.62117
extract_mu020,3.72152,1.068463,2.023330,6.451996,3.629420,0.617673,0.777338,7.57623
extract_mu020,3.72601,1.069631,1.950410,6.404114,0.857631,0.620418,0.782520,7.67386
extract_mu020,3.73052,1.070799,1.894047,6.312300,1.654115,0.622695,0.786879,7.75667
extract_mu020,3.73501,1.071957,1.907779,6.281366,1.802267,0.621303,0.784777,7.72315
extract_mu020,3.73952,1.073114,1.974391,6.330420,0.292776,0.619904,0.782666,7.68948
extract_mu020,3.74401,1.074260,2.005669,6.399534,4.243910,0.619573,0.781949,7.67411
extract_mu020,3.74850,1.075401,1.924071,6.427484,0.154281,0.619367,0.781397,7.66090
extract_mu020,3.75302,1.076544,1.831055,6.394992,0.055558,0.620421,0.783284,7.68887
extract_mu020,3.75751,1.077675,1.820574,6.368576,0.961169,0.622075,0.786333,7.73650
extract_mu020,3.76202,1.078804,1.884719,6.372458,1.431055,0.621684,0.785805,7.73230
extract_mu020,3.76651,1.079923,1.934386,6.367007,3.358243,0.618782,0.780879,7.66432
extract_mu020,3.77102,1.081042,1.862513,6.342807,0.105068,0.617456,0.778485,7.63183
extract_mu020,3.77551,1.082150,1.751949,6.314247,1.341716,0.621393,0.784554,7.71800
extract_mu020,3.78000,1.083253,1.719086,6.337297,0.868837,0.625286,0.790551,7.80297
extract_mu020,3.78451,1.084355,1.784733,6.415181,1.887600,0.620861,0.782879,7.66648
extract_mu020,3.78901,1.085450,1.869833,6.457896,2.797377,0.616447,0.775224,7.53022
extract_mu020,3.79352,1.086541,1.856968,6.426296,1.503739,0.618879,0.779758,7.61062
extract_mu020,3.79801,1.087621,1.785499,6.348073,2.470700,0.623167,0.787592,7.74962
extract_mu020,3.80252,1.088701,1.766527,6.299408,0.477547,0.622909,0.787598,7.76347
extract_mu020,3.80701,1.089771,1.840689,6.331017,0.471699,0.619134,0.781544,7.68036
extract_mu020,3.81152,1.090840,1.949470,6.378960,2.663505,0.617610,0.779077,7.64468
extract_mu020,3.81601,1.091899,1.973651,6.393762,2.421384,0.620432,0.783540,7.70072
extract_mu020,3.82050,1.092952,1.911139,6.383458,2.272983,0.622745,0.787176,7.74604
extract_mu020,3.82502,1.094006,1.872185,6.375276,0.422104,0.621175,0.784500,7.70963
extract_mu020,3.82950,1.095046,1.916936,6.396412,0.417283,0.619619,0.781847,7.67354
extract_mu020,3.83402,1.096089,2.028153,6.397675,2.127354,0.619592,0.781870,7.67659
extract_mu020,3.83851,1.097120,2.105737,6.349830,4.291650,0.619746,0.782209,7.68425
extract_mu020,3.84302,1.098150,2.096121,6.306229,0.996632,0.620752,0.783580,7.69945
extract_mu020,3.84751,1.099170,2.070987,6.313645,0.281857,0.622161,0.785440,7.71818
extract_mu020,3.85200,1.100184,2.076301,6.384651,2.966500,0.621760,0.784464,7.69398
extract_mu020,3.85652,1.101200,2.114633,6.446554,2.155851,0.619125,0.779988,7.61671
extract_mu020,3.86101,1.102203,2.160185,6.426443,4.894110,0.617884,0.778000,7.58406
extract_mu020,3.86552,1.103205,2.193144,6.364792,0.412035,0.621302,0.784330,7.70071
extract_mu020,3.87001,1.104197,2.268384,6.323713,0.303544,0.624659,0.790554,7.81548
extract_mu020,3.87452,1.105188,2.400353,6.333022,4.811960,0.620891,0.784561,7.72421
extract_mu020,3.87901,1.106168,2.545656,6.358328,3.568890,0.617140,0.778593,7.63331
extract_mu020,3.88350,1.107144,2.673370,6.344735,5.368100,0.619469,0.782167,7.68685
extract_mu020,3.88801,1.108118,2.785047,6.331128,0.623112,0.623501,0.788411,7.78078
extract_mu020,3.89250,1.109082,2.901758,6.359729,0.910090,0.623341,0.787821,7.76869
extract_mu020,3.89702,1.110046,2.978021,6.394723,7.436180,0.619886,0.781856,7.67318
extract_mu020,3.90151,1.110999,2.927146,6.378837,4.774150,0.618819,0.779974,7.64270
extract_mu020,3.90602,1.111951,2.842052,6.307729,0.358249,0.622364,0.785983,7.73793
extract_mu020,3.91051,1.112892,2.906285,6.270857,0.277921,0.625158,0.790712,7.81217
extract_mu020,3.91502,1.113833,3.130643,6.306153,3.111055,0.622402,0.785978,7.73150
extract_mu020,3.91951,1.114763,3.343074,6.330939,7.778100,0.619659,0.781265,7.65116
extract_mu020,3.92402,1.115692,3.377632,6.315178,2.223301,0.621740,0.784819,7.70824
extract_mu020,3.92851,1.116611,3.293339,6.294850,2.670729,0.624377,0.789327,7.78115
extract_mu020,3.93300,1.117525,3.152183,6.309139,4.191460,0.624109,0.788952,7.77944
extract_mu020,3.93752,1.118439,2.931955,6.331529,4.790910,0.622410,0.786173,7.74101
extract_mu020,3.94200,1.119340,2.682733,6.307561,1.281860,0.622125,0.785921,7.74041
extract_mu020,3.94652,1.120243,2.568940,6.268289,0.689368,0.623565,0.788756,7.78606
extract_mu020,3.95100,1.121132,2.657864,6.238651,0.510196,0.624567,0.790801,7.82286
extract_mu020,3.95552,1.122024,2.835322,6.209795,5.801210,0.624120,0.790240,7.83103
extract_mu020,3.96001,1.122904,2.904217,6.187334,3.909490,0.623673,0.789671,7.83870
extract_mu020,3.96452,1.123782,2.916596,6.207372,2.130897,0.622690,0.787234,7.77401
extract_mu020,3.96901,1.124651,3.029257,6.324843,2.410999,0.621711,0.784808,7.70958
extract_mu020,3.97352,1.125518,3.237768,6.495756,3.624930,0.622419,0.784775,7.67509
extract_mu020,3.97801,1.126376,3.385924,6.590926,3.490880,0.623585,0.785398,7.64899
extract_mu020,3.98250,1.127228,3.367412,6.585647,6.382720,0.622960,0.784320,7.63442
extract_mu020,3.98701,1.128078,3.153482,6.531733,1.619218,0.620923,0.781897,7.62888
extract_mu020,3.99150,1.128919,2.773809,6.454656,4.000330,0.620519,0.782007,7.65443
extract_mu020,3.99602,1.129760,2.324802,6.379152,1.207470,0.623314,0.787089,7.74135
extract_mu020,4.00051,1.130590,2.011996,6.345175,1.430414,0.625355,0.790817,7.80508
extract_mu020,4.00502,1.131418,1.964848,6.390628,1.571890,0.621839,0.784575,7.69806
extract_mu020,4.00951,1.132236,2.165345,6.475561,0.087242,0.618339,0.778360,7.59146
extract_mu020,4.01400,1.133049,2.448233,6.508673,5.202520,0.621195,0.783153,7.65981
extract_mu020,4.01852,1.133862,2.629168,6.467441,1.641559,0.624826,0.789287,7.74939
extract_mu020,4.02300,1.134662,2.685033,6.398083,4.354863,0.623395,0.787250,7.72923
extract_mu020,4.02752,1.135464,2.635630,6.357580,3.655210,0.619479,0.781206,7.65534
extract_mu020,4.03201,1.136255,2.513262,6.345273,3.092070,0.619264,0.780923,7.65583
extract_mu020,4.03652,1.137043,2.385370,6.338379,0.983614,0.623549,0.787651,7.74684
extract_mu020,4.04101,1.137823,2.353152,6.372593,1.587940,0.625801,0.790953,7.78603
extract_mu020,4.04552,1.138600,2.422617,6.443239,0.471977,0.621197,0.782691,7.65017
extract_mu020,4.05001,1.139369,2.510529,6.483336,5.776060,0.616654,0.774539,7.51604
extract_mu020,4.05451,1.140133,2.507074,6.455420,2.821702,0.621152,0.782718,7.64950
extract_mu020,4.05902,1.140894,2.437289,6.389997,1.731886,0.625659,0.790916,7.78318
extract_mu020,4.06351,1.141646,2.363795,6.361444,1.845506,0.623126,0.786884,7.73888
extract_mu020,4.06802,1.142395,2.311085,6.376996,3.309440,0.618637,0.779458,7.64524
extract_mu020,4.07251,1.143136,2.250261,6.386445,4.320310,0.619143,0.780363,7.65759
extract_mu020,4.07700,1.143871,2.185971,6.394992,0.819368,0.623541,0.787762,7.75253
extract_mu020,4.08151,1.144604,2.172092,6.420789,0.963447,0.624952,0.790117,7.77696
extract_mu020,4.08600,1.145328,2.211691,6.452524,4.023980,0.620456,0.782501,7.66214
extract_mu020,4.09052,1.146052,2.250135,6.452777,4.646720,0.616974,0.776604,7.57349
extract_mu020,4.09501,1.146765,2.256359,6.397245,2.239188,0.621402,0.784127,7.68945
extract_mu020,4.09952,1.147476,2.272251,6.354471,0.924347,0.625850,0.791684,7.80586
extract_mu020,4.10401,1.148178,2.293682,6.368432,2.308620,0.622454,0.785717,7.71653
extract_mu020,4.10852,1.148878,2.261412,6.396124,5.684190,0.618114,0.778122,7.60238
extract_mu020,4.11301,1.149569,2.124190,6.399907,1.825603,0.619521,0.780472,7.63488
extract_mu020,4.11750,1.150255,1.991187,6.387809,0.933462,0.623736,0.787680,7.73898
extract_mu020,4.12202,1.150939,1.984429,6.393451,1.328107,0.624168,0.788540,7.75148
extract_mu020,4.12650,1.151613,2.125822,6.412645,1.728062,0.619937,0.781575,7.65105
extract_mu020,4.13102,1.152286,2.325313,6.397469,4.174950,0.617564,0.777750,7.59797
extract_mu020,4.13551,1.152950,2.461414,6.359335,0.313558,0.621650,0.784844,7.70946
extract_mu020,4.14002,1.153612,2.510968,6.349193,3.143329,0.625713,0.791899,7.82029
extract_mu020,4.14451,1.154264,2.475094,6.380103,2.784839,0.621555,0.784840,7.71129
extract_mu020,4.14900,1.154912,2.350183,6.414099,2.497369,0.617397,0.777780,7.60223
extract_mu020,4.15352,1.155558,2.185101,6.400092,0.521011,0.619792,0.781660,7.65840
extract_mu020,4.15801,1.156195,2.082067,6.374048,1.562842,0.623973,0.788521,7.75958
extract_mu020,4.16252,1.156829,2.068822,6.381713,1.708046,0.623410,0.787552,7.74562
extract_mu020,4.16701,1.157455,2.084085,6.401119,2.726986,0.619186,0.780543,7.64281
extract_mu020,4.17152,1.158078,2.021989,6.398988,1.864851,0.617860,0.778263,7.61023
extract_mu020,4.17601,1.158693,1.901867,6.374309,2.018628,0.622125,0.785106,7.71315
extract_mu020,4.18050,1.159303,1.837505,6.371535,1.259428,0.625388,0.790327,7.79132
extract_mu020,4.18501,1.159910,1.877696,6.405612,0.444274,0.621044,0.783223,7.68144
extract_mu020,4.18951,1.160511,1.969342,6.421312,2.220680,0.616709,0.776134,7.57175
extract_mu020,4.19402,1.161107,2.021147,6.393182,1.527251,0.620019,0.781922,7.66652
extract_mu020,4.19851,1.161695,2.037894,6.359636,3.242938,0.624199,0.789176,7.78450
extract_mu020,4.20302,1.162281,2.061350,6.360173,0.773121,0.622722,0.786895,7.75185
extract_mu020,4.20751,1.162859,2.087312,6.392767,1.856225,0.618522,0.780024,7.64663
extract_mu020,4.21200,1.163431,2.064505,6.396995,2.168895,0.618089,0.779291,7.63251
extract_mu020,4.21651,1.164001,1.995795,6.367138,0.024548,0.622282,0.786095,7.73022
extract_mu020,4.22100,1.164563,1.943784,6.358691,2.949418,0.624558,0.789747,7.78092
extract_mu020,4.22552,1.165123,1.918326,6.379482,1.704533,0.620349,0.782739,7.67256
extract_mu020,4.23001,1.165674,1.867513,6.398676,2.718300,0.616221,0.775866,7.56622
extract_mu020,4.23452,1.166223,1.765216,6.380504,1.251793,0.620377,0.782608,7.66870
extract_mu020,4.23901,1.166764,1.693703,6.348757,0.099469,0.624516,0.789321,7.77068
extract_mu020,4.24352,1.167302,1.716661,6.358376,1.459158,0.622293,0.785586,7.71602
extract_mu020,4.24801,1.167832,1.806101,6.395636,2.090512,0.618340,0.779006,7.61870
extract_mu020,4.25250,1.168358,1.852320,6.409907,4.667190,0.618677,0.779527,7.62981
extract_mu020,4.25701,1.168880,1.801312,6.383766,0.812956,0.622387,0.785629,7.72616
extract_mu020,4.26150,1.169395,1.748448,6.356959,0.836107,0.623686,0.787908,7.76273
extract_mu020,4.26602,1.169908,1.753833,6.372832,1.876421,0.620276,0.782724,7.68267
extract_mu020,4.27051,1.170412,1.792901,6.400331,3.631820,0.617619,0.778721,7.62077
extract_mu020,4.27502,1.170914,1.788560,6.391813,4.029790,0.620454,0.783333,7.69166
extract_mu020,4.27951,1.171408,1.735869,6.364327,0.120975,0.623275,0.787925,7.76221
extract_mu020,4.28402,1.171900,1.717608,6.357209,0.388816,0.621581,0.784966,7.71291
extract_mu020,4.28851,1.172384,1.762628,6.387087,3.140740,0.619365,0.781136,7.64979
extract_mu020,4.29300,1.172863,1.822534,6.412096,3.016920,0.619749,0.781569,7.65627
extract_mu020,4.29752,1.173340,1.837921,6.386510,3.525950,0.621413,0.784100,7.69700
extract_mu020,4.30200,1.173808,1.820281,6.349767,0.252706,0.621906,0.784892,7.70951
extract_mu020,4.30652,1.174275,1.824754,6.348724,0.128255,0.620974,0.783571,7.68777
extract_mu020,4.31101,1.174734,1.846184,6.382071,4.002130,0.620280,0.782575,7.67107
extract_mu020,4.31552,1.175190,1.819388,6.403793,3.113620,0.620369,0.782644,7.67094
extract_mu020,4.32001,1.175638,1.741630,6.378598,2.531811,0.620461,0.782719,7.67095
extract_mu020,4.32452,1.176084,1.682128,6.352429,0.178663,0.621160,0.784066,7.69692
extract_mu020,4.32901,1.176523,1.683763,6.364128,0.081252,0.621857,0.785407,7.72278
extract_mu020,4.33350,1.176957,1.708969,6.392423,3.705230,0.620746,0.783655,7.69762
extract_mu020,4.33802,1.177389,1.667442,6.396220,2.385615,0.619122,0.781028,7.65804
extract_mu020,4.34251,1.177813,1.574545,6.362143,0.949215,0.619751,0.782127,7.67606
extract_mu020,4.34702,1.178234,1.527479,6.342083,0.382773,0.622140,0.786137,7.73908
extract_mu020,4.35151,1.178648,1.565341,6.369322,0.393388,0.622648,0.786933,7.74986
extract_mu020,4.35602,1.179060,1.631081,6.404211,3.085189,0.619501,0.781484,7.65908
extract_mu020,4.36051,1.179464,1.614914,6.402695,2.692960,0.617153,0.777382,7.59019
extract_mu020,4.36500,1.179864,1.533555,6.366781,0.865854,0.620789,0.783367,7.68517
extract_mu020,4.36951,1.180261,1.494509,6.347750,0.843876,0.624441,0.789378,7.78053
extract_mu020,4.37400,1.180651,1.541824,6.374024,0.363977,0.621316,0.784198,7.70040
extract_mu020,4.37852,1.181039,1.622417,6.401137,2.174157,0.617357,0.777642,7.59866
extract_mu020,4.38301,1.181420,1.640566,6.390744,1.822741,0.618678,0.779927,7.63288
extract_mu020,4.38752,1.181797,1.602692,6.360401,1.295509,0.622574,0.786523,7.73338
extract_mu020,4.39201,1.182168,1.597346,6.354634,1.367971,0.623115,0.787531,7.74844
extract_mu020,4.39652,1.182537,1.656280,6.390545,0.733966,0.619561,0.781717,7.65920
extract_mu020,4.40101,1.182898,1.721385,6.415808,2.125513,0.617485,0.778345,7.60966
extract_mu020,4.40550,1.183255,1.720130,6.392210,1.736271,0.620384,0.783197,7.69392
extract_mu020,4.41002,1.183610,1.675264,6.354451,1.479619,0.623272,0.788027,7.77778
extract_mu020,4.41451,1.183958,1.661674,6.350772,0.793659,0.621216,0.784491,7.71484
extract_mu020,4.41902,1.184303,1.690603,6.391256,1.620745,0.619152,0.780939,7.65161
extract_mu020,4.42351,1.184642,1.701871,6.420114,1.928167,0.619526,0.781426,7.65798
extract_mu020,4.42802,1.184977,1.652002,6.396405,1.714748,0.620576,0.783031,7.68361
extract_mu020,4.43251,1.185307,1.587588,6.358803,0.764650,0.621061,0.783763,7.69435
extract_mu020,4.43700,1.185632,1.582469,6.354374,1.087068,0.621107,0.783817,7.69351
extract_mu020,4.44152,1.185954,1.631560,6.388727,2.086292,0.620747,0.783200,7.68300
extract_mu020,4.44600,1.186270,1.656528,6.411830,2.367834,0.619598,0.781282,7.65381
extract_mu020,4.45052,1.186583,1.610440,6.385105,1.813221,0.618819,0.780004,7.63486
extract_mu020,4.45501,1.186890,1.549326,6.349848,0.411369,0.620925,0.783711,7.69564
extract_mu020,4.45952,1.187194,1.544940,6.353364,0.687284,0.623041,0.787435,7.75667
extract_mu020,4.46401,1.187493,1.583180,6.390800,2.630137,0.620701,0.783520,7.69435
extract_mu020,4.46850,1.187787,1.582690,6.412492,2.784035,0.617837,0.778704,7.61746
extract_mu020,4.47301,1.188078,1.513602,6.384416,1.591681,0.619144,0.780907,7.65510
extract_mu020,4.47750,1.188363,1.445142,6.346781,0.255582,0.622513,0.786582,7.74933
extract_mu020,4.48202,1.188646,1.448555,6.349318,0.382390,0.622815,0.787076,7.75790
extract_mu020,4.48651,1.188922,1.502805,6.385552,2.568599,0.619328,0.781172,7.66066
extract_mu020,4.49102,1.189196,1.510964,6.407949,3.376700,0.617355,0.777808,7.60380
extract_mu020,4.49551,1.189464,1.436066,6.384275,1.733446,0.620592,0.783187,7.68609
extract_mu020,4.50002,1.189729,1.360396,6.350296,0.417553,0.623816,0.788544,7.76802
extract_mu020,4.50451,1.189989,1.358399,6.354771,0.066924,0.621178,0.784092,7.69881
extract_mu020,4.50900,1.190245,1.416115,6.387465,2.923360,0.618540,0.779641,7.62958
extract_mu020,4.51352,1.190498,1.430119,6.402699,3.443660,0.619336,0.781047,7.65383
extract_mu020,4.51801,1.190745,1.356918,6.377205,1.170805,0.621071,0.784054,7.70359
extract_mu020,4.52252,1.190989,1.286649,6.345412,0.772912,0.621444,0.784737,7.71531
extract_mu020,4.52701,1.191228,1.297693,6.354853,0.362306,0.620760,0.783616,7.69750
extract_mu020,4.53152,1.191465,1.369739,6.391514,2.662797,0.620146,0.782619,7.68133
extract_mu020,4.53601,1.191696,1.397004,6.406889,3.709980,0.619676,0.781874,7.66853
extract_mu020,4.54050,1.191923,1.335252,6.383120,1.301801,0.619434,0.781499,7.66168
extract_mu020,4.54502,1.192148,1.272852,6.353165,0.294200,0.620941,0.783962,7.70039
extract_mu020,4.54950,1.192366,1.287361,6.362257,0.483440,0.622436,0.786403,7.73875
extract_mu020,4.55402,1.192583,1.356684,6.395636,2.388879,0.620497,0.783073,7.68736
extract_mu020,4.55851,1.192794,1.377740,6.403448,3.161400,0.618167,0.779085,7.62572
extract_mu020,4.56302,1.193003,1.311435,6.375890,1.070826,0.619355,0.781034,7.65422
extract_mu020,4.56751,1.193207,1.252036,6.348229,0.066934,0.622236,0.785842,7.72613
extract_mu020,4.57200,1.193407,1.273404,6.362086,0.242898,0.622430,0.786151,7.72780
extract_mu020,4.57652,1.193604,1.346745,6.401219,2.052589,0.619311,0.780913,7.64286
extract_mu020,4.58101,1.193797,1.370950,6.410559,2.762470,0.617609,0.778071,7.59846
extract_mu020,4.58552,1.193986,1.310663,6.383288,0.567314,0.620631,0.783216,7.68941
extract_mu020,4.59001,1.194171,1.258761,6.357258,0.741347,0.623608,0.788284,7.77898
extract_mu020,4.59452,1.194353,1.285497,6.369886,0.102324,0.620987,0.783959,7.70587
extract_mu020,4.59901,1.194531,1.360778,6.405903,1.532856,0.618377,0.779653,7.63306
extract_mu020,4.60350,1.194705,1.389183,6.410221,2.534984,0.619361,0.781354,7.66075
extract_mu020,4.60802,1.194877,1.339166,6.379044,0.046080,0.621354,0.784744,7.71666
extract_mu020,4.61250,1.195043,1.298937,6.353874,1.311131,0.621542,0.785031,7.71806
extract_mu020,4.61702,1.195208,1.330062,6.367372,0.029225,0.620325,0.782898,7.67690
extract_mu020,4.62151,1.195368,1.398672,6.404119,1.537605,0.619640,0.781648,7.65245
extract_mu020,4.62602,1.195525,1.418355,6.408890,2.017334,0.619978,0.782088,7.65997
extract_mu020,4.63051,1.195678,1.368950,6.378778,0.247503,0.620337,0.782575,7.66827
extract_mu020,4.63502,1.195829,1.331768,6.357793,1.352860,0.620874,0.783440,7.68265
extract_mu020,4.63951,1.195975,1.362830,6.372697,0.247867,0.621408,0.784301,7.69697
extract_mu020,4.64400,1.196118,1.426981,6.406532,1.862905,0.620260,0.782474,7.66596
extract_mu020,4.64852,1.196259,1.443576,6.407866,1.954094,0.618903,0.780315,7.62933
extract_mu020,4.65300,1.196395,1.402699,6.374615,0.708497,0.619804,0.781896,7.65851
extract_mu020,4.65752,1.196529,1.374091,6.353732,0.658746,0.621816,0.785319,7.72011
extract_mu020,4.66201,1.196659,1.403918,6.369180,0.528047,0.621816,0.785366,7.72461
extract_mu020,4.66652,1.196786,1.448431,6.402171,2.386020,0.619368,0.781307,7.65974
extract_mu020,4.67101,1.196910,1.430086,6.404516,2.268187,0.618098,0.779209,7.62589
extract_mu020,4.67552,1.197031,1.360590,6.374129,1.244820,0.620805,0.783723,7.69670
extract_mu020,4.68001,1.197149,1.319614,6.358252,0.639331,0.623473,0.788174,7.76648
extract_mu020,4.68450,1.197263,1.349087,6.376183,0.830255,0.620805,0.783716,7.69391
extract_mu020,4.68902,1.197376,1.395766,6.405352,2.994880,0.618120,0.779227,7.62083
extract_mu020,4.69351,1.197484,1.377435,6.403382,2.184987,0.619407,0.781310,7.65258
extract_mu020,4.69802,1.197590,1.309458,6.369534,1.109464,0.621794,0.785210,7.71331
extract_mu020,4.70251,1.197693,1.272839,6.352028,0.236109,0.621799,0.785166,7.71330
extract_mu020,4.70702,1.197793,1.307238,6.370632,0.850400,0.619941,0.782039,7.66580
extract_mu020,4.71151,1.197890,1.354608,6.399688,3.021108,0.619101,0.780616,7.64529
extract_mu020,4.71600,1.197984,1.329703,6.400179,2.476683,0.620236,0.782496,7.67713
extract_mu020,4.72051,1.198076,1.256454,6.371822,1.010341,0.621207,0.784116,7.70429
extract_mu020,4.72500,1.198165,1.223364,6.358476,0.398007,0.620878,0.783670,7.69448
extract_mu020,4.72952,1.198251,1.263011,6.377452,0.807606,0.620547,0.783220,7.68460
extract_mu020,4.73401,1.198334,1.314175,6.400815,3.397770,0.620048,0.782413,7.67370
extract_mu020,4.73852,1.198416,1.290821,6.395248,2.402208,0.619526,0.781561,7.66262
extract_mu020,4.74301,1.198494,1.217734,6.366236,0.474978,0.620238,0.782719,7.68399
extract_mu020,4.74752,1.198570,1.188651,6.356418,0.562188,0.621556,0.784866,7.72134
extract_mu020,4.75201,1.198643,1.233750,6.380914,1.288335,0.621410,0.784588,7.71560
extract_mu020,4.75650,1.198713,1.288795,6.405795,2.643636,0.619477,0.781351,7.65729
extract_mu020,4.76102,1.198782,1.270623,6.398661,2.274197,0.618512,0.779723,7.62707
extract_mu020,4.76550,1.198848,1.205035,6.369822,0.626607,0.620862,0.783608,7.69326
extract_mu020,4.77002,1.198911,1.184795,6.360569,0.142290,0.623205,0.787478,7.75918
extract_mu020,4.77451,1.198972,1.239487,6.385599,1.041635,0.620664,0.783204,7.68563
extract_mu020,4.77902,1.199032,1.302246,6.408681,2.624336,0.618113,0.778910,7.61172
extract_mu020,4.78351,1.199088,1.293594,6.397803,2.137780,0.619487,0.781270,7.65103
extract_mu020,4.78802,1.199143,1.239805,6.367837,0.100036,0.621956,0.785486,7.72188
extract_mu020,4.79251,1.199195,1.228388,6.359568,0.259164,0.621818,0.785317,7.72139
extract_mu020,4.79700,1.199245,1.280562,6.386134,1.069958,0.619644,0.781723,7.66521
extract_mu020,4.80152,1.199293,1.327733,6.409480,2.281054,0.618767,0.780267,7.64234
extract_mu020,4.80600,1.199339,1.302758,6.397862,1.667091,0.620444,0.783021,7.68511
extract_mu020,4.81052,1.199383,1.241990,6.369899,0.251530,0.621824,0.785281,7.72031
extract_mu020,4.81501,1.199425,1.231874,6.364235,0.540800,0.620828,0.783610,7.69526
extract_mu020,4.81952,1.199466,1.286247,6.390342,0.609728,0.619828,0.781931,7.67009
extract_mu020,4.82401,1.199504,1.332716,6.410370,2.199383,0.619943,0.782092,7.67109
extract_mu020,4.82852,1.199540,1.308310,6.394297,1.281796,0.620191,0.782471,7.67519
extract_mu020,4.83301,1.199575,1.251560,6.365128,0.488704,0.620594,0.783122,7.68360
extract_mu020,4.83750,1.199608,1.244835,6.361387,0.528279,0.621074,0.783908,7.69413
extract_mu020,4.84202,1.199639,1.295498,6.388882,1.005898,0.620810,0.783459,7.68681
extract_mu020,4.84650,1.199669,1.327288,6.408903,1.868826,0.619636,0.781501,7.65765
extract_mu020,4.85102,1.199697,1.286814,6.392717,1.258663,0.619121,0.780640,7.64568
extract_mu020,4.85551,1.199723,1.224823,6.365939,0.301416,0.620880,0.783570,7.69302
extract_mu020,4.86002,1.199748,1.222982,6.365217,0.334850,0.622625,0.786479,7.74000
extract_mu020,4.86451,1.199771,1.278227,6.392032,1.350494,0.620473,0.782978,7.68286
extract_mu020,4.86902,1.199793,1.309390,6.408458,2.160386,0.618310,0.779460,7.62546
extract_mu020,4.87351,1.199813,1.267632,6.388646,1.269831,0.619684,0.781816,7.66475
extract_mu020,4.87800,1.199832,1.210774,6.361411,0.014314,0.622038,0.785799,7.73081
extract_mu020,4.88251,1.199850,1.217325,6.363232,0.113449,0.621774,0.785343,7.72486
extract_mu020,4.88701,1.199866,1.277400,6.391783,1.703585,0.619427,0.781355,7.66161
extract_mu020,4.89152,1.199881,1.306298,6.408225,2.471888,0.618583,0.779896,7.63837
extract_mu020,4.89601,1.199895,1.260286,6.388942,1.554474,0.620689,0.783400,7.69375
extract_mu020,4.90052,1.199908,1.203331,6.363955,0.219742,0.622362,0.786180,7.73743
extract_mu020,4.90501,1.199920,1.209693,6.367927,0.397834,0.620663,0.783320,7.69006
extract_mu020,4.90952,1.199931,1.266264,6.395249,2.053634,0.618956,0.780448,7.64247
extract_mu020,4.91401,1.199941,1.288101,6.407778,3.081724,0.619781,0.781755,7.66184
extract_mu020,4.91850,1.199949,1.236621,6.386091,1.613989,0.620906,0.783560,7.68917
extract_mu020,4.92302,1.199957,1.181118,6.362334,0.414251,0.621006,0.783712,7.69232
extract_mu020,4.92750,1.199964,1.191788,6.369231,0.832520,0.620598,0.783046,7.68345
extract_mu020,4.93202,1.199970,1.248162,6.397290,2.257875,0.620210,0.782425,7.67382
extract_mu020,4.93651,1.199976,1.264431,6.407821,2.922552,0.619854,0.781873,7.66342
extract_mu020,4.94102,1.199981,1.209127,6.385266,1.400592,0.619817,0.781854,7.66163
extract_mu020,4.94551,1.199985,1.158098,6.363499,0.353420,0.620872,0.783659,7.68930
extract_mu020,4.95002,1.199988,1.177569,6.373268,0.605501,0.621918,0.785451,7.71675
extract_mu020,4.95451,1.199991,1.240121,6.401839,2.163196,0.620267,0.782662,7.67213
extract_mu020,4.95900,1.199993,1.259074,6.409976,2.855106,0.618617,0.779873,7.62751
extract_mu020,4.96352,1.199995,1.207492,6.385671,1.060613,0.619920,0.782042,7.66681
extract_mu020,4.96800,1.199997,1.161528,6.364821,0.009894,0.622021,0.785549,7.72871
extract_mu020,4.97252,1.199998,1.183131,6.376511,0.883351,0.621632,0.784930,7.71868
extract_mu020,4.97701,1.199999,1.241265,6.404971,2.120960,0.619268,0.781038,7.65156
extract_mu020,4.98152,1.199999,1.252411,6.410917,2.365232,0.618517,0.779802,7.62872
extract_mu020,4.98601,1.200000,1.199151,6.385668,1.082445,0.620877,0.783684,7.69126
extract_mu020,4.99052,1.200000,1.159600,6.366296,0.214683,0.622701,0.786677,7.73962
extract_mu020,4.99501,1.200000,1.186955,6.379526,0.216244,0.620559,0.783076,7.68287
extract_mu020,4.99950,1.200000,1.242818,6.406861,1.812262,0.618416,0.779475,7.62610
extract_mu020,5.00402,1.200000,1.245322,6.409636,2.259179,0.619747,0.781664,7.66193
extract_mu020,5.00851,1.200000,1.186778,6.382841,0.435399,0.621479,0.784520,7.70842
extract_mu020,5.01302,1.200000,1.149696,6.365337,0.643820,0.621267,0.784166,7.70196
extract_mu020,5.01751,1.200000,1.182202,6.381221,0.396492,0.620119,0.782265,7.67000
extract_mu020,5.02202,1.200000,1.240187,6.408595,1.800264,0.619686,0.781570,7.65762
extract_mu020,5.02651,1.200000,1.240963,6.409404,1.894077,0.620121,0.782339,7.66904
extract_mu020,5.03100,1.200000,1.184068,6.382000,0.295610,0.620520,0.783042,7.68022
extract_mu020,5.03551,1.200000,1.152658,6.366318,0.396348,0.620796,0.783528,7.69066
extract_mu020,5.04000,1.200000,1.188375,6.383917,0.293421,0.621064,0.784002,7.70088
extract_mu020,5.04452,1.200000,1.243237,6.410187,1.895231,0.620078,0.782378,7.67354
extract_mu020,5.04901,1.200000,1.236914,6.408265,1.948673,0.619099,0.780765,7.64638
extract_mu020,5.05352,1.200000,1.177498,6.380092,0.111310,0.620160,0.782538,7.67467
extract_mu020,5.05801,1.200000,1.150540,6.366449,0.651418,0.621773,0.785228,7.71795
extract_mu020,5.06252,1.200000,1.190756,6.385796,0.559270,0.621316,0.784430,7.70367
extract_mu020,5.06701,1.200000,1.244436,6.410723,2.039154,0.619259,0.780936,7.64489
extract_mu020,5.07150,1.200000,1.233698,6.406069,1.542611,0.618685,0.779934,7.62814
extract_mu020,5.07602,1.200000,1.173582,6.377499,0.185478,0.621023,0.783826,7.69398
extract_mu020,5.08050,1.200000,1.150325,6.366218,0.277885,0.622796,0.786779,7.74428
extract_mu020,5.08502,1.200000,1.193655,6.387587,0.641871,0.620404,0.782803,7.68020
extract_mu020,5.08951,1.200000,1.245554,6.411734,2.085885,0.618028,0.778854,7.61652
extract_mu020,5.09402,1.200000,1.231609,6.405133,1.974515,0.619739,0.781689,7.66209
extract_mu020,5.09851,1.200000,1.173181,6.376926,0.227744,0.621917,0.785300,7.72016
extract_mu020,5.10302,1.200000,1.154145,6.368237,0.331180,0.621414,0.784471,7.70630
extract_mu020,5.10751,1.200000,1.198876,6.391014,1.242440,0.619616,0.781498,7.65771
extract_mu020,5.11200,1.200000,1.245891,6.413289,2.449719,0.619190,0.780798,7.64596
extract_mu020,5.11652,1.200000,1.225756,6.403748,1.982755,0.620453,0.782896,7.67958
extract_mu020,5.12101,1.200000,1.167213,6.375198,0.430559,0.621288,0.784293,7.70187
extract_mu020,5.12552,1.200000,1.152882,6.368889,0.186580,0.620710,0.783367,7.68669
extract_mu020,5.13001,1.200000,1.201176,6.393499,1.522989,0.620137,0.782448,7.67162
extract_mu020,5.13452,1.200000,1.245377,6.414833,2.843770,0.619987,0.782168,7.66562
extract_mu020,5.13901,1.200000,1.220347,6.403318,2.142848,0.619838,0.781889,7.65964
extract_mu020,5.14352,1.200000,1.162211,6.374868,0.604960,0.620490,0.782976,7.67957
extract_mu020,5.14801,1.200000,1.151883,6.370451,0.424296,0.621359,0.784432,7.70652
extract_mu020,5.15250,1.200000,1.203673,6.395648,1.798605,0.620896,0.783646,7.69597
extract_mu020,5.15702,1.200000,1.246667,6.414797,2.912971,0.619379,0.781086,7.65575
extract_mu020,5.16151,1.200000,1.219792,6.400971,2.072366,0.619058,0.780546,7.64741
extract_mu020,5.16602,1.200000,1.165084,6.373116,0.567895,0.621057,0.783925,7.70084
extract_mu020,5.17051,1.200000,1.160160,6.371326,0.346594,0.622548,0.786445,7.74017
extract_mu020,5.17502,1.200000,1.211955,6.397689,1.682395,0.620260,0.782564,7.67450
extract_mu020,5.17951,1.200000,1.246381,6.415091,2.768040,0.617982,0.778701,7.60911
extract_mu020,5.18400,1.200000,1.209934,6.399502,1.775454,0.619831,0.781836,7.65951
extract_mu020,5.18852,1.200000,1.153026,6.372937,0.001687,0.622187,0.785830,7.72412
extract_mu020,5.19300,1.200000,1.151663,6.374087,0.042561,0.621486,0.784640,7.70433
extract_mu020,5.19752,1.200000,1.205379,6.401264,1.626958,0.619286,0.780908,7.64316
extract_mu020,5.20201,1.200000,1.236112,6.416080,2.294032,0.618917,0.780273,7.63379
extract_mu020,5.20652,1.200000,1.195609,6.397711,1.183262,0.620776,0.783402,7.68742
extract_mu020,5.21101,1.200000,1.140130,6.371418,0.227324,0.621904,0.785306,7.72091
extract_mu020,5.21550,1.200000,1.144621,6.374842,0.009709,0.620577,0.783086,7.68672
extract_mu020,5.22002,1.200000,1.205287,6.402931,1.357299,0.619253,0.780873,7.65263
extract_mu020,5.22450,1.200000,1.240337,6.416076,1.968107,0.619929,0.781992,7.66800
extract_mu020,5.22902,1.200000,1.205795,6.396076,1.023863,0.620611,0.783120,7.68352
extract_mu020,5.23351,1.200000,1.159595,6.370677,0.646649,0.620769,0.783448,7.68827
extract_mu020,5.23802,1.200000,1.170785,6.376081,0.244204,0.620784,0.783556,7.69009
extract_mu020,5.24251,1.200000,1.229291,6.404174,1.524176,0.620375,0.782868,7.67842
extract_mu020,5.24700,1.200000,1.254957,6.415141,1.964278,0.619635,0.781554,7.65619
extract_mu020,5.25151,1.200000,1.213856,6.393950,0.652531,0.619614,0.781478,7.65498
extract_mu020,5.25600,1.200000,1.168901,6.370297,0.562488,0.621012,0.783843,7.69528
extract_mu020,5.26052,1.200000,1.183422,6.378183,0.123933,0.622032,0.785566,7.72496
extract_mu020,5.26501,1.200000,1.237724,6.406132,1.351379,0.620122,0.782330,7.67251
extract_mu020,5.26952,1.200000,1.251379,6.414342,2.050588,0.618203,0.779080,7.61981
extract_mu020,5.27401,1.200000,1.199929,6.391506,0.842337,0.620011,0.782132,7.66848
extract_mu020,5.27850,1.200000,1.152485,6.369613,0.613510,0.622260,0.785930,7.72911
extract_mu020,5.28301,1.200000,1.169918,6.380381,0.139249,0.621422,0.784525,7.70446
extract_mu020,5.28750,1.200000,1.225688,6.408629,1.991445,0.619057,0.780546,7.63764
extract_mu020,5.29202,1.200000,1.236144,6.414358,2.023748,0.618758,0.780034,7.62896
extract_mu020,5.29651,1.200000,1.182895,6.389790,0.706810,0.621014,0.783809,7.69221
extract_mu020,5.30102,1.200000,1.140012,6.369001,0.254556,0.622328,0.786009,7.72872
extract_mu020,5.30551,1.200000,1.165558,6.381804,0.508748,0.620407,0.782792,7.67332
extract_mu020,5.31002,1.200000,1.225328,6.410060,2.111994,0.618491,0.779586,7.61812
extract_mu020,5.31451,1.200000,1.235013,6.413784,2.346934,0.619884,0.781960,7.66266
extract_mu020,5.31900,1.200000,1.182651,6.388352,0.878937,0.621277,0.784333,7.70719
extract_mu020,5.32352,1.200000,1.145299,6.369234,0.173301,0.620997,0.783846,7.69881
extract_mu020,5.32801,1.200000,1.175474,6.383764,0.815652,0.620258,0.782575,7.67595
extract_mu020,5.33252,1.200000,1.233703,6.411061,2.436457,0.619964,0.782041,7.66625
extract_mu020,5.33701,1.200000,1.238365,6.412152,2.550901,0.620014,0.782083,7.66680
extract_mu020,5.34152,1.200000,1.184869,6.386127,0.795766,0.620270,0.782499,7.67346
extract_mu020,5.34601,1.200000,1.151533,6.369416,0.073192,0.620916,0.783632,7.69182
extract_mu020,5.35050,1.200000,1.186006,6.386136,1.016754,0.621335,0.784372,7.70352
extract_mu020,5.35502,1.200000,1.242750,6.412405,2.437075,0.620020,0.782116,7.66432
extract_mu020,5.35951,1.200000,1.242553,6.410355,2.441258,0.618714,0.779875,7.62536
extract_mu020,5.36402,1.200000,1.188748,6.383106,0.901509,0.620228,0.782447,7.66938
extract_mu020,5.36851,1.200000,1.160220,6.368548,0.107538,0.622062,0.785565,7.72280
extract_mu020,5.37302,1.200000,1.197190,6.387820,1.033980,0.621180,0.784071,7.69851
extract_mu020,5.37752,1.200000,1.247287,6.413989,2.709130,0.618985,0.780347,7.63662
extract_mu020,5.38200,1.200000,1.235450,6.410022,2.391770,0.618830,0.780107,7.63295
extract_mu020,5.38652,1.200000,1.175473,6.382321,0.606908,0.621182,0.784142,7.70073
extract_mu020,5.39101,1.200000,1.149360,6.369543,0.038260,0.622469,0.786361,7.73821
extract_mu020,5.39552,1.200000,1.189673,6.390125,1.200134,0.620204,0.782513,7.67457
extract_mu020,5.40001,1.200000,1.237484,6.414965,2.410180,0.617973,0.778720,7.61182
extract_mu020,5.40452,1.200000,1.219388,6.408694,1.859524,0.619952,0.782093,7.66627
extract_mu020,5.40901,1.200000,1.157233,6.380985,0.554450,0.621923,0.785451,7.72046
extract_mu020,5.41350,1.200000,1.134540,6.370532,0.345059,0.621201,0.784186,7.69824
extract_mu020,5.41802,1.200000,1.179450,6.392344,1.023483,0.619721,0.781620,7.65449
extract_mu020,5.42251,1.200000,1.228333,6.415255,2.505456,0.619540,0.781329,7.65148
extract_mu020,5.42702,1.200000,1.209361,6.406246,1.538082,0.620367,0.782804,7.68011
extract_mu020,5.43151,1.200000,1.150758,6.378699,0.051921,0.620868,0.783669,7.69624
extract_mu020,5.43602,1.200000,1.135982,6.371030,0.289966,0.620739,0.783355,7.68820
extract_mu020,5.44051,1.200000,1.185693,6.394495,0.798246,0.620559,0.782966,7.67977
extract_mu020,5.44500,1.200000,1.231746,6.415454,1.931268,0.619992,0.781993,7.66802
extract_mu020,5.44952,1.200000,1.207116,6.402750,1.443682,0.619421,0.781013,7.65620
extract_mu020,5.45401,1.200000,1.147294,6.373464,0.293467,0.620463,0.782767,7.68026
extract_mu020,5.45852,1.200000,1.135520,6.366529,0.741561,0.621699,0.784850,7.70865
extract_mu020,5.46301,1.200000,1.185498,6.390661,0.824718,0.620904,0.783548,7.68561
extract_mu020,5.46752,1.200000,1.229210,6.411412,2.082310,0.619116,0.780590,7.63739
extract_mu020,5.47201,1.200000,1.209431,6.401247,1.216427,0.619113,0.780606,7.63956
extract_mu020,5.47650,1.200000,1.172728,6.382339,0.405175,0.621286,0.784247,7.70315
extract_mu020,5.48101,1.200000,1.204867,6.395147,0.465238,0.622442,0.786191,7.73695
extract_mu020,5.48550,1.200000,1.315028,6.446087,1.036498,0.620095,0.782279,7.66804
extract_mu020,5.49002,1.200000,1.424098,6.497081,2.104074,0.617759,0.778386,7.59945
extract_mu020,5.49451,1.200000,1.457340,6.514085,1.227513,0.620056,0.782260,7.66620
extract_mu020,5.49902,1.200000,1.421219,6.502725,0.048380,0.622365,0.786152,7.73324
extract_mu030,0.00000,0.000000,0.000000,0.000000,0.000000,0.000000,0.000000,0.00000
extract_mu030,0.00452,0.000000,0.000000,0.000000,0.000000,0.000000,0.000000,0.00000
extract_mu030,0.00901,0.000000,0.000000,0.000000,0.000000,0.000000,0.000000,0.00000
extract_mu030,0.01351,0.000000,0.000000,0.000000,0.000000,0.000000,0.000000,0.00000
extract_mu030,0.01800,0.000001,0.000000,0.000000,0.000000,0.000000,0.000000,0.00000
extract_mu030,0.02252,0.000001,0.000000,0.000000,0.000000,0.000000,0.000000,0.00000
extract_mu030,0.02702,0.000002,0.000000,0.000000,0.000000,0.000000,0.000000,0.00000
extract_mu030,0.03151,0.000003,0.000000,0.000000,0.000000,0.000000,0.000000,0.00000
extract_mu030,0.03600,0.000004,0.000000,0.000000,0.000000,0.000000,0.000000,0.00000
extract_mu030,0.04052,0.000006,0.000000,0.000000,0.000000,0.000000,0.000000,0.00000
extract_mu030,0.04502,0.000009,0.000000,0.000000,0.000000,0.000000,0.000000,0.00000
extract_mu030,0.04951,0.000011,0.000000,0.000000,0.000000,0.000000,0.000000,0.00000
extract_mu030,0.05401,0.000015,0.000000,0.000000,0.000000,0.000000,0.000000,0.00000
extract_mu030,0.05852,0.000019,0.000000,0.000000,0.000000,0.000000,0.000000,0.00000
extract_mu030,0.06302,0.000024,0.000000,0.000000,0.000000,0.000000,0.000000,0.00000
extract_mu030,0.06751,0.000029,0.000000,0.000000,0.000000,0.000000,0.000000,0.00000
extract_mu030,0.07201,0.000035,0.000000,0.000000,0.000000,0.000000,0.000000,0.00000
extract_mu030,0.07650,0.000042,0.000000,0.000000,0.000000,0.000000,0.000000,0.00000
extract_mu030,0.08102,0.000050,0.000000,0.000000,0.000000,0.000000,0.000000,0.00000
extract_mu030,0.08551,0.000059,0.000000,0.000000,0.000000,0.000000,0.000000,0.00000
extract_mu030,0.09001,0.000068,0.000000,0.000000,0.000000,0.000000,0.000000,0.00000
extract_mu030,0.09450,0.000079,0.000000,0.000000,0.000000,0.000000,0.000000,0.00000
extract_mu030,0.09902,0.000090,0.000000,0.000000,0.000000,0.000000,0.000000,0.00000
extract_mu030,0.10352,0.000103,0.000000,0.000000,0.000000,0.000000,0.000000,0.00000
extract_mu030,0.10801,0.000117,0.000000,0.000000,0.000000,0.000000,0.000000,0.00000
extract_mu030,0.11250,0.000132,0.000000,0.000000,0.000000,0.000000,0.000000,0.00000
extract_mu030,0.11702,0.000148,0.000000,0.000000,0.000000,0.000000,0.000000,-0.00000
extract_mu030,0.12152,0.000166,0.000000,0.000000,0.000000,0.000000,0.000000,-0.00000
extract_mu030,0.12601,0.000185,0.000000,0.000000,0.000000,0.000000,0.000000,-0.00000
extract_mu030,0.13051,0.000205,0.000000,0.000000,0.000000,0.000000,0.000000,-0.00000
extract_mu030,0.13500,0.000227,0.000000,0.000000,0.000000,0.000000,0.000000,-0.00000
extract_mu030,0.13952,0.000250,0.000000,0.000000,0.000000,0.000000,0.000000,0.00000
extract_mu030,0.14401,0.000274,0.000000,0.000000,0.000000,0.000000,0.000000,0.00000
extract_mu030,0.14851,0.000301,0.000000,0.000000,0.000000,0.000000,0.000000,0.00000
extract_mu030,0.15300,0.000328,0.000000,0.000000,0.000000,0.000000,0.000000,0.00000
extract_mu030,0.15752,0.000358,0.000000,0.000000,0.000000,0.000000,0.000000,0.00000
extract_mu030,0.16202,0.000389,0.000000,0.000000,0.000000,0.000000,0.000000,0.00000
extract_mu030,0.16651,0.000421,0.000000,0.000000,0.000000,0.000000,0.000000,0.00000
extract_mu030,0.17101,0.000456,0.000000,0.000000,0.000000,0.000000,0.000000,0.00000
extract_mu030,0.17552,0.000492,-0.000000,0.000000,0.000000,0.000000,0.000000,0.00000
extract_mu030,0.18002,0.000530,-0.000000,0.000000,0.000000,0.000000,0.000000,0.00000
extract_mu030,0.18451,0.000570,-0.000000,-0.000000,0.000000,0.000000,0.000000,0.00000
extract_mu030,0.18901,0.000612,-0.000000,-0.000000,0.000000,0.000000,0.000000,0.00000
extract_mu030,0.19350,0.000656,-0.000000,-0.000000,0.000000,0.000000,0.000000,0.00000
extract_mu030,0.19802,0.000702,-0.000000,-0.000000,0.000000,0.000000,0.000000,0.00000
extract_mu030,0.20251,0.000750,-0.000000,-0.000000,0.000000,0.000000,0.000000,0.00000
extract_mu030,0.20701,0.000800,0.000000,-0.000000,0.000000,0.000000,0.000000,0.00000
extract_mu030,0.21150,0.000852,0.000000,0.000000,0.000000,0.000000,0.000000,0.00000
extract_mu030,0.21602,0.000906,0.000000,0.000000,0.000000,0.000000,0.000000,0.00000
extract_mu030,0.22052,0.000963,0.000000,0.000000,0.000000,0.000000,0.000000,0.00000
extract_mu030,0.22501,0.001021,0.000000,0.000000,0.000000,0.000000,0.000000,0.00000
extract_mu030,0.22950,0.001082,0.000000,0.000000,0.000000,0.000000,0.000000,0.00000
extract_mu030,0.23402,0.001146,0.000000,0.000000,0.000000,0.000000,0.000000,0.00000
extract_mu030,0.23852,0.001211,0.000000,0.000000,0.000000,0.000000,0.000000,0.00000
extract_mu030,0.24301,0.001279,-0.000000,0.000000,0.000000,0.000000,0.000000,0.00000
extract_mu030,0.24751,0.001350,-0.000000,-0.000000,0.000000,0.000000,0.000000,0.00000
extract_mu030,0.25200,0.001422,-0.000000,-0.000000,0.000000,0.000000,0.000000,0.00000
extract_mu030,0.25652,0.001498,-0.000000,-0.000000,0.000000,0.000000,0.000000,0.00000
extract_mu030,0.26101,0.001576,-0.000000,-0.000000,0.000000,0.000000,0.000000,0.00000
extract_mu030,0.26551,0.001657,-0.000000,-0.000000,0.000000,0.000000,0.000000,0.00000
extract_mu030,0.27000,0.001740,-0.000000,-0.000000,0.000000,0.000000,0.000000,0.00000
extract_mu030,0.27452,0.001826,0.000000,-0.000000,0.000000,0.000000,0.000000,0.00000
extract_mu030,0.27902,0.001915,0.000000,-0.000000,0.000000,0.000000,0.000000,0.00000
extract_mu030,0.28351,0.002006,0.000000,0.000000,0.000000,0.000000,0.000000,0.00000
extract_mu030,0.28800,0.002100,0.000000,0.000000,0.000000,0.000000,0.000000,0.00000
extract_mu030,0.29252,0.002197,0.000000,0.000000,0.000000,0.000000,0.000000,0.00000
extract_mu030,0.29702,0.002297,0.000000,0.000000,0.000000,0.000000,0.000000,0.00000
extract_mu030,0.30151,0.002399,0.000000,0.000000,0.000000,0.000000,0.000000,0.00000
extract_mu030,0.30600,0.002504,0.000000,0.000000,0.000000,0.000000,0.000000,0.00000
extract_mu030,0.31053,0.002613,-0.000000,0.000000,0.000000,0.000000,0.000000,0.00000
extract_mu030,0.31502,0.002725,-0.000000,-0.000000,0.000000,0.000000,0.000000,0.00000
extract_mu030,0.31951,0.002839,-0.000000,-0.000000,0.000000,0.000000,0.000000,0.00000
extract_mu030,0.32401,0.002956,-0.000000,-0.000000,0.000000,0.000000,0.000000,0.00000
extract_mu030,0.32850,0.003077,-0.000000,-0.000000,0.000000,0.000000,0.000000,0.00000
extract_mu030,0.33302,0.003201,-0.000000,-0.000000,0.000000,0.000000,0.000000,0.00000
extract_mu030,0.33752,0.003327,-0.000000,-0.000000,0.000000,0.000000,0.000000,0.00000
extract_mu030,0.34201,0.003457,0.000000,-0.000000,0.000000,0.000000,0.000000,0.00000
extract_mu030,0.34650,0.003590,0.000000,-0.000000,0.000000,0.000000,0.000000,0.00000
extract_mu030,0.35102,0.003727,0.000000,0.000000,0.000000,0.000000,0.000000,0.00000
extract_mu030,0.35552,0.003867,0.000000,0.000000,0.000000,0.000000,0.000000,0.00000
extract_mu030,0.36001,0.004010,0.000000,0.000000,0.000000,0.000000,0.000000,0.00000
extract_mu030,0.36450,0.004156,0.000000,0.000000,0.000000,0.000000,0.000000,-0.00000
extract_mu030,0.36902,0.004306,0.000000,0.000000,0.000000,0.000000,0.000000,-0.00000
extract_mu030,0.37352,0.004459,0.000000,0.000000,0.000000,0.000000,0.000000,-0.00000
extract_mu030,0.37801,0.004615,-0.000000,0.000000,0.000000,0.000000,0.000000,-0.00000
extract_mu030,0.38251,0.004775,-0.000002,-0.000000,0.000000,0.000000,0.000000,0.00000
extract_mu030,0.38700,0.004938,-0.000003,-0.000000,0.000000,0.000000,0.000000,0.00000
extract_mu030,0.39152,0.005106,-0.000006,-0.000001,0.000000,0.000000,0.000000,0.00000
extract_mu030,0.39601,0.005276,-0.000008,-0.000002,0.000000,0.000000,0.000000,0.00000
extract_mu030,0.40051,0.005450,-0.000009,-0.000003,0.000000,0.000000,0.000000,0.00000
extract_mu030,0.40500,0.005628,-0.000007,-0.000003,0.000000,0.000000,0.000000,0.00000
extract_mu030,0.40952,0.005810,0.000001,-0.000003,0.000000,0.000000,0.000000,0.00000
extract_mu030,0.41402,0.005995,0.000020,-0.000001,0.000000,0.000000,0.000000,0.00000
extract_mu030,0.41851,0.006183,0.000052,0.000004,0.000000,0.000000,0.000000,0.00000
extract_mu030,0.42301,0.006375,0.000100,0.000013,0.000000,0.000000,0.000000,0.00000
extract_mu030,0.42752,0.006572,0.000156,0.000028,0.000000,0.000000,0.000000,0.00000
extract_mu030,0.43202,0.006772,0.000203,0.000047,0.000000,0.000000,0.000000,0.00000
extract_mu030,0.43651,0.006976,0.000206,0.000066,0.000000,0.000000,0.000000,0.00000
extract_mu030,0.44101,0.007183,0.000104,0.000074,0.000000,0.000000,0.000000,0.00000
extract_mu030,0.44550,0.007394,-0.000185,0.000055,0.000000,0.000000,0.000000,0.00000
extract_mu030,0.45002,0.007611,-0.000750,-0.000017,0.000000,0.000000,0.000000,0.00000
extract_mu030,0.45451,0.007830,-0.001654,-0.000175,0.000000,0.000000,0.000000,0.00000
extract_mu030,0.45901,0.008052,-0.002865,-0.000445,0.000000,0.000000,0.000000,0.00000
extract_mu030,0.46350,0.008279,-0.004144,-0.000833,0.000000,0.000000,0.000000,0.00000
extract_mu030,0.46802,0.008512,-0.004913,-0.001286,0.000000,0.000000,0.000000,0.00000
extract_mu030,0.47252,0.008747,-0.004108,-0.001654,0.000000,0.000000,0.000000,0.00000
extract_mu030,0.47701,0.008985,-0.000110,-0.001633,0.000000,0.000000,0.000000,0.00000
extract_mu030,0.48150,0.009229,0.009122,-0.000732,0.000000,0.000000,0.000000,0.00000
extract_mu030,0.48602,0.009477,0.025537,0.001721,0.000000,0.000000,0.000000,0.00000
extract_mu030,0.49052,0.009728,0.049850,0.006448,0.000000,0.000009,0.000013,0.00018
extract_mu030,0.49501,0.009984,0.079571,0.013925,0.000000,0.000088,0.000127,0.00171
extract_mu030,0.49951,0.010243,0.106169,0.023800,0.453964,0.000166,0.000240,0.00325
extract_mu030,0.50400,0.010507,0.116394,0.034193,0.183039,0.000522,0.000709,0.00842
extract_mu030,0.50852,0.010777,0.111325,0.042971,0.042268,0.000913,0.001223,0.01406
extract_mu030,0.51302,0.011049,0.100344,0.048841,0.174660,0.001326,0.001695,0.01719
extract_mu030,0.51751,0.011325,0.089210,0.052171,0.116635,0.001751,0.002148,0.01912
extract_mu030,0.52201,0.011606,0.080977,0.053812,0.038736,0.002152,0.002633,0.02295
extract_mu030,0.52651,0.011891,0.077143,0.053886,0.151452,0.002523,0.003157,0.02910
extract_mu030,0.53102,0.012182,0.078713,0.051929,0.163479,0.002877,0.003661,0.03532
extract_mu030,0.53552,0.012476,0.087022,0.049625,0.015809,0.003167,0.004086,0.04160
extract_mu030,0.54002,0.012775,0.103483,0.048135,0.122345,0.003457,0.004510,0.04786
extract_mu030,0.54452,0.013077,0.128819,0.048180,0.199025,0.003586,0.004618,0.04710
extract_mu030,0.54901,0.013384,0.161988,0.050105,0.011780,0.003715,0.004727,0.04633
extract_mu030,0.55351,0.013696,0.197304,0.052277,0.182499,0.003861,0.004862,0.04668
extract_mu030,0.55801,0.014012,0.221231,0.053271,0.555105,0.004011,0.005004,0.04733
extract_mu030,0.56251,0.014333,0.219869,0.054285,0.296365,0.004383,0.005532,0.05429
extract_mu030,0.56701,0.014658,0.195856,0.057305,0.273413,0.004930,0.006363,0.06621
extract_mu030,0.57151,0.014988,0.163699,0.063892,0.007794,0.005451,0.007082,0.07461
extract_mu030,0.57601,0.015322,0.139117,0.074730,0.046408,0.005922,0.007585,0.07615
extract_mu030,0.58050,0.015661,0.131043,0.087596,0.088484,0.006367,0.008057,0.07749
extract_mu030,0.58500,0.016004,0.142428,0.097320,0.088319,0.006622,0.008297,0.07733
extract_mu030,0.58952,0.016354,0.172027,0.098683,0.095931,0.006877,0.008538,0.07717
extract_mu030,0.59402,0.016706,0.213259,0.091635,0.103425,0.007073,0.008904,0.08519
extract_mu030,0.59852,0.017064,0.251554,0.081401,0.245780,0.007263,0.009287,0.09419
extract_mu030,0.60302,0.017426,0.268186,0.075243,0.450326,0.007652,0.009872,0.10277
extract_mu030,0.60752,0.017793,0.253198,0.079048,0.209500,0.008138,0.010553,0.11113
extract_mu030,0.61202,0.018165,0.219088,0.093605,0.003619,0.008649,0.011156,0.11500
extract_mu030,0.61652,0.018541,0.188072,0.114813,0.022699,0.009189,0.011659,0.11340
extract_mu030,0.62102,0.018921,0.175161,0.133102,0.263300,0.009680,0.012140,0.11315
extract_mu030,0.62552,0.019307,0.186841,0.139072,0.150709,0.010007,0.012544,0.11749
extract_mu030,0.63001,0.019697,0.222218,0.131477,0.007353,0.010332,0.012949,0.12186
extract_mu030,0.63451,0.020093,0.270162,0.116081,0.117613,0.010602,0.013497,0.13407
extract_mu030,0.63902,0.020493,0.309607,0.103732,0.354953,0.010871,0.014046,0.14627
extract_mu030,0.64352,0.020899,0.320197,0.103478,0.415231,0.011334,0.014601,0.15083
extract_mu030,0.64802,0.021309,0.296969,0.117349,0.343629,0.011851,0.015158,0.15328
extract_mu030,0.65252,0.021723,0.255449,0.141015,0.013319,0.012402,0.015731,0.15428
extract_mu030,0.65702,0.022143,0.223289,0.163454,0.069034,0.012983,0.016320,0.15417
extract_mu030,0.66150,0.022566,0.218207,0.173048,0.042932,0.013499,0.016919,0.15782
extract_mu030,0.66602,0.022997,0.245130,0.166817,0.102081,0.013897,0.017553,0.16904
extract_mu030,0.67050,0.023430,0.296147,0.150845,0.330624,0.014281,0.018168,0.17995
extract_mu030,0.67500,0.023869,0.349912,0.136258,0.450035,0.014577,0.018674,0.18922
extract_mu030,0.67951,0.024314,0.385474,0.133555,0.443520,0.014874,0.019182,0.19852
extract_mu030,0.68400,0.024762,0.389488,0.146214,0.757962,0.015378,0.019670,0.19841
extract_mu030,0.68852,0.025219,0.358877,0.168853,0.462157,0.015911,0.020158,0.19719
extract_mu030,0.69302,0.025678,0.313743,0.191241,0.302834,0.016530,0.020879,0.20154
extract_mu030,0.69750,0.026141,0.279088,0.204556,0.366875,0.017189,0.021710,0.20858
extract_mu030,0.70202,0.026612,0.271751,0.204172,0.198420,0.017764,0.022498,0.21815
extract_mu030,0.70651,0.027085,0.300223,0.194390,0.280781,0.018225,0.023220,0.23060
extract_mu030,0.71101,0.027564,0.355198,0.184800,0.502875,0.018652,0.023862,0.24079
extract_mu030,0.71550,0.028049,0.413749,0.182047,0.644743,0.018957,0.024221,0.24311
extract_mu030,0.72000,0.028538,0.454212,0.189710,0.643739,0.019263,0.024580,0.24543
extract_mu030,0.72452,0.029035,0.464220,0.205103,0.752211,0.019840,0.025182,0.24750
extract_mu030,0.72902,0.029535,0.442019,0.220721,0.679109,0.020415,0.025781,0.24956
extract_mu030,0.73352,0.030040,0.403310,0.231996,0.342037,0.021125,0.026737,0.26030
extract_mu030,0.73803,0.030551,0.372767,0.237359,0.479423,0.021873,0.027792,0.27346
extract_mu030,0.74251,0.031064,0.364942,0.238531,0.325479,0.022473,0.028614,0.28326
extract_mu030,0.74700,0.031585,0.389293,0.239740,0.212047,0.022962,0.029261,0.29051
extract_mu030,0.75152,0.032113,0.441159,0.243345,0.635228,0.023400,0.029808,0.29566
extract_mu030,0.75602,0.032644,0.497583,0.248637,0.524704,0.023734,0.030150,0.29658
extract_mu030,0.76051,0.033179,0.540880,0.253770,0.588516,0.024104,0.030553,0.29862
extract_mu030,0.76502,0.033721,0.556743,0.258029,0.817856,0.024746,0.031419,0.30920
extract_mu030,0.76953,0.034269,0.539478,0.261832,0.525058,0.025389,0.032286,0.31980
extract_mu030,0.77400,0.034818,0.504676,0.268009,0.447648,0.026161,0.033331,0.33149
extract_mu030,0.77850,0.035375,0.472623,0.279199,0.404973,0.026952,0.034404,0.34338
extract_mu030,0.78302,0.035939,0.461150,0.293262,0.213672,0.027560,0.035114,0.34811
extract_mu030,0.78751,0.036507,0.482915,0.306428,0.253337,0.028075,0.035645,0.34932
extract_mu030,0.79201,0.037079,0.533565,0.313857,0.419952,0.028544,0.036176,0.35281
extract_mu030,0.79651,0.037659,0.593623,0.312009,0.549085,0.028957,0.036708,0.35911
extract_mu030,0.80101,0.038242,0.641525,0.304759,0.555109,0.029434,0.037353,0.36735
extract_mu030,0.80551,0.038831,0.661122,0.299315,0.752947,0.030129,0.038381,0.38217
extract_mu030,0.81000,0.039425,0.645468,0.302699,0.635165,0.030824,0.039407,0.39693
extract_mu030,0.81451,0.040026,0.608296,0.319025,0.346331,0.031628,0.040321,0.40189
extract_mu030,0.81901,0.040631,0.574114,0.343781,0.499911,0.032430,0.041233,0.40685
extract_mu030,0.82351,0.041242,0.561094,0.366909,0.243149,0.033052,0.041916,0.40964
extract_mu030,0.82801,0.041857,0.584345,0.378936,0.257976,0.033623,0.042536,0.41183
extract_mu030,0.83252,0.042479,0.639511,0.375615,0.663176,0.034157,0.043263,0.42100
extract_mu030,0.83701,0.043105,0.702668,0.361362,0.564223,0.034659,0.044069,0.43556
extract_mu030,0.84150,0.043736,0.753129,0.347870,0.817455,0.035229,0.044930,0.44921
extract_mu030,0.84601,0.044374,0.771553,0.347097,0.991640,0.035932,0.045900,0.46109
extract_mu030,0.85051,0.045018,0.752487,0.363325,0.703204,0.036650,0.046853,0.47162
extract_mu030,0.85501,0.045666,0.713995,0.392311,0.703445,0.037470,0.047677,0.47190
extract_mu030,0.85951,0.046320,0.679374,0.422191,0.621798,0.038292,0.048503,0.47218
extract_mu030,0.86401,0.046979,0.670069,0.439230,0.473094,0.038981,0.049385,0.48070
extract_mu030,0.86851,0.047643,0.698553,0.438707,0.587033,0.039654,0.050272,0.49018
extract_mu030,0.87301,0.048313,0.756914,0.424911,0.820932,0.040252,0.051158,0.50405
extract_mu030,0.87751,0.048990,0.821659,0.408838,0.959651,0.040816,0.052045,0.52008
extract_mu030,0.88201,0.049670,0.869195,0.404458,1.014349,0.041438,0.052898,0.53108
extract_mu030,0.88651,0.050357,0.883585,0.417413,1.259053,0.042135,0.053713,0.53599
extract_mu030,0.89101,0.051050,0.861649,0.443561,0.975872,0.042875,0.054563,0.54064
extract_mu030,0.89551,0.051747,0.823424,0.472896,0.791727,0.043764,0.055528,0.54438
extract_mu030,0.90001,0.052450,0.794310,0.493059,0.985600,0.044653,0.056495,0.54819
extract_mu030,0.90452,0.053161,0.791079,0.497632,0.613139,0.045416,0.057617,0.56419
extract_mu030,0.90903,0.053876,0.825658,0.489821,0.799847,0.046175,0.058734,0.58012
extract_mu030,0.91351,0.054593,0.886711,0.478858,1.164988,0.046781,0.059584,0.59202
extract_mu030,0.91801,0.055318,0.948423,0.474350,0.993344,0.047347,0.060364,0.60286
extract_mu030,0.92251,0.056048,0.990900,0.482314,1.293582,0.048017,0.061190,0.61018
extract_mu030,0.92701,0.056785,0.996743,0.501368,1.376424,0.048771,0.062053,0.61477
extract_mu030,0.93151,0.057526,0.968657,0.523652,0.967721,0.049602,0.063039,0.62159
extract_mu030,0.93601,0.058273,0.932620,0.542455,0.927290,0.050587,0.064269,0.63280
extract_mu030,0.94050,0.059025,0.912878,0.553284,0.883518,0.051543,0.065474,0.64417
extract_mu030,0.94502,0.059787,0.925343,0.555108,0.752655,0.052292,0.066506,0.65699
extract_mu030,0.94952,0.060551,0.973116,0.553203,0.836053,0.053038,0.067533,0.66975
extract_mu030,0.95401,0.061319,1.038698,0.552151,1.138795,0.053646,0.068275,0.67717
extract_mu030,0.95851,0.062094,1.092545,0.554757,1.209642,0.054241,0.068986,0.68401
extract_mu030,0.96300,0.062874,1.112357,0.563667,1.302106,0.055078,0.070056,0.69453
extract_mu030,0.96751,0.063661,1.093179,0.577570,1.202559,0.056033,0.071304,0.70687
extract_mu030,0.97200,0.064452,1.057124,0.594334,0.692445,0.056982,0.072513,0.71816
extract_mu030,0.97651,0.065250,1.038775,0.612092,0.853285,0.057925,0.073680,0.72823
extract_mu030,0.98101,0.066053,1.051787,0.625700,0.879064,0.058801,0.074762,0.73772
extract_mu030,0.98550,0.066861,1.096308,0.631549,0.695252,0.059449,0.075553,0.74531
extract_mu030,0.99000,0.067675,1.159661,0.630824,1.192220,0.060099,0.076348,0.75295
extract_mu030,0.99450,0.068495,1.207025,0.626243,1.422508,0.060958,0.077562,0.76922
extract_mu030,0.99900,0.069320,1.215564,0.624632,1.210731,0.061818,0.078776,0.78548
extract_mu030,1.00351,0.070153,1.194629,0.634283,1.160103,0.062824,0.080053,0.79749
extract_mu030,1.00801,0.070989,1.169334,0.655682,0.903369,0.063870,0.081345,0.80825
extract_mu030,1.01251,0.071831,1.167514,0.682808,0.802640,0.064724,0.082309,0.81355
extract_mu030,1.01701,0.072679,1.200415,0.705265,1.047424,0.065429,0.083016,0.81458
extract_mu030,1.02151,0.073533,1.251727,0.711839,1.298691,0.066198,0.083951,0.82272
extract_mu030,1.02601,0.074392,1.294044,0.702676,1.400109,0.067091,0.085329,0.84474
extract_mu030,1.03050,0.075254,1.310642,0.688840,1.555735,0.068003,0.086714,0.86616
extract_mu030,1.03502,0.076129,1.303868,0.684594,1.283766,0.069080,0.088186,0.88352
extract_mu030,1.03952,0.077004,1.296450,0.701030,1.018872,0.070152,0.089650,0.90081
extract_mu030,1.04402,0.077886,1.307573,0.734723,1.414691,0.070922,0.090270,0.89576
extract_mu030,1.04852,0.078773,1.333233,0.768762,1.327600,0.071657,0.090789,0.88806
extract_mu030,1.05301,0.079664,1.362722,0.786695,1.550558,0.072555,0.091942,0.89962
extract_mu030,1.05751,0.080562,1.382799,0.782091,1.718223,0.073537,0.093408,0.92064
extract_mu030,1.06202,0.081468,1.391952,0.763192,1.375014,0.074566,0.094965,0.94399
extract_mu030,1.06652,0.082377,1.405042,0.750307,1.377855,0.075644,0.096623,0.97002
extract_mu030,1.07102,0.083293,1.429197,0.758539,1.488951,0.076649,0.098036,0.98864
extract_mu030,1.07552,0.084213,1.458028,0.787475,1.613368,0.077400,0.098616,0.98202
extract_mu030,1.08002,0.085140,1.478779,0.824594,1.688893,0.078153,0.099200,0.97549
extract_mu030,1.08451,0.086070,1.482152,0.850704,1.818099,0.079236,0.100547,0.98803
extract_mu030,1.08900,0.087005,1.474673,0.855252,1.421222,0.080319,0.101894,1.00057
extract_mu030,1.09352,0.087952,1.480686,0.844096,1.301107,0.081388,0.103508,1.02495
extract_mu030,1.09800,0.088897,1.513331,0.831283,1.479313,0.082442,0.105179,1.05233
extract_mu030,1.10250,0.089851,1.564062,0.830956,1.448518,0.083355,0.106399,1.06641
extract_mu030,1.10701,0.090814,1.610327,0.848687,1.950919,0.084155,0.107260,1.06998
extract_mu030,1.11151,0.091779,1.623877,0.876977,1.826427,0.085078,0.108294,1.07552
extract_mu030,1.11600,0.092748,1.605306,0.903675,1.586313,0.086240,0.109667,1.08488
extract_mu030,1.12051,0.093727,1.582708,0.920745,1.380867,0.087394,0.111051,1.09530
extract_mu030,1.12501,0.094710,1.587282,0.925021,1.171809,0.088437,0.112470,1.11331
extract_mu030,1.12951,0.095698,1.632678,0.921575,1.331345,0.089481,0.113890,1.13131
extract_mu030,1.13402,0.096693,1.700479,0.918643,1.727352,0.090357,0.115060,1.14518
extract_mu030,1.13852,0.097692,1.751351,0.920970,2.021726,0.091210,0.116197,1.15852
extract_mu030,1.14302,0.098697,1.760279,0.932731,1.733512,0.092321,0.117626,1.17265
extract_mu030,1.14752,0.099708,1.737468,0.953797,1.806107,0.093558,0.119198,1.18717
extract_mu030,1.15202,0.100724,1.712536,0.978851,1.259270,0.094698,0.120581,1.19827
extract_mu030,1.15651,0.101743,1.721284,1.001440,1.256677,0.095718,0.121731,1.20519
extract_mu030,1.16101,0.102770,1.769968,1.014423,1.775257,0.096719,0.122914,1.21438
extract_mu030,1.16552,0.103805,1.831452,1.013564,1.818648,0.097649,0.124208,1.23129
extract_mu030,1.17001,0.104841,1.875902,1.004759,2.147459,0.098575,0.125497,1.24815
extract_mu030,1.17451,0.105884,1.886248,0.999781,2.037349,0.099864,0.127295,1.27123
extract_mu030,1.17901,0.106934,1.873979,1.008746,1.815106,0.101152,0.129093,1.29431
extract_mu030,1.18352,0.107991,1.867458,1.036141,1.568852,0.102215,0.130256,1.29925
extract_mu030,1.18802,0.109051,1.885566,1.072153,1.925057,0.103212,0.131239,1.29914
extract_mu030,1.19252,0.110117,1.922169,1.099665,1.964439,0.104228,0.132420,1.30727
extract_mu030,1.19701,0.111186,1.961971,1.107606,2.140145,0.105256,0.133753,1.32180
extract_mu030,1.20151,0.112263,1.989114,1.096386,2.355866,0.106380,0.135321,1.34216
extract_mu030,1.20601,0.113346,2.002379,1.080359,1.891979,0.107686,0.137345,1.37389
extract_mu030,1.21050,0.114432,2.018531,1.078979,2.106918,0.108952,0.139237,1.40177
extract_mu030,1.21501,0.115528,2.042965,1.100665,2.038647,0.109942,0.140173,1.40110
extract_mu030,1.21951,0.116627,2.072445,1.137916,2.220572,0.110931,0.141107,1.40044
extract_mu030,1.22402,0.117734,2.096266,1.173961,2.365834,0.112051,0.142392,1.40819
extract_mu030,1.22851,0.118842,2.106912,1.191387,2.267891,0.113181,0.143712,1.41689
extract_mu030,1.23301,0.119957,2.113794,1.187164,2.060817,0.114442,0.145526,1.44177
extract_mu030,1.23750,0.121076,2.134363,1.173845,1.961975,0.115763,0.147576,1.47448
extract_mu030,1.24201,0.122205,2.171605,1.167491,2.154908,0.116931,0.149222,1.49626
extract_mu030,1.24651,0.123337,2.207684,1.180156,2.160704,0.117902,0.150359,1.50438
extract_mu030,1.25102,0.124477,2.215352,1.210994,2.662931,0.118942,0.151550,1.51198
extract_mu030,1.25551,0.125618,2.171774,1.247623,2.371684,0.120200,0.152910,1.51772
extract_mu030,1.26001,0.126766,2.091413,1.277737,2.039162,0.121462,0.154276,1.52359
extract_mu030,1.26452,0.127923,2.016222,1.294500,2.041686,0.122777,0.156093,1.54641
extract_mu030,1.26902,0.129082,1.994401,1.297193,1.740151,0.124090,0.157905,1.56917
extract_mu030,1.27351,0.130244,2.075828,1.292090,0.968129,0.124420,0.158287,1.57224
extract_mu030,1.27800,0.131412,2.288427,1.282479,0.951150,0.124479,0.158275,1.56988
extract_mu030,1.28252,0.132593,2.551852,1.266064,4.022022,0.124747,0.158647,1.57546
extract_mu030,1.28702,0.133774,2.708495,1.244625,2.636376,0.125174,0.159317,1.58717
extract_mu030,1.29151,0.134958,2.696499,1.228614,3.331643,0.126252,0.160929,1.61099
extract_mu030,1.29600,0.136147,2.513862,1.241960,3.349639,0.128602,0.164385,1.65850
extract_mu030,1.30052,0.137350,2.242574,1.295367,0.709610,0.130874,0.167603,1.69914
extract_mu030,1.30502,0.138552,2.035593,1.381425,1.432685,0.132424,0.168808,1.68483
extract_mu030,1.30951,0.139758,1.979251,1.471198,0.768295,0.133972,0.170011,1.67054
extract_mu030,1.31400,0.140968,2.095479,1.511801,1.097177,0.134284,0.170181,1.66471
extract_mu030,1.31852,0.142193,2.325976,1.480395,2.356249,0.134452,0.170228,1.65984
extract_mu030,1.32302,0.143417,2.557622,1.392089,2.502493,0.135339,0.172020,1.70287
extract_mu030,1.32751,0.144643,2.694697,1.293488,3.611240,0.136574,0.174657,1.76911
extract_mu030,1.33200,0.145875,2.686085,1.254979,2.615963,0.138062,0.176968,1.80679
extract_mu030,1.33652,0.147121,2.565573,1.308636,2.251102,0.139873,0.178892,1.80954
extract_mu030,1.34101,0.148364,2.401010,1.435152,2.292485,0.141540,0.180440,1.80306
extract_mu030,1.34551,0.149615,2.275984,1.574821,0.982335,0.142763,0.180746,1.76510
extract_mu030,1.35000,0.150868,2.260165,1.648430,2.555035,0.143981,0.181064,1.72775
extract_mu030,1.35452,0.152135,2.348048,1.619883,1.840458,0.145007,0.183529,1.79073
extract_mu030,1.35901,0.153399,2.521623,1.512246,2.005050,0.146026,0.185977,1.85328
extract_mu030,1.36351,0.154670,2.716979,1.393310,4.002871,0.147009,0.188106,1.90480
extract_mu030,1.36800,0.155945,2.846472,1.340696,2.550674,0.147979,0.190141,1.95310
extract_mu030,1.37252,0.157233,2.882306,1.387279,3.840175,0.149099,0.191207,1.95200
extract_mu030,1.37701,0.158518,2.798390,1.510220,3.819064,0.150323,0.191493,1.91181
extract_mu030,1.38151,0.159811,2.632342,1.641447,2.272697,0.151808,0.192469,1.89013
extract_mu030,1.38602,0.161111,2.480004,1.713414,3.178643,0.153802,0.194791,1.90465
extract_mu030,1.39052,0.162415,2.407566,1.701588,1.614862,0.155692,0.197133,1.92454
extract_mu030,1.39501,0.163720,2.480848,1.625337,1.865475,0.156832,0.199661,1.98498
extract_mu030,1.39950,0.165031,2.687088,1.542732,3.176284,0.157972,0.202190,2.04541
extract_mu030,1.40402,0.166356,2.932202,1.503935,2.930060,0.158340,0.202395,2.04394
extract_mu030,1.40852,0.167680,3.112289,1.523138,4.587830,0.158615,0.202323,2.03516
extract_mu030,1.41301,0.169006,3.125799,1.588831,4.215830,0.160014,0.203714,2.03586
extract_mu030,1.41750,0.170337,2.963749,1.662845,3.881024,0.161960,0.205815,2.04116
extract_mu030,1.42202,0.171683,2.721148,1.718397,2.647490,0.164033,0.208376,2.06064
extract_mu030,1.42651,0.173024,2.550318,1.751893,1.451272,0.166232,0.211469,2.09735
extract_mu030,1.43101,0.174374,2.557641,1.760449,2.321560,0.167978,0.213900,2.12643
extract_mu030,1.43550,0.175726,2.741187,1.749984,1.972383,0.168170,0.214068,2.12943
extract_mu030,1.44002,0.177092,3.026450,1.724171,3.221944,0.168369,0.214248,2.13262
extract_mu030,1.44451,0.178453,3.252766,1.684370,4.893190,0.169430,0.216021,2.16581
extract_mu030,1.44900,0.179820,3.283040,1.650536,4.169780,0.170490,0.217794,2.19900
extract_mu030,1.45352,0.181201,3.129763,1.652018,3.295815,0.172686,0.220687,2.22951
extract_mu030,1.45802,0.182581,2.918279,1.710503,1.836106,0.175182,0.223873,2.25909
extract_mu030,1.46251,0.183963,2.793760,1.816214,1.877237,0.176710,0.225145,2.24830
extract_mu030,1.46700,0.185350,2.815922,1.916304,2.193954,0.177488,0.224929,2.20609
extract_mu030,1.47152,0.186752,2.957713,1.951256,2.103769,0.178359,0.225566,2.19742
extract_mu030,1.47601,0.188149,3.138128,1.897600,3.954150,0.179396,0.227868,2.25496
extract_mu030,1.48051,0.189554,3.253170,1.784508,3.512953,0.180534,0.230300,2.31344
extract_mu030,1.48502,0.190967,3.286382,1.689305,2.300012,0.182424,0.233682,2.37827
extract_mu030,1.48952,0.192382,3.283219,1.687704,3.021024,0.184311,0.237057,2.44295
extract_mu030,1.49401,0.193798,3.260100,1.789393,2.564981,0.185336,0.236898,2.39328
extract_mu030,1.49850,0.195220,3.215472,1.937561,3.492138,0.186262,0.236327,2.33022
extract_mu030,1.50302,0.196656,3.135288,2.048290,3.573741,0.187926,0.237968,2.33036
extract_mu030,1.50751,0.198087,3.058446,2.060286,2.497490,0.189933,0.240666,2.36115
extract_mu030,1.51201,0.199527,3.079189,1.985820,1.619511,0.191550,0.243329,2.40847
extract_mu030,1.51650,0.200968,3.246577,1.886739,2.222852,0.192682,0.245935,2.47577
extract_mu030,1.52102,0.202423,3.489530,1.822461,3.983350,0.193770,0.248168,2.52793
extract_mu030,1.52551,0.203874,3.649912,1.828325,4.757030,0.194675,0.249060,2.52695
extract_mu030,1.53000,0.205330,3.608874,1.895405,5.573100,0.195588,0.249961,2.52598
extract_mu030,1.53452,0.206800,3.392496,1.990952,3.292325,0.198153,0.252626,2.52964
extract_mu030,1.53901,0.208265,3.185739,2.085470,1.976689,0.200702,0.255272,2.53327
extract_mu030,1.54351,0.209738,3.155452,2.144458,2.427692,0.201833,0.256349,2.53403
extract_mu030,1.54800,0.211213,3.323921,2.141168,2.878113,0.202567,0.256987,2.53399
extract_mu030,1.55252,0.212702,3.576317,2.075975,5.409560,0.203657,0.258915,2.57369
extract_mu030,1.55701,0.214186,3.740474,1.978211,5.139830,0.205016,0.261841,2.64439
extract_mu030,1.56151,0.215678,3.756008,1.910400,4.330720,0.206581,0.264603,2.69726
extract_mu030,1.56602,0.217178,3.683139,1.932465,3.833358,0.208545,0.267037,2.71512
extract_mu030,1.57051,0.218677,3.608945,2.045032,3.095937,0.210397,0.269161,2.72518
extract_mu030,1.57501,0.220183,3.576479,2.191373,4.012680,0.211461,0.269004,2.67615
extract_mu030,1.57950,0.221690,3.567402,2.287790,4.364740,0.212522,0.268848,2.62722
extract_mu030,1.58402,0.223213,3.569506,2.277121,3.873340,0.214464,0.272255,2.69109
extract_mu030,1.58851,0.224729,3.622416,2.182124,2.623822,0.216495,0.276058,2.76777
extract_mu030,1.59300,0.226251,3.771322,2.075388,3.243622,0.217748,0.278331,2.81466
extract_mu030,1.59752,0.227787,3.971369,2.025454,3.609956,0.218626,0.279867,2.84718
extract_mu030,1.60201,0.229317,4.107895,2.062845,4.950530,0.219827,0.281232,2.85614
extract_mu030,1.60651,0.230856,4.072051,2.159632,5.659000,0.221436,0.282404,2.83644
extract_mu030,1.61100,0.232395,3.876494,2.264334,3.125157,0.223213,0.283953,2.82632
extract_mu030,1.61552,0.233950,3.688501,2.341281,2.269090,0.225585,0.286805,2.84869
extract_mu030,1.62001,0.235498,3.666689,2.368033,1.685455,0.227931,0.289628,2.87094
extract_mu030,1.62450,0.237051,3.844949,2.340586,2.673311,0.228389,0.290693,2.89863
extract_mu030,1.62902,0.238619,4.090980,2.275552,4.996000,0.228851,0.291766,2.92650
extract_mu030,1.63351,0.240181,4.209268,2.201254,5.382860,0.230509,0.294583,2.97870
extract_mu030,1.63800,0.241748,4.115157,2.167749,4.725170,0.232499,0.297886,3.03768
extract_mu030,1.64252,0.243329,3.875659,2.218625,3.167218,0.234326,0.299939,3.04629
extract_mu030,1.64701,0.244904,3.642871,2.347297,3.386710,0.236004,0.300995,3.01566
extract_mu030,1.65151,0.246487,3.554501,2.497897,1.745192,0.236879,0.301001,2.97738
extract_mu030,1.65602,0.248078,3.700646,2.584433,1.727907,0.236178,0.298948,2.92421
extract_mu030,1.66052,0.249670,3.982527,2.540889,7.613400,0.235768,0.297689,2.89242
extract_mu030,1.66501,0.251263,4.171371,2.377738,3.343295,0.237535,0.302371,3.02075
extract_mu030,1.66950,0.252860,4.231005,2.192919,4.822600,0.239302,0.307053,3.14905
extract_mu030,1.67402,0.254472,4.162679,2.117322,6.052320,0.241428,0.309851,3.17955
extract_mu030,1.67851,0.256078,4.017240,2.216516,0.980863,0.243579,0.312407,3.19830
extract_mu030,1.68300,0.257688,3.914948,2.449233,4.808670,0.244851,0.312300,3.13795
extract_mu030,1.68752,0.259312,3.825116,2.682808,4.481100,0.245699,0.310883,3.03832
extract_mu030,1.69201,0.260931,3.747201,2.769760,2.110718,0.247283,0.312387,3.03423
extract_mu030,1.69651,0.262557,3.745644,2.677502,4.379330,0.249781,0.317463,3.14654
extract_mu030,1.70102,0.264191,3.841474,2.483035,2.159834,0.251876,0.321833,3.24682
extract_mu030,1.70551,0.265822,4.077231,2.312203,2.682565,0.252614,0.323811,3.30614
extract_mu030,1.71001,0.267461,4.389745,2.281821,4.605600,0.253351,0.325768,3.36464
extract_mu030,1.71452,0.269107,4.604836,2.386891,5.278750,0.253666,0.323955,3.27599
extract_mu030,1.71902,0.270754,4.577407,2.540065,6.540600,0.253981,0.322147,3.18753
extract_mu030,1.72351,0.272401,4.288430,2.663211,4.342520,0.257087,0.326076,3.22102
extract_mu030,1.72800,0.274053,3.898535,2.702711,3.752899,0.260961,0.331584,3.28802
extract_mu030,1.73252,0.275720,3.641371,2.686303,1.354009,0.263381,0.335205,3.33913
extract_mu030,1.73701,0.277379,3.713694,2.670867,0.894594,0.264622,0.337289,3.37706
extract_mu030,1.74150,0.279043,4.088152,2.660105,5.077280,0.265157,0.338184,3.39474
extract_mu030,1.74602,0.280722,4.520175,2.640473,4.265320,0.264311,0.336754,3.37278
extract_mu030,1.75051,0.282393,4.788859,2.591313,7.246290,0.263952,0.336132,3.36448
extract_mu030,1.75500,0.284069,4.734174,2.523755,7.168460,0.267237,0.341573,3.45862
extract_mu030,1.75952,0.285760,4.434394,2.508095,1.576966,0.270544,0.347050,3.55338
extract_mu030,1.76401,0.287443,4.152321,2.596807,4.961560,0.272688,0.348621,3.53069
extract_mu030,1.76850,0.289131,4.006145,2.770635,2.780786,0.274696,0.349735,3.49424
extract_mu030,1.77302,0.290833,4.063175,2.938952,1.834690,0.275564,0.349744,3.45884
extract_mu030,1.77752,0.292532,4.260135,2.991686,7.552200,0.275859,0.349204,3.42424
extract_mu030,1.78201,0.294231,4.419409,2.882565,3.716849,0.277089,0.351476,3.47094
extract_mu030,1.78650,0.295934,4.545341,2.679294,4.387700,0.279460,0.357175,3.61662
extract_mu030,1.79102,0.297652,4.651901,2.524855,6.260870,0.281490,0.361610,3.72288
extract_mu030,1.79551,0.299363,4.731800,2.521342,2.766155,0.282300,0.361617,3.69207
extract_mu030,1.80002,0.301084,4.794888,2.674038,6.579390,0.283119,0.361628,3.66104
extract_mu030,1.80452,0.302806,4.718651,2.888118,6.694690,0.285022,0.362438,3.61332
extract_mu030,1.80901,0.304528,4.460150,3.025260,6.030380,0.286920,0.363247,3.56570
extract_mu030,1.81350,0.306253,4.161237,3.036820,3.590242,0.289731,0.367751,3.63837
extract_mu030,1.81802,0.307994,4.058266,2.966694,1.444530,0.292813,0.373311,3.74490
extract_mu030,1.82251,0.309727,4.260641,2.878560,4.298830,0.293743,0.375109,3.78541
extract_mu030,1.82702,0.311471,4.635445,2.827995,3.553484,0.293007,0.373996,3.77495
extract_mu030,1.83152,0.313215,4.948806,2.816145,8.854140,0.293417,0.374527,3.78306
extract_mu030,1.83601,0.314959,4.950676,2.822019,7.844550,0.296051,0.378251,3.82719
extract_mu030,1.84052,0.316714,4.703333,2.856232,2.160513,0.298652,0.381787,3.86531
extract_mu030,1.84502,0.318469,4.493619,2.938913,4.418690,0.300919,0.383828,3.85817
extract_mu030,1.84951,0.320223,4.473231,3.054523,1.092109,0.303182,0.385864,3.85105
extract_mu030,1.85400,0.321981,4.671017,3.135321,4.709970,0.303747,0.386223,3.84373
extract_mu030,1.85852,0.323754,4.886404,3.113252,7.802800,0.304114,0.386384,3.83635
extract_mu030,1.86301,0.325519,4.966299,2.987334,3.657189,0.306116,0.390104,3.91389
extract_mu030,1.86750,0.327287,4.997292,2.848697,4.871060,0.308918,0.395564,4.03289
extract_mu030,1.87202,0.329071,5.087178,2.811533,0.883824,0.310639,0.398217,4.07576
extract_mu030,1.87651,0.330846,5.259847,2.902677,7.226360,0.311000,0.397358,4.02391
extract_mu030,1.88100,0.332625,5.308515,3.051305,6.906560,0.312011,0.397555,3.98994
extract_mu030,1.88552,0.334419,5.147399,3.165347,6.247670,0.315256,0.401365,4.01698
extract_mu030,1.89001,0.336204,4.909488,3.203699,4.085550,0.318468,0.405139,4.04386
extract_mu030,1.89450,0.337993,4.845636,3.195296,0.390909,0.319628,0.407023,4.07306
extract_mu030,1.89902,0.339797,5.080274,3.172263,6.002460,0.320796,0.408919,4.10246
extract_mu030,1.90351,0.341593,5.412441,3.127270,5.231080,0.321727,0.410679,4.14115
extract_mu030,1.90800,0.343391,5.603929,3.056030,10.168970,0.322595,0.412406,4.18245
extract_mu030,1.91252,0.345205,5.529443,2.989813,5.046100,0.324659,0.415481,4.22936
extract_mu030,1.91701,0.347010,5.372334,2.998596,3.273144,0.327647,0.419590,4.28017
extract_mu030,1.92152,0.348827,5.325184,3.114383,5.603090,0.329824,0.421931,4.28851
extract_mu030,1.92602,0.350642,5.376172,3.271451,4.934820,0.330417,0.420838,4.21488
extract_mu030,1.93051,0.352457,5.407712,3.365464,10.098650,0.331288,0.420472,4.16104
extract_mu030,1.93502,0.354283,5.321376,3.339555,3.885102,0.334270,0.425581,4.25562
extract_mu030,1.93951,0.356104,5.276304,3.235598,5.022580,0.337239,0.430668,4.34976
extract_mu030,1.94401,0.357932,5.393826,3.154265,3.057114,0.337840,0.431746,4.37472
extract_mu030,1.94852,0.359767,5.637352,3.151912,6.493030,0.338158,0.432347,4.39145
extract_mu030,1.95301,0.361597,5.767512,3.214984,10.277520,0.339934,0.434470,4.40599
extract_mu030,1.95750,0.363430,5.623817,3.311626,5.098590,0.342424,0.437338,4.41949
extract_mu030,1.96202,0.365279,5.366777,3.424934,5.892130,0.344080,0.438595,4.40202
extract_mu030,1.96651,0.367118,5.228858,3.546168,2.850552,0.344681,0.437838,4.34649
extract_mu030,1.97100,0.368960,5.320591,3.636662,7.080110,0.345042,0.437212,4.30697
extract_mu030,1.97552,0.370818,5.470111,3.611202,8.334390,0.344588,0.437028,4.32194
extract_mu030,1.98001,0.372666,5.570139,3.446539,3.057590,0.344157,0.436882,4.33756
extract_mu030,1.98450,0.374517,5.644808,3.226706,11.139320,0.347387,0.443516,4.49134
extract_mu030,1.98902,0.376383,5.631520,3.086311,2.334606,0.350639,0.450194,4.64609
extract_mu030,1.99351,0.378239,5.679804,3.139822,1.535113,0.351531,0.450346,4.60869
extract_mu030,1.99802,0.380107,5.767390,3.358480,11.418190,0.351781,0.448707,4.51834
extract_mu030,2.00251,0.381969,5.689663,3.580406,3.728957,0.353469,0.449753,4.48930
extract_mu030,2.00700,0.383834,5.517185,3.680248,6.247960,0.356284,0.452894,4.50795
extract_mu030,2.01152,0.385715,5.291542,3.636609,7.279680,0.358998,0.456510,4.55098
extract_mu030,2.01601,0.387585,5.135171,3.520838,1.960526,0.361459,0.460988,4.64120
extract_mu030,2.02050,0.389458,5.244357,3.464507,5.099240,0.363502,0.464589,4.71207
extract_mu030,2.02502,0.391347,5.500426,3.499994,5.652320,0.362374,0.461537,4.63613
extract_mu030,2.02951,0.393225,5.715255,3.552718,4.665650,0.361253,0.458506,4.56067
extract_mu030,2.03402,0.395115,5.738095,3.565046,10.645910,0.364116,0.463265,4.64179
extract_mu030,2.03851,0.396999,5.481705,3.517897,3.450533,0.367430,0.468909,4.74073
extract_mu030,2.04300,0.398885,5.220472,3.483724,1.580177,0.369909,0.472634,4.79197
extract_mu030,2.04752,0.400787,5.184184,3.548210,5.100640,0.371995,0.475440,4.82008
extract_mu030,2.05201,0.402679,5.337549,3.666551,2.530669,0.373055,0.476307,4.81149
extract_mu030,2.05650,0.404573,5.570056,3.752211,6.794490,0.372878,0.474830,4.75835
extract_mu030,2.06102,0.406482,5.673407,3.736717,8.377650,0.373538,0.475056,4.74424
extract_mu030,2.06551,0.408381,5.587385,3.610741,3.917680,0.377025,0.481076,4.86354
extract_mu030,2.07002,0.410291,5.503256,3.504551,3.432965,0.380511,0.487088,4.98245
extract_mu030,2.07451,0.412195,5.558489,3.519647,4.263030,0.380757,0.486073,4.92568
extract_mu030,2.07900,0.414101,5.719947,3.633541,5.203720,0.381004,0.485059,4.86891
extract_mu030,2.08352,0.416023,5.845375,3.774221,6.798220,0.382382,0.486314,4.86244
extract_mu030,2.08801,0.417934,5.777130,3.824698,8.591800,0.384061,0.488184,4.86989
extract_mu030,2.09252,0.419856,5.535023,3.762542,4.483070,0.386687,0.492490,4.94191
extract_mu030,2.09701,0.421771,5.374854,3.697256,2.497846,0.390027,0.498652,5.06341
extract_mu030,2.10150,0.423689,5.452831,3.691408,5.461840,0.391991,0.501923,5.12105
extract_mu030,2.10602,0.425623,5.683927,3.750502,4.289010,0.391257,0.499519,5.05330
extract_mu030,2.11051,0.427545,5.893233,3.819758,10.443410,0.390987,0.497964,5.00170
extract_mu030,2.11500,0.429470,5.855232,3.811627,9.397800,0.394193,0.502720,5.06938
extract_mu030,2.11952,0.431409,5.649209,3.763874,2.245755,0.397421,0.507508,5.13748
extract_mu030,2.12400,0.433334,5.556493,3.758165,6.888630,0.398898,0.508854,5.13572
extract_mu030,2.12852,0.435278,5.625702,3.814893,4.227530,0.400185,0.509809,5.12574
extract_mu030,2.13301,0.437212,5.813925,3.909115,6.611720,0.401371,0.510904,5.12475
extract_mu030,2.13750,0.439147,5.914430,3.948820,12.078400,0.402512,0.512070,5.12811
extract_mu030,2.14202,0.441097,5.814883,3.899612,2.989818,0.404534,0.515077,5.17275
extract_mu030,2.14651,0.443037,5.744261,3.836639,6.581850,0.407611,0.520310,5.26765
extract_mu030,2.15102,0.444987,5.822505,3.823036,3.726980,0.410004,0.524235,5.33378
extract_mu030,2.15551,0.446931,6.052970,3.875488,6.722570,0.410013,0.523622,5.30054
extract_mu030,2.16002,0.448885,6.203391,3.930690,11.950520,0.410038,0.523032,5.26764
extract_mu030,2.16452,0.450837,6.107389,3.931219,4.485100,0.413616,0.528123,5.34241
extract_mu030,2.16900,0.452782,5.962303,3.917095,6.625840,0.417177,0.533192,5.41683
extract_mu030,2.17352,0.454746,5.972272,3.939168,0.741480,0.418223,0.534085,5.41167
extract_mu030,2.17801,0.456699,6.211211,3.999817,8.318190,0.418564,0.533815,5.38457
extract_mu030,2.18252,0.458663,6.416260,4.030739,8.903800,0.420141,0.535936,5.40945
extract_mu030,2.18701,0.460619,6.431485,3.988593,6.776610,0.422662,0.539895,5.47445
extract_mu030,2.19150,0.462578,6.364751,3.922930,5.831480,0.424789,0.543075,5.52302
extract_mu030,2.19602,0.464551,6.414999,3.916336,0.687100,0.426153,0.544740,5.53957
extract_mu030,2.20051,0.466513,6.642567,3.982886,9.693580,0.427539,0.546409,5.55497
extract_mu030,2.20502,0.468486,6.787352,4.050745,6.450370,0.429160,0.548191,5.56260
extract_mu030,2.20951,0.470451,6.738310,4.063977,9.076420,0.430775,0.549965,5.57021
extract_mu030,2.21402,0.472427,6.581998,4.036412,2.431995,0.433254,0.553495,5.61525
extract_mu030,2.21851,0.474396,6.583712,4.041567,2.449824,0.435823,0.557214,5.66447
extract_mu030,2.22300,0.476366,6.774463,4.088987,7.762370,0.436879,0.558334,5.66910
extract_mu030,2.22752,0.478352,6.897911,4.120187,7.208520,0.437199,0.558183,5.65184
extract_mu030,2.23201,0.480325,6.767721,4.101228,11.286860,0.438847,0.560320,5.67723
extract_mu030,2.23652,0.482309,6.410420,4.066637,2.211807,0.442131,0.565268,5.75484
extract_mu030,2.24101,0.484286,6.126546,4.111451,6.317120,0.444459,0.568298,5.78999
extract_mu030,2.24552,0.486273,6.015659,4.245664,5.993760,0.443591,0.564888,5.68200
extract_mu030,2.25001,0.488252,6.064307,4.385747,1.052730,0.442735,0.561521,5.57524
extract_mu030,2.25450,0.490233,6.218293,4.436254,8.410030,0.443629,0.563778,5.62891
extract_mu030,2.25902,0.492229,6.235567,4.327692,9.124410,0.444529,0.566050,5.68293
extract_mu030,2.26351,0.494213,6.132706,4.138703,0.893620,0.447185,0.571169,5.79452
extract_mu030,2.26802,0.496207,6.175946,4.039831,6.121970,0.450341,0.577102,5.92261
extract_mu030,2.27251,0.498193,6.364772,4.102211,5.197940,0.451241,0.577750,5.91692
extract_mu030,2.27702,0.500190,6.576301,4.267011,5.418470,0.450385,0.574275,5.80671
extract_mu030,2.28151,0.502179,6.593468,4.396475,13.124680,0.451256,0.574080,5.76284
extract_mu030,2.28602,0.504178,6.277177,4.398963,6.102840,0.455510,0.580284,5.84796
extract_mu030,2.29051,0.506170,5.938809,4.343410,2.792310,0.459307,0.585775,5.92117
extract_mu030,2.29500,0.508163,5.870703,4.337381,5.597860,0.459752,0.586029,5.90654
extract_mu030,2.29952,0.510170,6.077402,4.396642,3.531200,0.460199,0.586284,5.89180
extract_mu030,2.30400,0.512161,6.401964,4.456759,10.533200,0.460681,0.586845,5.89694
extract_mu030,2.30852,0.514170,6.512459,4.422390,10.809600,0.461171,0.587447,5.90446
extract_mu030,2.31301,0.516168,6.363559,4.306871,4.637370,0.464003,0.592128,5.99133
extract_mu030,2.31752,0.518175,6.237690,4.240274,6.581600,0.467995,0.598827,6.11737
extract_mu030,2.32201,0.520175,6.283336,4.306626,4.599730,0.469784,0.601023,6.13728
extract_mu030,2.32652,0.522184,6.490861,4.467535,6.949160,0.468900,0.597744,6.02784
extract_mu030,2.33101,0.524186,6.635312,4.589562,13.088950,0.469026,0.596518,5.96581
extract_mu030,2.33552,0.526197,6.503596,4.567104,7.357860,0.472585,0.602233,6.06356
extract_mu030,2.34001,0.528201,6.284085,4.456315,4.988840,0.476113,0.607899,6.16038
extract_mu030,2.34450,0.530205,6.234296,4.391773,5.481460,0.476809,0.608506,6.16280
extract_mu030,2.34901,0.532220,6.427013,4.434136,3.849160,0.477507,0.609116,6.16523
extract_mu030,2.35350,0.534226,6.727070,4.533886,11.002020,0.478073,0.609406,6.15016
extract_mu030,2.35802,0.536246,6.801679,4.573567,11.519550,0.478606,0.609610,6.13011
extract_mu030,2.36250,0.538250,6.585708,4.517349,6.030560,0.481132,0.613453,6.18870
extract_mu030,2.36702,0.540272,6.347704,4.463610,5.914410,0.485258,0.620203,6.30968
extract_mu030,2.37150,0.542277,6.309614,4.503934,2.895868,0.487643,0.623581,6.35576
extract_mu030,2.37602,0.544300,6.517019,4.626202,6.281800,0.486691,0.620459,6.25669
extract_mu030,2.38051,0.546311,6.737851,4.719087,11.167210,0.486258,0.618384,6.18267
extract_mu030,2.38502,0.548332,6.717425,4.678682,6.170620,0.489691,0.624053,6.29253
extract_mu030,2.38951,0.550344,6.555116,4.552847,3.792950,0.493110,0.629696,6.40185
extract_mu030,2.39402,0.552366,6.512917,4.482231,3.446180,0.494013,0.630764,6.40528
extract_mu030,2.39851,0.554380,6.705137,4.534241,3.682730,0.494618,0.631293,6.39634
extract_mu030,2.40302,0.556403,6.962035,4.649630,8.479110,0.495775,0.632487,6.39465
extract_mu030,2.40751,0.558417,6.970539,4.704353,11.146710,0.497190,0.633995,6.39647
extract_mu030,2.41202,0.560442,6.707750,4.663232,3.637594,0.499447,0.637052,6.43380
extract_mu030,2.41651,0.562457,6.533084,4.634911,2.004337,0.502696,0.641950,6.51363
extract_mu030,2.42102,0.564483,6.658981,4.685999,4.913370,0.505163,0.645506,6.56598
extract_mu030,2.42551,0.566499,6.943433,4.762523,6.245340,0.504905,0.644403,6.52340
extract_mu030,2.43002,0.568525,7.091204,4.770387,12.639290,0.504664,0.643328,6.48132
extract_mu030,2.43451,0.570543,6.981928,4.680132,2.934036,0.508243,0.649137,6.58410
extract_mu030,2.43902,0.572570,6.918447,4.610429,3.869340,0.511837,0.654973,6.68731
extract_mu030,2.44351,0.574588,7.078466,4.644828,5.182230,0.512288,0.655002,6.66942
extract_mu030,2.44802,0.576616,7.326392,4.737271,10.043090,0.511869,0.653421,6.61782
extract_mu030,2.45251,0.578635,7.355463,4.783360,13.784820,0.513837,0.655763,6.63966
extract_mu030,2.45702,0.580663,7.116135,4.752870,3.738770,0.517688,0.661197,6.71917
extract_mu030,2.46151,0.582682,6.961670,4.740105,6.583450,0.520219,0.664547,6.76017
extract_mu030,2.46602,0.584711,7.067495,4.799686,3.859090,0.520206,0.663875,6.72656
extract_mu030,2.47051,0.586731,7.312487,4.877629,13.571940,0.520532,0.663814,6.70532
extract_mu030,2.47502,0.588760,7.370636,4.870322,10.411170,0.523448,0.668387,6.77696
extract_mu030,2.47951,0.590780,7.269379,4.793354,6.732050,0.526351,0.672940,6.84826
extract_mu030,2.48402,0.592809,7.269802,4.740943,5.991250,0.527317,0.673908,6.86074
extract_mu030,2.48851,0.594830,7.472852,4.776772,6.989960,0.528052,0.674452,6.86628
extract_mu030,2.49302,0.596859,7.677282,4.844409,13.496630,0.529768,0.676608,6.88452
extract_mu030,2.49751,0.598880,7.618786,4.859793,9.100070,0.531946,0.679528,6.90877
extract_mu030,2.50202,0.600909,7.379976,4.844545,7.949670,0.533984,0.682099,6.92794
extract_mu030,2.50650,0.602925,7.183674,4.866426,3.418407,0.535823,0.684211,6.94063
extract_mu030,2.51102,0.604959,7.130592,4.965607,8.888060,0.537614,0.686170,6.95021
extract_mu030,2.51550,0.606975,7.035058,5.074843,9.422780,0.539175,0.687534,6.94877
extract_mu030,2.52002,0.609009,6.797931,5.136871,8.299680,0.540738,0.688895,6.94719
extract_mu030,2.52450,0.611024,6.575015,5.175537,1.780164,0.540588,0.687960,6.92378
extract_mu030,2.52902,0.613058,6.592244,5.220303,1.936728,0.540436,0.687016,6.90017
extract_mu030,2.53350,0.615073,6.736244,5.221428,11.959530,0.541080,0.688570,6.92529
extract_mu030,2.53802,0.617106,6.777706,5.130015,2.067357,0.541950,0.690829,6.96413
extract_mu030,2.54250,0.619121,6.832943,4.995647,7.833500,0.543321,0.693284,7.00793
extract_mu030,2.54701,0.621150,6.908223,4.904338,4.036900,0.545101,0.695924,7.05620
extract_mu030,2.55152,0.623177,7.075691,4.938351,0.792181,0.546445,0.697460,7.07268
extract_mu030,2.55601,0.625196,7.269761,5.044176,13.669250,0.546947,0.696872,7.02811
extract_mu030,2.56052,0.627223,7.193069,5.116234,5.671960,0.547859,0.697030,6.99947
extract_mu030,2.56501,0.629241,6.978478,5.135724,1.779232,0.551723,0.702624,7.08806
extract_mu030,2.56952,0.631268,6.819018,5.133625,8.699060,0.555604,0.708243,7.17700
extract_mu030,2.57401,0.633285,6.786304,5.169859,0.571731,0.555882,0.708321,7.15912
extract_mu030,2.57852,0.635311,6.975333,5.229070,9.549010,0.555732,0.707740,7.12845
extract_mu030,2.58301,0.637327,7.119655,5.227085,10.974440,0.557039,0.710060,7.16469
extract_mu030,2.58752,0.639352,7.121444,5.157021,2.620377,0.559065,0.713813,7.23381
extract_mu030,2.59201,0.641367,7.155332,5.064339,11.073080,0.560574,0.716351,7.27812
extract_mu030,2.59652,0.643391,7.211782,5.039222,4.036010,0.561466,0.717431,7.29258
extract_mu030,2.60101,0.645405,7.372274,5.109767,5.233620,0.562392,0.718356,7.29887
extract_mu030,2.60552,0.647428,7.486369,5.185477,16.139500,0.563449,0.718776,7.27772
extract_mu030,2.61001,0.649441,7.342981,5.219077,4.156070,0.564515,0.719217,7.25714
extract_mu030,2.61452,0.651462,7.173518,5.217526,9.065760,0.567604,0.723261,7.30954
extract_mu030,2.61900,0.653469,7.067056,5.226686,9.344560,0.570672,0.727279,7.36158
extract_mu030,2.62351,0.655489,7.082877,5.295149,1.542807,0.571502,0.727788,7.34688
extract_mu030,2.62800,0.657499,7.244625,5.352312,16.439900,0.571707,0.727323,7.31380
extract_mu030,2.63251,0.659518,7.261442,5.335575,9.447790,0.573249,0.729764,7.35026
extract_mu030,2.63700,0.661527,7.208148,5.263359,3.524687,0.575843,0.734495,7.44168
extract_mu030,2.64151,0.663544,7.234185,5.190524,13.867390,0.577620,0.737769,7.50255
extract_mu030,2.64600,0.665551,7.286566,5.201937,2.734971,0.577765,0.738128,7.50247
extract_mu030,2.65051,0.667566,7.442803,5.273869,10.567280,0.578106,0.738693,7.50476
extract_mu030,2.65502,0.669580,7.471416,5.324701,13.925000,0.579939,0.740813,7.52517
extract_mu030,2.65951,0.671585,7.309440,5.345119,1.661013,0.581765,0.742924,7.54549
extract_mu030,2.66402,0.673597,7.242887,5.345096,12.152420,0.583731,0.744859,7.55673
extract_mu030,2.66851,0.675600,7.256640,5.378839,6.679610,0.585704,0.746763,7.56684
extract_mu030,2.67302,0.677611,7.408366,5.442611,3.778510,0.586740,0.747415,7.55252
extract_mu030,2.67751,0.679611,7.591590,5.444463,16.631700,0.587317,0.747457,7.52648
extract_mu030,2.68202,0.681620,7.542946,5.382464,2.530030,0.588848,0.749516,7.54994
extract_mu030,2.68651,0.683619,7.469767,5.300011,7.030280,0.591520,0.753995,7.63302
extract_mu030,2.69102,0.685625,7.442719,5.271904,8.539230,0.593722,0.757480,7.69284
extract_mu030,2.69551,0.687621,7.443061,5.353969,0.305516,0.594283,0.757506,7.67215
extract_mu030,2.70002,0.689626,7.463619,5.441662,13.272680,0.594859,0.757560,7.65193
extract_mu030,2.70451,0.691620,7.273981,5.489803,4.678560,0.597729,0.762329,7.72642
extract_mu030,2.70902,0.693622,7.038904,5.512059,1.894230,0.600611,0.767119,7.80122
extract_mu030,2.71351,0.695613,6.958723,5.516752,8.130510,0.601667,0.768716,7.81892
extract_mu030,2.71802,0.697613,7.003268,5.572939,3.729280,0.602225,0.769445,7.82103
extract_mu030,2.72250,0.699598,7.145888,5.596231,7.362600,0.603584,0.771351,7.83848
extract_mu030,2.72702,0.701599,7.259526,5.563324,7.745110,0.605588,0.774207,7.86818
extract_mu030,2.73150,0.703581,7.360126,5.521768,2.913670,0.607192,0.776131,7.88683
extract_mu030,2.73601,0.705575,7.578194,5.462600,6.643830,0.608056,0.776284,7.88442
extract_mu030,2.74050,0.707559,7.797889,5.449082,8.624550,0.609035,0.776704,7.88499
extract_mu030,2.74501,0.709551,7.926386,5.440629,3.015220,0.610923,0.779167,7.90819
extract_mu030,2.74952,0.711541,8.013209,5.431940,11.958140,0.612811,0.781630,7.93139
extract_mu030,2.75401,0.713520,8.037074,5.472255,2.894304,0.614265,0.783231,7.93541
extract_mu030,2.75852,0.715507,8.146832,5.519841,7.854950,0.615674,0.784739,7.93719
extract_mu030,2.76300,0.717480,8.253686,5.552768,13.012740,0.617198,0.787188,7.97202
extract_mu030,2.76751,0.719464,8.259980,5.549145,2.863119,0.618791,0.790122,8.02329
extract_mu030,2.77200,0.721437,8.301642,5.493144,12.914670,0.620211,0.792750,8.07125
extract_mu030,2.77651,0.723418,8.323192,5.453778,6.126270,0.621431,0.795031,8.11566
extract_mu030,2.78102,0.725398,8.382713,5.441299,8.478490,0.622673,0.797175,8.15433
extract_mu030,2.78551,0.727367,8.395739,5.420529,14.312340,0.623983,0.798847,8.17333
extract_mu030,2.79002,0.729343,8.266480,5.430911,7.793360,0.625299,0.800515,8.19204
extract_mu030,2.79450,0.731304,8.208666,5.462143,10.904140,0.626586,0.800380,8.14544
extract_mu030,2.79902,0.733281,8.391961,5.577816,9.185130,0.627884,0.800243,8.09842
extract_mu030,2.80350,0.735239,8.978517,5.801601,5.283500,0.627908,0.798496,8.01899
extract_mu030,2.80801,0.737208,9.912081,6.030720,16.046050,0.627582,0.796290,7.92989
extract_mu030,2.81250,0.739167,10.844893,6.285151,8.990140,0.624862,0.790073,7.79055
extract_mu030,2.81701,0.741133,11.559087,6.590252,5.543160,0.620246,0.780668,7.61068
extract_mu030,2.82150,0.743088,11.860805,6.806069,19.899640,0.618482,0.776480,7.51703
extract_mu030,2.82602,0.745054,11.646783,6.841743,14.702950,0.622285,0.782465,7.59135
extract_mu030,2.83051,0.747006,10.958873,6.724112,3.751595,0.625114,0.787235,7.65857
extract_mu030,2.83502,0.748964,9.948072,6.514498,16.528900,0.620798,0.783167,7.67659
extract_mu030,2.83951,0.750911,8.835326,6.264698,7.530430,0.616502,0.779117,7.69453
extract_mu030,2.84402,0.752866,7.889890,6.084261,6.746050,0.620102,0.785724,7.80556
extract_mu030,2.84851,0.754810,7.183152,6.118991,4.615900,0.624610,0.793549,7.92690
extract_mu030,2.85302,0.756760,6.662886,6.314577,8.015150,0.623111,0.789386,7.81679
extract_mu030,2.85751,0.758700,6.187679,6.534211,9.644960,0.618717,0.779453,7.59531
extract_mu030,2.86200,0.760637,5.546149,6.640232,4.481560,0.618465,0.777206,7.52699
extract_mu030,2.86651,0.762582,4.738530,6.542435,6.815400,0.623306,0.784402,7.64693
extract_mu030,2.87100,0.764515,3.945556,6.404073,1.514293,0.625868,0.788378,7.72107
extract_mu030,2.87551,0.766455,3.362599,6.308783,0.216423,0.620719,0.781470,7.64094
extract_mu030,2.88000,0.768384,3.046141,6.222628,4.050980,0.615641,0.774664,7.56213
extract_mu030,2.88452,0.770324,2.896502,6.229138,2.667398,0.620750,0.782888,7.69172
extract_mu030,2.88900,0.772245,2.863329,6.317217,4.710745,0.625814,0.791039,7.82007
extract_mu030,2.89352,0.774181,2.976594,6.462195,0.795324,0.622596,0.785742,7.72046
extract_mu030,2.89801,0.776101,3.240444,6.580627,3.603940,0.617124,0.776785,7.55878
extract_mu030,2.90252,0.778028,3.557342,6.499396,5.917380,0.617820,0.778977,7.61197
extract_mu030,2.90701,0.779944,3.822563,6.305335,1.356705,0.623279,0.789772,7.83075
extract_mu030,2.91152,0.781866,4.011399,6.163771,4.483379,0.625007,0.793641,7.92546
extract_mu030,2.91601,0.783777,4.095003,6.139028,6.357030,0.619546,0.784157,7.78092
extract_mu030,2.92052,0.785695,4.069117,6.220999,2.640295,0.615330,0.776609,7.65967
extract_mu030,2.92501,0.787601,4.055894,6.289960,2.864016,0.620812,0.784173,7.72204
extract_mu030,2.92952,0.789514,4.134631,6.348664,0.163846,0.626319,0.791772,7.78467
extract_mu030,2.93401,0.791416,4.246638,6.432184,6.005750,0.622411,0.784711,7.66261
extract_mu030,2.93852,0.793324,4.251096,6.448643,6.502930,0.617363,0.775869,7.51785
extract_mu030,2.94301,0.795220,4.015983,6.355005,4.216580,0.618618,0.778993,7.60352
extract_mu030,2.94750,0.797115,3.654462,6.178425,3.135092,0.622947,0.787952,7.80153
extract_mu030,2.95201,0.799015,3.408786,6.069281,2.332932,0.623813,0.790282,7.86248
extract_mu030,2.95652,0.800913,3.340716,6.160340,4.039135,0.620370,0.784361,7.75290
extract_mu030,2.96101,0.802800,3.371308,6.344851,2.311435,0.618117,0.780393,7.67529
extract_mu030,2.96550,0.804684,3.295164,6.474256,7.680930,0.619857,0.782977,7.70489
extract_mu030,2.97002,0.806578,3.036765,6.462862,2.004635,0.621597,0.785566,7.73466
extract_mu030,2.97450,0.808452,2.817286,6.351371,0.179374,0.621511,0.786213,7.76024
extract_mu030,2.97902,0.810341,2.799701,6.292458,0.081130,0.621425,0.786866,7.78606
extract_mu030,2.98350,0.812210,2.962671,6.273555,2.251223,0.620153,0.784825,7.75550
extract_mu030,2.98802,0.814094,3.076889,6.240371,9.558180,0.618540,0.782017,7.70906
extract_mu030,2.99251,0.815962,3.006838,6.223749,0.215504,0.619785,0.782991,7.70732
extract_mu030,2.99702,0.817836,2.936789,6.254938,0.901652,0.623270,0.786922,7.74041
extract_mu030,3.00151,0.819698,3.042205,6.376877,0.548068,0.623932,0.786930,7.72114
extract_mu030,3.00602,0.821566,3.353265,6.478089,2.668741,0.619114,0.779318,7.59988
extract_mu030,3.01051,0.823423,3.676994,6.412295,8.749480,0.615528,0.773876,7.51807
extract_mu030,3.01502,0.825285,3.805908,6.251834,2.756049,0.621112,0.784634,7.73176
extract_mu030,3.01951,0.827137,3.803742,6.135727,2.943753,0.626671,0.795344,7.94429
extract_mu030,3.02402,0.828993,3.778899,6.167393,4.574090,0.621755,0.787311,7.81010
extract_mu030,3.02851,0.830839,3.786253,6.296397,1.620189,0.615640,0.777128,7.63593
extract_mu030,3.03302,0.832689,3.827089,6.360743,6.230620,0.617731,0.780117,7.67622
extract_mu030,3.03751,0.834529,3.823924,6.358277,0.231447,0.623777,0.789455,7.81991
extract_mu030,3.04202,0.836373,3.798721,6.345988,5.513427,0.624687,0.790682,7.83535
extract_mu030,3.04651,0.838207,3.773839,6.346574,5.800960,0.619375,0.782081,7.69549
extract_mu030,3.05102,0.840046,3.745006,6.340415,4.822810,0.616285,0.777098,7.61346
extract_mu030,3.05551,0.841873,3.730887,6.252274,3.786910,0.620650,0.784244,7.72561
extract_mu030,3.06000,0.843697,3.741490,6.164384,3.329170,0.624977,0.791325,7.83656
extract_mu030,3.06451,0.845527,3.760431,6.200223,4.492461,0.622073,0.785684,7.72346
extract_mu030,3.06900,0.847345,3.748114,6.332666,4.208620,0.619181,0.780067,7.61079
extract_mu030,3.07352,0.849172,3.637956,6.457335,5.736400,0.619447,0.780462,7.61989
extract_mu030,3.07800,0.850980,3.453968,6.433846,2.141359,0.620602,0.782553,7.66334
extract_mu030,3.08252,0.852801,3.350570,6.297622,1.161800,0.621417,0.784712,7.71922
extract_mu030,3.08700,0.854602,3.375451,6.222769,4.861464,0.621949,0.786891,7.78406
extract_mu030,3.09152,0.856416,3.429570,6.235688,3.082250,0.621485,0.787053,7.80405
extract_mu030,3.09601,0.858215,3.348983,6.283755,7.492920,0.619075,0.783244,7.73531
extract_mu030,3.10052,0.860019,3.114651,6.297460,0.038650,0.617402,0.780518,7.68334
extract_mu030,3.10501,0.861811,2.974947,6.279169,1.701251,0.621390,0.786119,7.76078
extract_mu030,3.10952,0.863608,3.035704,6.329551,2.948047,0.625396,0.791745,7.83854
extract_mu030,3.11401,0.865394,3.195519,6.403030,1.757170,0.621289,0.784641,7.72143
extract_mu030,3.11852,0.867185,3.235254,6.391464,9.753200,0.616207,0.776003,7.58070
extract_mu030,3.12301,0.868964,3.036169,6.282252,0.046830,0.618522,0.780076,7.65394
extract_mu030,3.12752,0.870747,2.831475,6.153407,0.280087,0.624468,0.790388,7.83215
extract_mu030,3.13201,0.872519,2.830509,6.161429,0.065370,0.624976,0.791184,7.83936
extract_mu030,3.13652,0.874296,3.039506,6.293696,0.477323,0.618838,0.780344,7.63743
extract_mu030,3.14101,0.876061,3.253996,6.390124,9.855760,0.615420,0.774281,7.52030
extract_mu030,3.14550,0.877823,3.239904,6.388433,0.066059,0.621147,0.784265,7.68840
extract_mu030,3.15001,0.879589,3.111458,6.315225,3.980238,0.626844,0.794205,7.85576
extract_mu030,3.15450,0.881344,3.066367,6.278482,1.805053,0.621735,0.786616,7.75835
extract_mu030,3.15901,0.883103,3.197424,6.303259,0.006317,0.616604,0.778993,7.66047
extract_mu030,3.16350,0.884851,3.400722,6.283502,6.279390,0.618498,0.782338,7.72382
extract_mu030,3.16802,0.886606,3.455890,6.229496,2.573584,0.622360,0.788760,7.83246
extract_mu030,3.17250,0.888343,3.403690,6.216270,4.980899,0.622781,0.788778,7.81622
extract_mu030,3.17701,0.890088,3.383044,6.293474,1.316139,0.620522,0.783803,7.70236
extract_mu030,3.18150,0.891821,3.466479,6.420949,2.246367,0.619263,0.780792,7.63208
extract_mu030,3.18602,0.893562,3.612524,6.431637,6.327710,0.619946,0.781589,7.64632
extract_mu030,3.19051,0.895288,3.713443,6.313228,2.790640,0.620686,0.782585,7.66659
extract_mu030,3.19502,0.897018,3.775618,6.203150,5.638412,0.621897,0.785134,7.73328
extract_mu030,3.19951,0.898736,3.855324,6.189110,2.900750,0.623103,0.787672,7.79965
extract_mu030,3.20402,0.900458,3.966368,6.274350,4.380710,0.620733,0.783998,7.72952
extract_mu030,3.20851,0.902169,4.088831,6.328584,3.740030,0.617960,0.779621,7.64387
extract_mu030,3.21302,0.903884,4.206039,6.301394,4.826660,0.619706,0.782639,7.68591
extract_mu030,3.21751,0.905587,4.304512,6.293817,6.552350,0.623622,0.789208,7.78929
extract_mu030,3.22202,0.907294,4.354631,6.329371,1.200832,0.624007,0.790087,7.80772
extract_mu030,3.22651,0.908990,4.300820,6.356617,7.927130,0.620129,0.784096,7.72355
extract_mu030,3.23102,0.910689,4.135899,6.300987,2.956737,0.618085,0.780976,7.67994
extract_mu030,3.23551,0.912377,4.085925,6.195876,0.130668,0.622175,0.787459,7.77207
extract_mu030,3.24002,0.914068,4.299106,6.196498,4.636668,0.626251,0.793915,7.86367
extract_mu030,3.24451,0.915748,4.654247,6.286412,4.427820,0.623673,0.788694,7.76780
extract_mu030,3.24900,0.917424,4.855991,6.328106,11.199100,0.621095,0.783473,7.67188
extract_mu030,3.25351,0.919104,4.741789,6.290515,1.751973,0.622477,0.785426,7.69811
extract_mu030,3.25802,0.920779,4.534821,6.246389,2.968499,0.624987,0.789425,7.75916
extract_mu030,3.26251,0.922443,4.428465,6.302115,3.266465,0.624856,0.789072,7.75373
extract_mu030,3.26700,0.924103,4.471199,6.387952,5.129400,0.622663,0.785320,7.69639
extract_mu030,3.27151,0.925767,4.567199,6.412754,5.593620,0.621651,0.783569,7.66725
extract_mu030,3.27600,0.927418,4.623980,6.436893,7.353470,0.622985,0.785788,7.69416
extract_mu030,3.28051,0.929074,4.529730,6.455639,2.393228,0.624054,0.787741,7.72199
extract_mu030,3.28501,0.930721,4.212352,6.417420,9.804250,0.623052,0.787572,7.75582
extract_mu030,3.28952,0.932368,3.715641,6.301252,0.253220,0.622048,0.787402,7.78972
extract_mu030,3.29401,0.934004,3.360245,6.189972,1.833396,0.622553,0.788252,7.80386
extract_mu030,3.29852,0.935642,3.357499,6.229065,1.117431,0.623238,0.789226,7.81574
extract_mu030,3.30301,0.937269,3.685104,6.360330,3.362650,0.623086,0.787999,7.77951
extract_mu030,3.30752,0.938900,4.059072,6.429286,8.786540,0.622527,0.785694,7.71965
extract_mu030,3.31201,0.940518,4.237327,6.413661,3.560628,0.622251,0.784585,7.68314
extract_mu030,3.31652,0.942140,4.251670,6.366793,3.880772,0.622318,0.784929,7.67485
extract_mu030,3.32101,0.943750,4.192073,6.356980,6.024650,0.622438,0.785357,7.67765
extract_mu030,3.32552,0.945364,4.136132,6.342347,3.558470,0.622736,0.786076,7.71812
extract_mu030,3.33001,0.946965,4.125457,6.278262,5.305680,0.623028,0.786783,7.75809
extract_mu030,3.33450,0.948563,4.161810,6.265926,3.630841,0.622420,0.785778,7.73274
extract_mu030,3.33901,0.950163,4.191617,6.336381,0.111162,0.621809,0.784768,7.70727
extract_mu030,3.34350,0.951752,4.118484,6.412812,9.514940,0.622017,0.785403,7.72250
extract_mu030,3.34802,0.953347,3.848973,6.396242,4.127970,0.622454,0.786499,7.74915
extract_mu030,3.35250,0.954924,3.559621,6.295816,1.786859,0.622655,0.787305,7.77170
extract_mu030,3.35702,0.956510,3.442631,6.266252,2.261456,0.622676,0.787896,7.79141
extract_mu030,3.36150,0.958078,3.508871,6.326097,3.293470,0.622450,0.787719,7.79181
extract_mu030,3.36602,0.959655,3.612769,6.354108,7.657270,0.621737,0.786040,7.75448
extract_mu030,3.37051,0.961217,3.604574,6.321626,0.661437,0.621239,0.784715,7.72263
extract_mu030,3.37502,0.962782,3.599697,6.282999,4.838842,0.622339,0.785993,7.73033
extract_mu030,3.37951,0.964336,3.740652,6.316697,1.451007,0.623435,0.787266,7.73800
extract_mu030,3.38402,0.965892,4.069523,6.386731,2.866670,0.622040,0.784809,7.70128
extract_mu030,3.38851,0.967436,4.428841,6.356901,7.325260,0.620360,0.781927,7.65956
extract_mu030,3.39300,0.968977,4.644676,6.267708,1.408490,0.621167,0.783618,7.69163
extract_mu030,3.39751,0.970519,4.693119,6.240986,5.754230,0.623197,0.787560,7.76004
extract_mu030,3.40200,0.972050,4.565586,6.300283,6.736720,0.623077,0.787763,7.77016
extract_mu030,3.40651,0.973583,4.270654,6.360326,4.754620,0.620327,0.783398,7.70915
extract_mu030,3.41100,0.975105,3.920217,6.322639,2.624985,0.618995,0.781368,7.68381
extract_mu030,3.41552,0.976632,3.700741,6.272360,2.195796,0.622475,0.787261,7.77971
extract_mu030,3.42000,0.978141,3.639016,6.306696,3.288451,0.625882,0.793034,7.87364
extract_mu030,3.42452,0.979660,3.611076,6.364914,5.859210,0.621168,0.785376,7.75284
extract_mu030,3.42901,0.981163,3.450505,6.358296,5.438780,0.616484,0.777770,7.63276
extract_mu030,3.43352,0.982668,3.206432,6.266628,0.855253,0.619943,0.783203,7.70897
extract_mu030,3.43801,0.984162,3.115781,6.210798,3.401878,0.625612,0.792174,7.83841
extract_mu030,3.44252,0.985658,3.247277,6.287846,1.333349,0.624348,0.789580,7.78711
extract_mu030,3.44701,0.987143,3.480977,6.384972,5.828580,0.617738,0.778072,7.59650
extract_mu030,3.45152,0.988629,3.568227,6.379870,5.556080,0.615787,0.774594,7.53996
extract_mu030,3.45601,0.990104,3.485327,6.291268,2.906612,0.622812,0.786593,7.74193
extract_mu030,3.46052,0.991581,3.430775,6.233386,1.810577,0.628196,0.795872,7.90001
extract_mu030,3.46501,0.993047,3.544226,6.286760,1.246379,0.620828,0.783988,7.71764
extract_mu030,3.46952,0.994514,3.802641,6.347768,4.918420,0.613426,0.772051,7.53429
extract_mu030,3.47401,0.995970,4.010558,6.314301,7.321360,0.618890,0.781586,7.69130
extract_mu030,3.47850,0.997422,4.077571,6.249527,4.099125,0.625881,0.793669,7.88855
extract_mu030,3.48301,0.998875,4.085113,6.249447,3.422094,0.623875,0.790290,7.83572
extract_mu030,3.48750,1.000316,4.099581,6.336479,4.564540,0.617415,0.779253,7.65897
extract_mu030,3.49202,1.001763,4.112134,6.385429,3.510240,0.616379,0.777333,7.62628
extract_mu030,3.49651,1.003194,4.091086,6.306887,4.104150,0.622044,0.786678,7.77171
extract_mu030,3.50102,1.004628,4.064663,6.218074,3.963985,0.625454,0.792219,7.85480
extract_mu030,3.50550,1.006047,4.069726,6.225522,2.555412,0.621126,0.784719,7.72457
extract_mu030,3.51002,1.007473,4.081088,6.315094,5.357460,0.616803,0.777225,7.59429
extract_mu030,3.51451,1.008886,4.032023,6.370210,3.253650,0.619610,0.781798,7.65944
extract_mu030,3.51902,1.010299,3.945430,6.307423,2.898765,0.622430,0.786392,7.72487
extract_mu030,3.52351,1.011702,3.894295,6.242563,3.726355,0.622322,0.786405,7.73319
extract_mu030,3.52802,1.013105,3.869849,6.275199,2.398511,0.621403,0.785149,7.72574
extract_mu030,3.53251,1.014498,3.780162,6.349578,7.596450,0.620223,0.783579,7.70834
extract_mu030,3.53702,1.015892,3.521485,6.361250,3.854360,0.618830,0.781751,7.68301
extract_mu030,3.54151,1.017274,3.206910,6.269543,1.989193,0.619116,0.782526,7.70335
extract_mu030,3.54600,1.018652,3.051081,6.201981,0.603012,0.622678,0.788380,7.81284
extract_mu030,3.55051,1.020030,3.090583,6.262928,2.535225,0.625197,0.792459,7.88964
extract_mu030,3.55500,1.021398,3.186551,6.368394,6.647910,0.619655,0.782818,7.71422
extract_mu030,3.55952,1.022769,3.118362,6.393203,7.339490,0.614076,0.773112,7.53747
extract_mu030,3.56400,1.024123,2.892367,6.298322,0.349033,0.619687,0.782254,7.68576
extract_mu030,3.56852,1.025485,2.760106,6.206115,1.106384,0.626664,0.793694,7.87343
extract_mu030,3.57300,1.026829,2.821555,6.245125,0.690921,0.623892,0.788805,7.79282
extract_mu030,3.57752,1.028180,2.981119,6.337653,5.506520,0.616337,0.775904,7.58041
extract_mu030,3.58201,1.029517,2.999220,6.357860,7.175840,0.615497,0.774531,7.55759
extract_mu030,3.58652,1.030855,2.831836,6.286877,0.068287,0.622820,0.787175,7.76527
extract_mu030,3.59101,1.032182,2.722831,6.222438,1.590503,0.627004,0.794561,7.88831
extract_mu030,3.59552,1.033509,2.826831,6.276906,0.308406,0.620650,0.784301,7.72777
extract_mu030,3.60001,1.034826,3.108229,6.372770,4.525710,0.614388,0.774192,7.56951
extract_mu030,3.60452,1.036143,3.313561,6.368282,8.574420,0.618999,0.782076,7.70107
extract_mu030,3.60901,1.037449,3.306283,6.271544,0.352753,0.623589,0.789925,7.83196
extract_mu030,3.61352,1.038756,3.259339,6.196421,2.189864,0.622686,0.788353,7.80318
extract_mu030,3.61801,1.040051,3.330298,6.249478,2.355392,0.620273,0.784191,7.73050
extract_mu030,3.62250,1.041342,3.545985,6.361353,4.148440,0.619281,0.782184,7.69140
extract_mu030,3.62702,1.042636,3.750475,6.373763,8.239050,0.619403,0.781862,7.67851
extract_mu030,3.63151,1.043916,3.804998,6.292318,0.570092,0.620236,0.782851,7.69107
extract_mu030,3.63602,1.045196,3.797612,6.228030,4.098879,0.622465,0.786396,7.75313
extract_mu030,3.64050,1.046463,3.828500,6.267164,3.101277,0.623932,0.788714,7.79455
extract_mu030,3.64502,1.047736,3.924629,6.354993,3.273620,0.619670,0.781793,7.68098
extract_mu030,3.64951,1.048995,4.000688,6.344790,6.068790,0.615437,0.774918,7.56810
extract_mu030,3.65402,1.050254,3.991991,6.259563,0.479729,0.620151,0.783046,7.70645
extract_mu030,3.65851,1.051503,3.963811,6.225774,6.147800,0.625885,0.792882,7.87327
extract_mu030,3.66302,1.052752,3.956207,6.290225,2.616392,0.623046,0.788432,7.79986
extract_mu030,3.66751,1.053990,3.956997,6.379699,4.304320,0.616094,0.777124,7.61102
extract_mu030,3.67202,1.055228,3.916271,6.354542,3.611670,0.615623,0.776541,7.60122
extract_mu030,3.67651,1.056455,3.855017,6.246097,0.854420,0.622985,0.788919,7.80778
extract_mu030,3.68102,1.057683,3.833299,6.207737,5.749550,0.626994,0.795569,7.91930
extract_mu030,3.68551,1.058899,3.828887,6.274757,2.258585,0.619800,0.783083,7.71375
extract_mu030,3.69002,1.060116,3.763145,6.362346,6.148690,0.612638,0.770650,7.50879
extract_mu030,3.69451,1.061322,3.584171,6.346700,2.687622,0.619266,0.781387,7.67331
extract_mu030,3.69900,1.062522,3.427444,6.252893,0.872317,0.625895,0.792124,7.83771
extract_mu030,3.70351,1.063723,3.400418,6.233751,5.107960,0.623353,0.787848,7.76733
extract_mu030,3.70800,1.064913,3.447216,6.306414,1.563516,0.618218,0.779328,7.63055
extract_mu030,3.71252,1.066105,3.424100,6.368950,6.733730,0.617744,0.778786,7.62770
extract_mu030,3.71701,1.067284,3.235380,6.328317,1.662111,0.620966,0.784565,7.73090
extract_mu030,3.72152,1.068463,3.063938,6.221566,0.199926,0.622787,0.787963,7.79182
extract_mu030,3.72601,1.069631,3.075253,6.208876,3.846615,0.621833,0.786644,7.76900
extract_mu030,3.73052,1.070799,3.211485,6.308880,0.686895,0.620794,0.785151,7.74387
extract_mu030,3.73501,1.071957,3.279860,6.387901,7.522160,0.619148,0.782394,7.70224
extract_mu030,3.73952,1.073114,3.126154,6.353802,2.063724,0.617494,0.779625,7.66042
extract_mu030,3.74401,1.074260,2.933584,6.245551,1.389621,0.620893,0.785150,7.74880
extract_mu030,3.74852,1.075406,2.922538,6.216790,1.377200,0.624910,0.791689,7.85305
extract_mu030,3.75301,1.076542,3.113555,6.303617,0.697017,0.622273,0.786984,7.77133
extract_mu030,3.75752,1.077677,3.323727,6.370953,7.853100,0.616370,0.776759,7.59818
extract_mu030,3.76201,1.078802,3.321089,6.335797,4.623010,0.616321,0.776399,7.58939
extract_mu030,3.76650,1.079921,3.181309,6.243483,1.575019,0.623424,0.788090,7.78134
extract_mu030,3.77101,1.081040,3.118012,6.226641,0.122905,0.627222,0.794331,7.88314
extract_mu030,3.77550,1.082148,3.230286,6.322095,1.828563,0.619622,0.781775,7.67452
extract_mu030,3.78001,1.083256,3.419443,6.382806,7.610820,0.612054,0.769276,7.46667
extract_mu030,3.78451,1.084355,3.468061,6.326016,5.921070,0.619227,0.781981,7.68774
extract_mu030,3.78902,1.085452,3.396796,6.225461,2.473530,0.626417,0.794714,7.90906
extract_mu030,3.79350,1.086536,3.378304,6.205293,0.309594,0.623201,0.789406,7.82400
extract_mu030,3.79802,1.087624,3.508812,6.304576,2.866748,0.617070,0.779050,7.65316
extract_mu030,3.80251,1.088699,3.718914,6.379413,6.166910,0.616945,0.778670,7.64572
extract_mu030,3.80702,1.089773,3.826262,6.330400,6.638570,0.621487,0.786044,7.76531
extract_mu030,3.81151,1.090838,3.810917,6.242549,3.628398,0.623656,0.789418,7.81641
extract_mu030,3.81602,1.091901,3.781875,6.228215,0.304892,0.621223,0.785036,7.73470
extract_mu030,3.82051,1.092954,3.804019,6.310139,5.358700,0.619116,0.781217,7.66358
extract_mu030,3.82502,1.094006,3.840944,6.362049,4.818220,0.619387,0.781504,7.66993
extract_mu030,3.82951,1.095048,3.833273,6.297730,6.184560,0.619657,0.781789,7.67624
extract_mu030,3.83400,1.096085,3.809077,6.222528,2.309834,0.621392,0.784662,7.72902
extract_mu030,3.83851,1.097120,3.838087,6.238858,1.641810,0.623309,0.787857,7.78756
extract_mu030,3.84300,1.098146,3.917940,6.334882,7.053530,0.621335,0.784911,7.74157
extract_mu030,3.84752,1.099172,3.968991,6.384192,5.063580,0.617440,0.778932,7.64400
extract_mu030,3.85200,1.100184,3.971334,6.301871,4.538550,0.617731,0.779808,7.65981
extract_mu030,3.85652,1.101200,3.998632,6.212234,3.420573,0.623144,0.789079,7.81447
extract_mu030,3.86100,1.102201,4.074382,6.234111,1.932927,0.625845,0.793755,7.89188
extract_mu030,3.86552,1.103205,4.132601,6.323870,7.372530,0.619449,0.783013,7.71033
extract_mu030,3.87001,1.104197,4.064357,6.361453,4.818360,0.613176,0.772475,7.53200
extract_mu030,3.87452,1.105188,3.939370,6.289520,1.813848,0.620357,0.783700,7.71063
extract_mu030,3.87901,1.106168,3.961841,6.232324,4.337746,0.627506,0.794876,7.88833
extract_mu030,3.88352,1.107148,4.176508,6.289667,1.514767,0.623448,0.787917,7.77181
extract_mu030,3.88801,1.108118,4.477082,6.365328,6.364190,0.616341,0.776026,7.57516
extract_mu030,3.89250,1.109082,4.645621,6.347281,6.153390,0.617342,0.777619,7.60143
extract_mu030,3.89701,1.110044,4.677422,6.249648,4.141682,0.624720,0.789815,7.80295
extract_mu030,3.90150,1.110997,4.735847,6.216594,4.910766,0.627197,0.793920,7.87215
extract_mu030,3.90601,1.111949,4.896221,6.310163,2.484096,0.620134,0.782281,7.68410
extract_mu030,3.91050,1.112890,5.092850,6.377480,5.681130,0.614759,0.773451,7.54146
extract_mu030,3.91502,1.113833,5.132946,6.335420,4.919370,0.622058,0.785741,7.74119
extract_mu030,3.91950,1.114761,4.984851,6.265387,8.531160,0.629293,0.797923,7.93897
extract_mu030,3.92402,1.115692,4.669449,6.286419,1.818465,0.623912,0.789080,7.79757
extract_mu030,3.92851,1.116611,4.222169,6.393531,5.859510,0.617078,0.777814,7.61694
extract_mu030,3.93302,1.117529,3.675368,6.436774,2.092793,0.619966,0.782171,7.67241
extract_mu030,3.93751,1.118437,3.226698,6.411149,2.070574,0.627525,0.794038,7.84135
extract_mu030,3.94202,1.119344,3.073763,6.391918,2.928547,0.628093,0.794790,7.85011
extract_mu030,3.94651,1.120241,3.254190,6.402179,1.916971,0.620215,0.782116,7.66541
extract_mu030,3.95102,1.121136,3.660985,6.406499,4.765220,0.615866,0.775094,7.56459
extract_mu030,3.95551,1.122022,4.056355,6.355569,3.893610,0.623334,0.786993,7.74502
extract_mu030,3.96000,1.122902,4.308181,6.333791,6.912780,0.630728,0.798771,7.92333
extract_mu030,3.96451,1.123780,4.349283,6.402918,0.240372,0.623552,0.786758,7.72028
extract_mu030,3.96900,1.124649,4.185131,6.473060,6.903620,0.616407,0.774799,7.51793
extract_mu030,3.97352,1.125518,3.876492,6.428971,2.483109,0.620288,0.781702,7.64247
extract_mu030,3.97801,1.126376,3.638510,6.292980,0.583245,0.627178,0.793753,7.85598
extract_mu030,3.98252,1.127232,3.651532,6.217483,4.012968,0.626475,0.792808,7.85349
extract_mu030,3.98701,1.128078,3.903920,6.271391,0.999564,0.619903,0.781817,7.68387
extract_mu030,3.99152,1.128923,4.250248,6.363100,7.634830,0.617708,0.778049,7.62039
extract_mu030,3.99601,1.129758,4.453529,6.383877,5.664040,0.623952,0.788213,7.76179
extract_mu030,4.00052,1.130592,4.490057,6.358493,5.985160,0.628749,0.796005,7.86901
extract_mu030,4.00501,1.131416,4.426380,6.381978,0.541954,0.622821,0.786219,7.72358
extract_mu030,4.00950,1.132235,4.333847,6.432433,6.152090,0.616894,0.776433,7.57806
extract_mu030,4.01402,1.133053,4.223470,6.392390,5.808270,0.621205,0.784281,7.71125
extract_mu030,4.01851,1.133860,4.125541,6.282692,1.991044,0.626687,0.794143,7.87610
extract_mu030,4.02302,1.134666,4.114033,6.230975,4.335562,0.624945,0.790980,7.82171
extract_mu030,4.02750,1.135460,4.193606,6.296761,3.380142,0.619746,0.781586,7.66239
extract_mu030,4.03202,1.136256,4.311606,6.403884,6.398100,0.619056,0.779925,7.62377
extract_mu030,4.03651,1.137041,4.350598,6.413776,6.185380,0.623971,0.787883,7.73559
extract_mu030,4.04102,1.137825,4.324684,6.358286,2.903818,0.626753,0.792389,7.80082
extract_mu030,4.04551,1.138599,4.268859,6.351029,3.089310,0.622404,0.785349,7.71036
extract_mu030,4.05002,1.139370,4.172613,6.379149,6.592250,0.618074,0.778345,7.62042
extract_mu030,4.05451,1.140133,3.993976,6.352480,6.033310,0.621908,0.785512,7.73519
extract_mu030,4.05900,1.140891,3.795629,6.263331,2.096838,0.625741,0.792680,7.84990
extract_mu030,4.06351,1.141646,3.741991,6.229344,4.677974,0.624031,0.789429,7.79631
extract_mu030,4.06800,1.142392,3.877971,6.319432,0.146797,0.620801,0.783321,7.69655
extract_mu030,4.07252,1.143138,4.135345,6.431572,5.979810,0.620770,0.783101,7.68448
extract_mu030,4.07701,1.143873,4.311155,6.424037,6.304470,0.623273,0.787546,7.74203
extract_mu030,4.08152,1.144606,4.347972,6.321042,3.355454,0.624378,0.789610,7.76966
extract_mu030,4.08601,1.145330,4.320251,6.265001,3.717764,0.622722,0.786964,7.73812
extract_mu030,4.09052,1.146052,4.271776,6.309416,4.070280,0.621357,0.784774,7.71242
extract_mu030,4.09501,1.146765,4.199997,6.350197,4.430030,0.622261,0.786150,7.73225
extract_mu030,4.09950,1.147473,4.095270,6.321846,4.175140,0.623166,0.787526,7.75207
extract_mu030,4.10401,1.148178,4.029479,6.300894,5.655070,0.623164,0.787047,7.73114
extract_mu030,4.10852,1.148878,4.037170,6.352492,1.076864,0.623049,0.786337,7.70512
extract_mu030,4.11301,1.149569,4.098850,6.430576,4.912930,0.622338,0.785365,7.69338
extract_mu030,4.11750,1.150255,4.125061,6.408469,4.343250,0.621335,0.784264,7.68859
extract_mu030,4.12202,1.150939,4.102361,6.290084,0.130003,0.621655,0.785202,7.71595
extract_mu030,4.12650,1.151613,4.108141,6.229108,6.322200,0.623600,0.788637,7.78246
extract_mu030,4.13102,1.152286,4.145065,6.286141,2.444028,0.624431,0.790152,7.81397
extract_mu030,4.13551,1.152950,4.171878,6.367841,5.189570,0.621429,0.785058,7.72485
extract_mu030,4.14002,1.153612,4.110896,6.361087,4.131820,0.618449,0.779998,7.63621
extract_mu030,4.14451,1.154264,4.028148,6.303690,3.155903,0.622475,0.786380,7.73035
extract_mu030,4.14902,1.154915,4.002989,6.315684,4.038800,0.626519,0.792790,7.82487
extract_mu030,4.15351,1.155557,4.044769,6.390656,4.287830,0.623221,0.787439,7.74527
extract_mu030,4.15800,1.156194,4.087132,6.405533,5.497040,0.617892,0.778837,7.61745
extract_mu030,4.16252,1.156829,4.063493,6.315457,3.091088,0.618926,0.780677,7.64903
extract_mu030,4.16700,1.157454,4.054681,6.232447,4.627420,0.624969,0.790737,7.80598
extract_mu030,4.17151,1.158077,4.113915,6.269122,0.319946,0.626646,0.793506,7.84710
extract_mu030,4.17600,1.158692,4.237834,6.373049,4.905670,0.619656,0.781802,7.65846
extract_mu030,4.18052,1.159306,4.318923,6.391061,6.250160,0.614295,0.772833,7.51411
extract_mu030,4.18501,1.159910,4.307046,6.310025,0.590265,0.621647,0.785182,7.71623
extract_mu030,4.18952,1.160512,4.278629,6.259254,5.364670,0.629032,0.797586,7.91905
extract_mu030,4.19401,1.161106,4.259680,6.306273,3.806550,0.622729,0.787170,7.76059
extract_mu030,4.19852,1.161697,4.243606,6.367166,4.955000,0.614784,0.774017,7.55866
extract_mu030,4.20301,1.162280,4.180571,6.330417,6.008340,0.617633,0.778741,7.63525
extract_mu030,4.20752,1.162860,4.115615,6.252910,1.676455,0.625776,0.792234,7.84832
extract_mu030,4.21201,1.163433,4.117094,6.259308,3.670072,0.626578,0.793461,7.86335
extract_mu030,4.21650,1.164000,4.175483,6.351717,5.840740,0.618432,0.779737,7.63696
extract_mu030,4.22102,1.164565,4.215909,6.401588,6.126830,0.613919,0.772112,7.51109
extract_mu030,4.22551,1.165122,4.171203,6.327071,4.246170,0.621916,0.785479,7.73182
extract_mu030,4.23002,1.165676,4.115432,6.239573,4.676963,0.629858,0.798756,7.95081
extract_mu030,4.23451,1.166222,4.097974,6.263568,0.090480,0.622468,0.786433,7.74811
extract_mu030,4.23902,1.166765,4.117110,6.357673,5.405390,0.615046,0.774055,7.54432
extract_mu030,4.24351,1.167301,4.091842,6.386079,5.092770,0.618732,0.780079,7.64160
extract_mu030,4.24802,1.167833,4.010230,6.314431,2.624678,0.625512,0.791228,7.82262
extract_mu030,4.25251,1.168359,3.970830,6.263940,5.683400,0.625421,0.791121,7.82096
extract_mu030,4.25702,1.168881,4.010696,6.317928,0.793835,0.619939,0.782184,7.67602
extract_mu030,4.26151,1.169396,4.112787,6.395301,5.957730,0.617722,0.778701,7.61940
extract_mu030,4.26600,1.169906,4.166409,6.367991,6.311140,0.621842,0.785808,7.73443
extract_mu030,4.27052,1.170414,4.156190,6.263845,1.326189,0.625220,0.791624,7.82841
extract_mu030,4.27500,1.170912,4.164608,6.227072,4.668949,0.622794,0.787354,7.75826
extract_mu030,4.27952,1.171410,4.211450,6.307417,4.778730,0.620346,0.783045,7.68745
extract_mu030,4.28401,1.171899,4.264483,6.386740,4.543720,0.620890,0.783937,7.70035
extract_mu030,4.28852,1.172385,4.245607,6.346298,5.561500,0.621785,0.785438,7.72305
extract_mu030,4.29301,1.172864,4.191746,6.254390,2.376017,0.622615,0.786817,7.74626
extract_mu030,4.29752,1.173340,4.172752,6.245881,3.043550,0.623418,0.788146,7.76986
extract_mu030,4.30201,1.173809,4.194019,6.331119,4.892770,0.622684,0.786913,7.75286
extract_mu030,4.30652,1.174275,4.200415,6.380359,4.599900,0.620064,0.782541,7.68614
extract_mu030,4.31101,1.174734,4.148610,6.315955,3.850230,0.618970,0.780719,7.66033
extract_mu030,4.31552,1.175190,4.105135,6.244736,5.427120,0.623042,0.787537,7.77317
extract_mu030,4.32001,1.175638,4.106798,6.279033,1.416177,0.627042,0.794235,7.88397
extract_mu030,4.32452,1.176084,4.137437,6.378595,4.623670,0.621210,0.784551,7.72701
extract_mu030,4.32902,1.176524,4.121318,6.400178,4.624160,0.615391,0.774889,7.57029
extract_mu030,4.33350,1.176957,4.050537,6.307051,2.130367,0.619529,0.781846,7.68810
extract_mu030,4.33802,1.177389,4.023621,6.236548,5.880760,0.626467,0.793475,7.88298
extract_mu030,4.34250,1.177812,4.061018,6.283093,0.784599,0.624953,0.790997,7.84212
extract_mu030,4.34702,1.178234,4.131313,6.373232,5.409240,0.616812,0.777456,7.61633
extract_mu030,4.35151,1.178648,4.137031,6.368363,5.604420,0.614337,0.773301,7.54581
extract_mu030,4.35602,1.179060,4.083511,6.273577,0.407636,0.622838,0.787332,7.77634
extract_mu030,4.36051,1.179464,4.069330,6.234029,5.721210,0.629313,0.798010,7.95116
extract_mu030,4.36502,1.179866,4.107241,6.310910,3.083668,0.620675,0.783680,7.71212
extract_mu030,4.36951,1.180261,4.161149,6.394562,5.073640,0.612075,0.769414,7.47388
extract_mu030,4.37400,1.180651,4.143925,6.358218,5.905170,0.618579,0.780340,7.65120
extract_mu030,4.37852,1.181039,4.084386,6.252006,1.695979,0.626937,0.794359,7.87932
extract_mu030,4.38300,1.181419,4.069445,6.226606,3.961911,0.624788,0.790707,7.82138
extract_mu030,4.38752,1.181797,4.113614,6.315319,4.867940,0.617494,0.778400,7.62328
extract_mu030,4.39201,1.182168,4.170868,6.388642,4.463460,0.616290,0.776339,7.58890
extract_mu030,4.39652,1.182537,4.163453,6.338977,5.943980,0.622482,0.786723,7.75343
extract_mu030,4.40101,1.182898,4.126992,6.246520,2.873015,0.626263,0.793074,7.85369
extract_mu030,4.40552,1.183257,4.125466,6.248323,2.597163,0.621935,0.785856,7.73808
extract_mu030,4.41001,1.183609,4.169721,6.342352,6.089830,0.617663,0.778731,7.62393
extract_mu030,4.41450,1.183957,4.202243,6.388114,5.704420,0.620210,0.783037,7.69551
extract_mu030,4.41902,1.184303,4.169439,6.311511,4.358870,0.622775,0.787371,7.76754
extract_mu030,4.42350,1.184641,4.125376,6.226968,4.201213,0.623023,0.787732,7.76853
extract_mu030,4.42801,1.184976,4.118290,6.257585,0.601597,0.622636,0.787005,7.75001
extract_mu030,4.43250,1.185306,4.151549,6.365187,5.468640,0.621450,0.785004,7.71598
extract_mu030,4.43702,1.185633,4.147033,6.397095,4.821630,0.619622,0.781982,7.66941
extract_mu030,4.44151,1.185954,4.076674,6.306508,3.566580,0.619685,0.782136,7.67550
extract_mu030,4.44602,1.186271,4.022750,6.230191,5.672720,0.623423,0.788469,7.78405
extract_mu030,4.45051,1.186583,4.022153,6.272930,0.103390,0.626028,0.792905,7.86107
extract_mu030,4.45502,1.186891,4.068889,6.370537,4.998200,0.620202,0.783240,7.70405
extract_mu030,4.45951,1.187194,4.073601,6.377606,5.127080,0.614401,0.773618,7.54761
extract_mu030,4.46400,1.187492,4.026371,6.281845,0.124614,0.620050,0.783059,7.70359
extract_mu030,4.46851,1.187787,4.014279,6.229091,6.609790,0.627088,0.794812,7.89731
extract_mu030,4.47302,1.188078,4.046386,6.296137,2.175697,0.623737,0.789138,7.80451
extract_mu030,4.47752,1.188364,4.094010,6.389085,4.368020,0.615368,0.775046,7.57316
extract_mu030,4.48201,1.188645,4.078441,6.369057,4.735070,0.614708,0.773879,7.55460
extract_mu030,4.48652,1.188923,4.021631,6.260352,0.887011,0.623446,0.788465,7.79546
extract_mu030,4.49100,1.189195,4.013761,6.218701,5.306610,0.628223,0.796427,7.92678
extract_mu030,4.49552,1.189465,4.057474,6.298908,3.533610,0.619639,0.782045,7.68928
extract_mu030,4.50001,1.189729,4.107753,6.387409,5.315990,0.611212,0.767925,7.45584
extract_mu030,4.50452,1.189989,4.084020,6.356069,6.849170,0.619214,0.781411,7.67638
extract_mu030,4.50901,1.190245,4.021402,6.254887,1.010905,0.627181,0.794837,7.89570
extract_mu030,4.51352,1.190498,4.003847,6.235105,3.715344,0.623813,0.789180,7.80097
extract_mu030,4.51801,1.190745,4.033262,6.325833,5.695480,0.617346,0.778306,7.62029
extract_mu030,4.52250,1.190988,4.058140,6.397764,4.975000,0.617273,0.778167,7.61424
extract_mu030,4.52702,1.191229,4.013875,6.343276,6.113740,0.622241,0.786493,7.74589
extract_mu030,4.53150,1.191464,3.954065,6.241965,2.141563,0.624590,0.790424,7.80788
extract_mu030,4.53602,1.191696,3.951187,6.238617,1.617488,0.621881,0.785867,7.73545
extract_mu030,4.54051,1.191923,4.002812,6.335415,6.086040,0.619569,0.781980,7.67401
extract_mu030,4.54502,1.192148,4.038013,6.392148,5.293600,0.620097,0.782890,7.69169
extract_mu030,4.54951,1.192367,3.999497,6.322725,5.542530,0.620623,0.783796,7.70928
extract_mu030,4.55402,1.192583,3.953136,6.231120,3.564571,0.622243,0.786517,7.75111
extract_mu030,4.55851,1.192794,3.954016,6.250691,1.010232,0.623983,0.789437,7.79557
extract_mu030,4.56302,1.193003,3.992442,6.356684,5.641090,0.621787,0.785743,7.73648
extract_mu030,4.56751,1.193207,3.991904,6.400008,4.823390,0.617700,0.778870,7.62757
extract_mu030,4.57200,1.193407,3.922177,6.317875,2.234731,0.618016,0.779381,7.64104
extract_mu030,4.57652,1.193604,3.870849,6.233535,5.587790,0.623775,0.789021,7.80581
extract_mu030,4.58100,1.193796,3.877836,6.264776,0.888298,0.626482,0.793552,7.88495
extract_mu030,4.58552,1.193986,3.925438,6.364401,3.703660,0.618939,0.780925,7.67690
extract_mu030,4.59001,1.194171,3.925602,6.385911,3.337030,0.611539,0.768537,7.47254
extract_mu030,4.59452,1.194353,3.864526,6.293899,1.168626,0.619781,0.782403,7.69891
extract_mu030,4.59901,1.194531,3.841764,6.224910,7.436160,0.627986,0.796208,7.92403
extract_mu030,4.60350,1.194705,3.879950,6.275688,0.818917,0.622951,0.787844,7.78510
extract_mu030,4.60802,1.194877,3.946173,6.374464,4.238500,0.614194,0.773249,7.54360
extract_mu030,4.61251,1.195044,3.948667,6.377474,3.079919,0.615096,0.774764,7.56716
extract_mu030,4.61702,1.195208,3.894100,6.277633,0.371934,0.623517,0.788819,7.79697
extract_mu030,4.62151,1.195368,3.883711,6.221926,6.938840,0.626594,0.793906,7.88064
extract_mu030,4.62602,1.195525,3.925596,6.287882,0.801492,0.619308,0.781605,7.68123
extract_mu030,4.63051,1.195678,3.975828,6.383445,4.126140,0.613607,0.771980,7.52463
extract_mu030,4.63500,1.195828,3.949460,6.370889,5.493010,0.619684,0.782242,7.68726
extract_mu030,4.63951,1.195975,3.874746,6.268355,0.051381,0.625787,0.792549,7.85049
extract_mu030,4.64400,1.196118,3.854884,6.226537,5.779850,0.622842,0.787752,7.76458
extract_mu030,4.64852,1.196259,3.886370,6.301479,4.061890,0.618796,0.781117,7.64826
extract_mu030,4.65301,1.196395,3.913481,6.384277,5.191940,0.618820,0.781061,7.64744
extract_mu030,4.65750,1.196528,3.860223,6.351695,6.239230,0.620813,0.784186,7.70251
extract_mu030,4.66201,1.196659,3.774519,6.249482,0.142313,0.622077,0.786164,7.73966
extract_mu030,4.66652,1.196786,3.757240,6.226920,2.297676,0.622429,0.786704,7.75438
extract_mu030,4.67101,1.196910,3.804603,6.315236,5.655080,0.622078,0.786127,7.74833
extract_mu030,4.67551,1.197031,3.849040,6.390437,6.133290,0.619330,0.781739,7.67147
extract_mu030,4.68002,1.197149,3.812392,6.344572,7.896570,0.616616,0.777406,7.59556
extract_mu030,4.68451,1.197264,3.749278,6.247816,0.015071,0.621201,0.785126,7.72863
extract_mu030,4.68902,1.197376,3.746782,6.244058,0.650591,0.625806,0.792880,7.86221
extract_mu030,4.69351,1.197484,3.799812,6.340721,6.771620,0.621703,0.785924,7.74997
extract_mu030,4.69800,1.197590,3.832720,6.403585,6.970930,0.615197,0.774908,7.56976
extract_mu030,4.70252,1.197693,3.786800,6.343410,6.184740,0.616531,0.777048,7.60538
extract_mu030,4.70700,1.197793,3.732399,6.251502,1.775962,0.624044,0.789557,7.81099
extract_mu030,4.71152,1.197890,3.738478,6.260846,0.364200,0.626200,0.793135,7.87056
extract_mu030,4.71601,1.197984,3.791270,6.355592,6.663440,0.617759,0.779045,7.64129
extract_mu030,4.72052,1.198076,3.805827,6.397741,5.639480,0.611249,0.768181,7.46440
extract_mu030,4.72501,1.198165,3.744683,6.321122,3.907710,0.619709,0.782314,7.69484
extract_mu030,4.72952,1.198251,3.696693,6.236204,3.975160,0.628206,0.796510,7.92606
extract_mu030,4.73401,1.198334,3.716235,6.262297,1.392534,0.622184,0.786459,7.75741
extract_mu030,4.73850,1.198415,3.781654,6.359506,4.821400,0.614439,0.773533,7.54116
extract_mu030,4.74302,1.198494,3.796691,6.386263,3.824170,0.616483,0.777013,7.59720
extract_mu030,4.74751,1.198569,3.735469,6.299245,1.437877,0.623253,0.788416,7.78468
extract_mu030,4.75202,1.198643,3.697840,6.224847,7.116030,0.624710,0.790868,7.82649
extract_mu030,4.75651,1.198713,3.727306,6.267829,1.394113,0.619734,0.782483,7.69198
extract_mu030,4.76100,1.198782,3.800885,6.366080,3.209530,0.616610,0.777179,7.60802
extract_mu030,4.76552,1.198848,3.816688,6.379523,2.759376,0.619809,0.782388,7.69678
extract_mu030,4.77001,1.198911,3.761795,6.289135,0.121813,0.622961,0.787521,7.78421
extract_mu030,4.77452,1.198973,3.735002,6.230747,8.014610,0.622064,0.786131,7.75923
extract_mu030,4.77901,1.199031,3.767599,6.290350,1.060064,0.621171,0.784746,7.73435
extract_mu030,4.78350,1.199088,3.831278,6.385294,2.591357,0.619858,0.782745,7.69707
extract_mu030,4.78802,1.199143,3.828557,6.381497,3.856990,0.618419,0.780559,7.65610
extract_mu030,4.79250,1.199195,3.761684,6.285382,1.913271,0.619742,0.782766,7.69288
extract_mu030,4.79702,1.199245,3.727076,6.239465,7.147150,0.623246,0.788445,7.79104
extract_mu030,4.80151,1.199293,3.746791,6.308613,1.579927,0.623668,0.789028,7.80424
extract_mu030,4.80602,1.199339,3.783724,6.392686,3.234010,0.618120,0.779734,7.65283
extract_mu030,4.81051,1.199383,3.748320,6.369118,4.934370,0.614016,0.772866,7.54076
extract_mu030,4.81500,1.199425,3.664285,6.270770,0.429078,0.620742,0.784189,7.72431
extract_mu030,4.81951,1.199466,3.629192,6.241619,3.876487,0.627497,0.795562,7.90852
extract_mu030,4.82401,1.199504,3.658961,6.322561,3.341860,0.621103,0.784793,7.73073
extract_mu030,4.82852,1.199540,3.701878,6.397825,5.751090,0.613132,0.771368,7.50930
extract_mu030,4.83301,1.199575,3.670360,6.357985,6.848230,0.616063,0.776304,7.58995
extract_mu030,4.83750,1.199608,3.602459,6.259844,0.679434,0.624307,0.790188,7.81767
extract_mu030,4.84201,1.199639,3.587658,6.245135,1.746958,0.625290,0.791814,7.84436
extract_mu030,4.84650,1.199669,3.639528,6.332208,5.977600,0.617285,0.778262,7.62222
extract_mu030,4.85102,1.199697,3.692142,6.395896,6.386780,0.612733,0.770559,7.49577
extract_mu030,4.85551,1.199723,3.666253,6.344556,6.442410,0.620083,0.783011,7.69973
extract_mu030,4.86002,1.199748,3.611791,6.255206,0.420570,0.627393,0.795397,7.90240
extract_mu030,4.86451,1.199771,3.607401,6.260831,0.731551,0.621532,0.785511,7.73941
extract_mu030,4.86902,1.199793,3.663726,6.354470,6.384130,0.615644,0.775580,7.57556
extract_mu030,4.87352,1.199813,3.701529,6.402241,6.301580,0.617754,0.779120,7.63445
extract_mu030,4.87801,1.199832,3.657449,6.333325,5.781420,0.622070,0.786375,7.75475
extract_mu030,4.88252,1.199850,3.597617,6.246366,2.735788,0.622747,0.787570,7.77238
extract_mu030,4.88701,1.199866,3.590532,6.265472,0.413135,0.620602,0.784068,7.71049
extract_mu030,4.89152,1.199881,3.645918,6.360131,6.653100,0.619181,0.781740,7.67062
extract_mu030,4.89601,1.199895,3.673169,6.393329,5.474690,0.619165,0.781696,7.67361
extract_mu030,4.90050,1.199908,3.622717,6.316151,3.476200,0.619401,0.782064,7.68354
extract_mu030,4.90502,1.199920,3.569086,6.242334,4.591903,0.621571,0.785602,7.74697
extract_mu030,4.90950,1.199931,3.567324,6.280487,0.103699,0.623722,0.789108,7.80981
extract_mu030,4.91402,1.199941,3.622546,6.376434,4.286580,0.620099,0.783059,7.70970
extract_mu030,4.91851,1.199949,3.638637,6.394552,4.024650,0.615820,0.775924,7.59099
extract_mu030,4.92302,1.199957,3.586300,6.309979,1.010214,0.618313,0.780188,7.65769
extract_mu030,4.92751,1.199964,3.546628,6.248597,6.511500,0.624072,0.789951,7.81377
extract_mu030,4.93202,1.199970,3.558192,6.300156,0.426053,0.623919,0.789742,7.80741
extract_mu030,4.93652,1.199976,3.612382,6.389320,3.209860,0.616598,0.777446,7.60413
extract_mu030,4.94101,1.199981,3.611876,6.387637,4.055150,0.612778,0.770972,7.49761
extract_mu030,4.94552,1.199985,3.550042,6.295927,0.770814,0.620741,0.784091,7.71714
extract_mu030,4.95001,1.199988,3.516187,6.248357,6.075070,0.628568,0.796983,7.93273
extract_mu030,4.95452,1.199991,3.538914,6.313553,0.620062,0.620388,0.783238,7.71093
extract_mu030,4.95901,1.199993,3.594363,6.396183,3.219170,0.612244,0.769554,7.48989
extract_mu030,4.96350,1.199995,3.585120,6.376300,3.953520,0.616561,0.776974,7.60815
extract_mu030,4.96801,1.199997,3.524545,6.279363,1.207038,0.624363,0.790297,7.82114
extract_mu030,4.97250,1.199998,3.504000,6.244406,5.453790,0.624044,0.789839,7.81359
extract_mu030,4.97701,1.199999,3.544984,6.319329,1.667216,0.617357,0.778575,7.63309
extract_mu030,4.98150,1.199999,3.607639,6.394089,4.321400,0.614792,0.774218,7.56442
extract_mu030,4.98602,1.200000,3.599640,6.361701,4.574280,0.620281,0.783355,7.71445
extract_mu030,4.99051,1.200000,3.549074,6.269660,1.676240,0.624684,0.790688,7.83466
extract_mu030,4.99502,1.200000,3.537271,6.254266,3.457386,0.621152,0.784854,7.73784
extract_mu030,4.99951,1.200000,3.581085,6.338735,3.761290,0.617635,0.779046,7.64141
extract_mu030,5.00400,1.200000,3.630358,6.401716,4.407430,0.618678,0.780768,7.66577
extract_mu030,5.00852,1.200000,3.608996,6.353990,5.267030,0.620269,0.783395,7.70463
extract_mu030,5.01300,1.200000,3.560027,6.265592,2.119517,0.621187,0.784928,7.72953
extract_mu030,5.01751,1.200000,3.550198,6.267056,2.343979,0.621789,0.785947,7.74793
extract_mu030,5.02200,1.200000,3.589645,6.355680,5.500280,0.620858,0.784438,7.72442
extract_mu030,5.02652,1.200000,3.615883,6.402085,5.305620,0.618030,0.779805,7.64908
extract_mu030,5.03101,1.200000,3.571058,6.337925,4.417930,0.616887,0.777961,7.61973
extract_mu030,5.03552,1.200000,3.515610,6.254525,3.041872,0.621419,0.785505,7.74526
extract_mu030,5.04001,1.200000,3.506231,6.273732,0.365532,0.625870,0.792914,7.86850
extract_mu030,5.04452,1.200000,3.548777,6.367217,5.356530,0.619571,0.782332,7.69416
extract_mu030,5.04902,1.200000,3.564708,6.400611,5.224000,0.613285,0.771774,7.52007
extract_mu030,5.05350,1.200000,3.514658,6.326427,3.578920,0.617589,0.778902,7.63570
extract_mu030,5.05802,1.200000,3.477384,6.252487,4.207818,0.624870,0.791002,7.83261
extract_mu030,5.06250,1.200000,3.494288,6.287047,0.241137,0.623569,0.788805,7.79672
extract_mu030,5.06702,1.200000,3.555941,6.379218,5.068290,0.615539,0.775396,7.57819
extract_mu030,5.07151,1.200000,3.572084,6.396308,5.233570,0.612990,0.771146,7.50791
extract_mu030,5.07602,1.200000,3.522067,6.314133,1.443356,0.621055,0.784628,7.72486
extract_mu030,5.08051,1.200000,3.494580,6.252792,4.801404,0.627282,0.795039,7.89239
extract_mu030,5.08502,1.200000,3.520014,6.301660,1.151431,0.619836,0.782599,7.69352
extract_mu030,5.08951,1.200000,3.580510,6.387927,4.914060,0.612423,0.770214,7.49535
extract_mu030,5.09400,1.200000,3.584201,6.385149,4.800600,0.617453,0.778696,7.63119
extract_mu030,5.09852,1.200000,3.527575,6.294640,0.658379,0.624002,0.789728,7.80770
extract_mu030,5.10300,1.200000,3.499795,6.245958,4.550129,0.622860,0.787862,7.77378
extract_mu030,5.10752,1.200000,3.522850,6.307300,1.572600,0.617958,0.779689,7.63689
extract_mu030,5.11201,1.200000,3.570438,6.386104,4.644180,0.616721,0.777649,7.60139
extract_mu030,5.11652,1.200000,3.555855,6.365937,5.223680,0.619924,0.783039,7.68872
extract_mu030,5.12101,1.200000,3.497338,6.273231,0.319359,0.622136,0.786759,7.74976
extract_mu030,5.12552,1.200000,3.481120,6.242510,4.527610,0.621021,0.784883,7.72277
extract_mu030,5.13001,1.200000,3.515881,6.319342,3.338030,0.619913,0.783016,7.69592
extract_mu030,5.13450,1.200000,3.558681,6.394774,4.841330,0.618936,0.781364,7.67285
extract_mu030,5.13902,1.200000,3.532930,6.364436,5.144560,0.617954,0.779701,7.64962
extract_mu030,5.14350,1.200000,3.481367,6.276506,1.191804,0.620058,0.783168,7.70530
extract_mu030,5.14802,1.200000,3.480577,6.263518,3.107127,0.623038,0.788090,7.78334
extract_mu030,5.15250,1.200000,3.526509,6.346126,3.886080,0.621580,0.785695,7.74212
extract_mu030,5.15702,1.200000,3.559298,6.405593,4.562440,0.616631,0.777545,7.60698
extract_mu030,5.16151,1.200000,3.516543,6.356942,4.792230,0.615486,0.775693,7.57484
extract_mu030,5.16602,1.200000,3.461072,6.271136,3.188506,0.621729,0.786074,7.74279
extract_mu030,5.17051,1.200000,3.459625,6.274290,2.462465,0.626353,0.793738,7.86716
extract_mu030,5.17502,1.200000,3.508599,6.359927,4.621970,0.618906,0.781141,7.66752
extract_mu030,5.17952,1.200000,3.535516,6.401070,4.547590,0.611476,0.768572,7.46813
extract_mu030,5.18401,1.200000,3.487725,6.333808,2.946162,0.617699,0.778998,7.63908
extract_mu030,5.18852,1.200000,3.440295,6.250804,4.075797,0.625550,0.792168,7.85405
extract_mu030,5.19301,1.200000,3.446068,6.269345,1.399502,0.622827,0.787667,7.78190
extract_mu030,5.19752,1.200000,3.495931,6.358514,3.973800,0.614947,0.774549,7.56963
extract_mu030,5.20201,1.200000,3.505467,6.387521,4.549110,0.613951,0.772916,7.54303
extract_mu030,5.20652,1.200000,3.442477,6.313638,1.918991,0.621361,0.785308,7.74323
extract_mu030,5.21101,1.200000,3.398802,6.244742,5.434570,0.625669,0.792496,7.85856
extract_mu030,5.21552,1.200000,3.413137,6.282557,0.871168,0.619516,0.782127,7.68812
extract_mu030,5.22001,1.200000,3.464830,6.373027,4.450280,0.613443,0.771893,7.51974
extract_mu030,5.22450,1.200000,3.461569,6.387335,4.097360,0.618218,0.780015,7.65288
extract_mu030,5.22902,1.200000,3.393950,6.306595,0.351427,0.623026,0.788191,7.78684
extract_mu030,5.23350,1.200000,3.364123,6.250898,5.174154,0.621817,0.786151,7.75092
extract_mu030,5.23802,1.200000,3.394077,6.302621,0.359330,0.618932,0.781263,7.66761
extract_mu030,5.24251,1.200000,3.450064,6.386191,4.001130,0.618207,0.780055,7.64821
extract_mu030,5.24702,1.200000,3.438695,6.380866,4.704180,0.619158,0.781700,7.67840
extract_mu030,5.25151,1.200000,3.371804,6.293767,0.485029,0.620153,0.783386,7.70868
extract_mu030,5.25602,1.200000,3.351727,6.252737,4.939152,0.621246,0.785172,7.73951
extract_mu030,5.26051,1.200000,3.389351,6.317916,2.140233,0.621843,0.786146,7.75694
extract_mu030,5.26500,1.200000,3.439318,6.394336,5.146560,0.618700,0.780982,7.67323
extract_mu030,5.26952,1.200000,3.413064,6.371514,5.528950,0.615536,0.775783,7.58892
extract_mu030,5.27401,1.200000,3.344747,6.281467,0.439078,0.619430,0.782285,7.69240
extract_mu030,5.27852,1.200000,3.331424,6.255465,3.320734,0.624174,0.790196,7.81840
extract_mu030,5.28301,1.200000,3.375127,6.329971,4.170420,0.621477,0.785635,7.74564
extract_mu030,5.28752,1.200000,3.416272,6.395419,5.285510,0.615143,0.774977,7.57562
extract_mu030,5.29201,1.200000,3.376662,6.356016,5.992580,0.614902,0.774540,7.56847
extract_mu030,5.29650,1.200000,3.314103,6.267014,0.525927,0.622099,0.786585,7.76021
extract_mu030,5.30101,1.200000,3.315208,6.257347,1.996746,0.625923,0.792987,7.86064
extract_mu030,5.30550,1.200000,3.373319,6.338566,4.795030,0.618103,0.779915,7.64643
extract_mu030,5.31002,1.200000,3.412184,6.390998,5.952280,0.610320,0.766904,7.43303
extract_mu030,5.31451,1.200000,3.366091,6.337473,5.007140,0.618085,0.779818,7.64838
extract_mu030,5.31902,1.200000,3.312071,6.254987,2.829236,0.625885,0.792789,7.86447
extract_mu030,5.32351,1.200000,3.322764,6.264955,0.948159,0.622015,0.786235,7.75927
extract_mu030,5.32802,1.200000,3.387149,6.353015,5.541450,0.614894,0.774241,7.56445
extract_mu030,5.33251,1.200000,3.416193,6.393039,4.931850,0.615245,0.774903,7.57480
extract_mu030,5.33700,1.200000,3.359831,6.329270,3.007638,0.621435,0.785454,7.74549
extract_mu030,5.34152,1.200000,3.306896,6.257690,3.211816,0.623982,0.789867,7.81554
extract_mu030,5.34600,1.200000,3.315127,6.287015,1.137865,0.619336,0.782155,7.68707
extract_mu030,5.35052,1.200000,3.374250,6.376826,4.224250,0.615548,0.775861,7.58249
extract_mu030,5.35501,1.200000,3.388254,6.399004,4.781730,0.618556,0.780806,7.66767
extract_mu030,5.35952,1.200000,3.326330,6.320990,1.193875,0.621578,0.785774,7.75320
extract_mu030,5.36401,1.200000,3.284620,6.254768,5.641090,0.621032,0.784866,7.73620
extract_mu030,5.36852,1.200000,3.305799,6.294235,0.254945,0.620059,0.783257,7.70693
extract_mu030,5.37301,1.200000,3.373061,6.377478,3.983840,0.619037,0.781625,7.67712
extract_mu030,5.37750,1.200000,3.382518,6.381597,3.733780,0.617988,0.779980,7.64697
extract_mu030,5.38202,1.200000,3.321484,6.298455,0.290600,0.618715,0.781226,7.66619
extract_mu030,5.38650,1.200000,3.288057,6.249391,5.381900,0.621619,0.786016,7.74591
extract_mu030,5.39102,1.200000,3.315513,6.306507,0.369222,0.622801,0.787924,7.77934
extract_mu030,5.39551,1.200000,3.377694,6.386613,4.014430,0.618055,0.779918,7.65338
extract_mu030,5.40002,1.200000,3.372892,6.375485,4.549720,0.613337,0.771958,7.52809
extract_mu030,5.40451,1.200000,3.310916,6.290369,1.033949,0.619339,0.782012,7.68960
extract_mu030,5.40902,1.200000,3.287549,6.258540,5.175118,0.625369,0.792110,7.85172
extract_mu030,5.41351,1.200000,3.325393,6.328020,2.021958,0.621044,0.784749,7.73479
extract_mu030,5.41800,1.200000,3.382972,6.397529,4.316730,0.613849,0.772550,7.54038
extract_mu030,5.42252,1.200000,3.366897,6.366205,4.912060,0.615018,0.774428,7.57209
extract_mu030,5.42701,1.200000,3.311025,6.276537,1.375961,0.622665,0.787212,7.77889
extract_mu030,5.43152,1.200000,3.303246,6.257659,3.230592,0.625137,0.791395,7.84489
extract_mu030,5.43601,1.200000,3.353729,6.333819,3.736290,0.617410,0.778631,7.63370
extract_mu030,5.44052,1.200000,3.401453,6.390163,5.010780,0.611464,0.768825,7.47057
extract_mu030,5.44501,1.200000,3.365024,6.341027,4.758300,0.618708,0.780919,7.66480
extract_mu030,5.44950,1.200000,3.300118,6.251227,1.915008,0.625952,0.793014,7.85885
extract_mu030,5.45401,1.200000,3.287443,6.247228,1.972706,0.621226,0.785148,7.73445
extract_mu030,5.45850,1.200000,3.340055,6.331617,4.317520,0.615113,0.774968,7.57302
extract_mu030,5.46302,1.200000,3.386761,6.386987,5.339310,0.616382,0.777095,7.60687
extract_mu030,5.46751,1.200000,3.364365,6.354285,3.931030,0.621217,0.785165,7.73499
extract_mu030,5.47202,1.200000,3.348065,6.324576,2.979162,0.622519,0.787365,7.77066
extract_mu030,5.47651,1.200000,3.406230,6.416636,0.468114,0.619541,0.782452,7.69436
extract_mu030,5.48102,1.200000,3.541273,6.600000,5.164040,0.617493,0.779086,7.64228
extract_mu030,5.48551,1.200000,3.655375,6.728357,5.144060,0.618569,0.780919,7.67163
extract_mu030,5.49000,1.200000,3.671114,6.712063,3.003900,0.619645,0.782750,7.70096
extract_mu030,5.49452,1.200000,3.610788,6.567709,3.670617,0.620588,0.784175,7.72882
extract_mu030,5.49900,1.200000,3.429900,6.266173,0.380552,0.621523,0.785588,7.75642
insert_mu020,0.00000,0.000000,0.000000,0.000000,0.000000,0.000000,0.000000,0.00000
insert_mu020,0.02552,0.000000,-0.000000,-0.000000,0.000000,0.000000,0.000000,0.00000
insert_mu020,0.05101,0.000000,0.000000,0.000000,0.000000,0.000000,0.000000,0.00000
insert_mu020,0.07650,0.000001,-0.000000,-0.000000,0.000000,0.000000,0.000000,0.00000
insert_mu020,0.10202,0.000002,-0.000000,-0.000000,0.000000,0.000000,0.000000,0.00000
insert_mu020,0.12751,0.000003,0.000000,0.000000,0.000000,0.000000,0.000000,0.00000
insert_mu020,0.15300,0.000005,-0.000000,-0.000000,0.000000,0.000000,0.000000,0.00000
insert_mu020,0.17852,0.000008,0.000000,0.000000,0.000000,0.000000,0.000000,0.00000
insert_mu020,0.20401,0.000012,0.000000,0.000000,0.000000,0.000000,0.000000,0.00000
insert_mu020,0.22950,0.000017,-0.000000,-0.000000,0.000000,0.000000,0.000000,0.00000
insert_mu020,0.25502,0.000024,0.000000,0.000000,0.000000,0.000000,0.000000,0.00000
insert_mu020,0.28051,0.000031,-0.000000,-0.000000,0.000000,0.000000,0.000000,0.00000
insert_mu020,0.30600,0.000041,-0.000000,-0.000000,0.000000,0.000000,0.000000,0.00000
insert_mu020,0.33152,0.000052,0.000000,0.000000,0.000000,0.000000,0.000000,0.00000
insert_mu020,0.35702,0.000065,-0.000000,-0.000000,0.000000,0.000000,0.000000,0.00000
insert_mu020,0.38251,0.000079,0.000000,0.000000,0.000000,0.000000,0.000000,0.00000
insert_mu020,0.40802,0.000096,0.000000,0.000000,0.000000,0.000000,0.000000,0.00000
insert_mu020,0.43352,0.000115,-0.000000,-0.000000,0.000000,0.000000,0.000000,0.00000
insert_mu020,0.45901,0.000136,0.000000,0.000000,0.000000,0.000000,0.000000,0.00000
insert_mu020,0.48450,0.000160,-0.000000,-0.000000,0.000000,0.000000,0.000000,0.00000
insert_mu020,0.51002,0.000187,-0.000000,-0.000000,0.000000,0.000000,0.000000,0.00000
insert_mu020,0.53551,0.000216,0.000000,0.000000,0.000000,0.000000,0.000000,0.00000
insert_mu020,0.56100,0.000248,-0.000000,-0.000000,0.000000,0.000000,0.000000,0.00000
insert_mu020,0.58652,0.000283,0.000000,0.000000,0.000000,0.000000,0.000000,0.00000
insert_mu020,0.61201,0.000321,0.000000,0.000000,0.000000,0.000000,0.000000,0.00000
insert_mu020,0.63750,0.000362,-0.000000,-0.000000,0.000000,0.000000,0.000000,0.00000
insert_mu020,0.66302,0.000407,0.000000,0.000000,0.000000,0.000000,0.000000,0.00000
insert_mu020,0.68851,0.000455,-0.000000,-0.000000,0.000000,0.000000,0.000000,0.00000
insert_mu020,0.71400,0.000507,-0.000000,-0.000000,0.000000,0.000000,0.000000,0.00000
insert_mu020,0.73952,0.000563,0.000000,0.000000,0.000000,0.000000,0.000000,0.00000
insert_mu020,0.76501,0.000622,-0.000000,-0.000000,0.000000,0.000000,0.000000,0.00000
insert_mu020,0.79051,0.000685,0.000000,0.000000,0.000000,0.000000,0.000000,0.00000
insert_mu020,0.81602,0.000753,0.000000,0.000000,0.000000,0.000000,0.000000,0.00000
insert_mu020,0.84152,0.000825,-0.000000,-0.000000,0.000000,0.000000,0.000000,0.00000
insert_mu020,0.86701,0.000901,0.000000,0.000000,0.000000,0.000000,0.000000,0.00000
insert_mu020,0.89252,0.000981,-0.000000,-0.000000,0.000000,0.000000,0.000000,0.00000
insert_mu020,0.91802,0.001067,-0.000000,-0.000000,0.000000,0.000000,0.000000,0.00000
insert_mu020,0.94351,0.001156,0.000000,0.000000,0.000000,0.000000,0.000000,0.00000
insert_mu020,0.96900,0.001251,-0.000000,-0.000000,0.000000,0.000000,0.000000,0.00000
insert_mu020,0.99452,0.001351,0.000000,0.000000,0.000000,0.000000,0.000000,0.00000
insert_mu020,1.02001,0.001455,0.000000,0.000000,0.000000,0.000000,0.000000,0.00000
insert_mu020,1.04550,0.001565,-0.000000,-0.000000,0.000000,0.000000,0.000000,0.00000
insert_mu020,1.07102,0.001681,0.000000,0.000000,0.000000,0.000000,0.000000,0.00000
insert_mu020,1.09651,0.001801,-0.000000,-0.000000,0.000000,0.000000,0.000000,0.00000
insert_mu020,1.12200,0.001927,-0.000000,-0.000000,0.000000,0.000000,0.000000,0.00000
insert_mu020,1.14752,0.002059,0.000000,0.000000,0.000000,0.000000,0.000000,0.00000
insert_mu020,1.17301,0.002196,-0.000000,-0.000000,0.000000,0.000000,0.000000,0.00000
insert_mu020,1.19850,0.002340,0.000000,-0.000000,0.000000,0.000000,0.000000,0.00000
insert_mu020,1.22402,0.002489,0.000000,0.000000,0.000000,0.000000,0.000000,0.00000
insert_mu020,1.24951,0.002644,-0.000000,-0.000000,0.000000,0.000000,0.000000,0.00000
insert_mu020,1.27501,0.002806,0.000000,0.000000,0.000000,0.000000,0.000000,0.00000
insert_mu020,1.30052,0.002974,-0.000000,0.000000,0.000000,0.000000,0.000000,0.00000
insert_mu020,1.32602,0.003148,-0.000000,-0.000000,0.000000,0.000000,0.000000,0.00000
insert_mu020,1.35151,0.003329,0.000000,0.000000,0.000000,0.000000,0.000000,0.00000
insert_mu020,1.37702,0.003516,-0.000000,-0.000000,0.000000,0.000000,0.000000,0.00000
insert_mu020,1.40252,0.003710,0.000000,-0.000000,0.000000,0.000000,0.000000,0.00000
insert_mu020,1.42801,0.003911,0.000000,0.000000,0.000000,0.000000,0.000000,0.00000
insert_mu020,1.45350,0.004119,-0.000000,-0.000000,0.000000,0.000000,0.000000,0.00000
insert_mu020,1.47902,0.004334,0.000000,0.000000,0.000000,0.000000,0.000000,0.00000
insert_mu020,1.50451,0.004556,-0.000000,0.000000,0.000000,0.000000,0.000000,0.00000
insert_mu020,1.53000,0.004785,-0.000000,-0.000000,0.000000,0.000000,0.000000,0.00000
insert_mu020,1.55552,0.005022,0.000000,0.000000,0.000000,0.000000,0.000000,0.00000
insert_mu020,1.58101,0.005266,-0.000000,-0.000000,0.000000,0.000000,0.000000,0.00000
insert_mu020,1.60650,0.005517,0.000000,-0.000000,0.000000,0.000000,0.000000,0.00000
insert_mu020,1.63202,0.005776,0.000000,0.000000,0.000000,0.000000,0.000000,0.00000
insert_mu020,1.65751,0.006043,-0.000000,-0.000000,0.000000,0.000000,0.000000,0.00000
insert_mu020,1.68300,0.006318,0.000000,0.000000,0.000000,0.000000,0.000000,0.00000
insert_mu020,1.70852,0.006601,-0.000000,0.000000,0.000000,0.000000,0.000000,0.00000
insert_mu020,1.73401,0.006892,-0.000000,-0.000000,0.000000,0.000000,0.000000,0.00000
insert_mu020,1.75951,0.007191,0.000000,0.000000,0.000000,0.000000,0.000000,0.00000
insert_mu020,1.78502,0.007498,-0.000000,-0.000000,0.000000,0.000000,0.000000,0.00000
insert_mu020,1.81052,0.007814,0.000000,-0.000000,0.000000,0.000000,0.000000,0.00000
insert_mu020,1.83601,0.008138,0.000000,0.000000,0.000000,0.000000,0.000000,0.00000
insert_mu020,1.86152,0.008470,-0.000000,-0.000000,0.000000,0.000000,0.000000,0.00000
insert_mu020,1.88702,0.008811,0.000000,0.000000,0.000000,0.000000,0.000000,0.00000
insert_mu020,1.91251,0.009161,-0.000000,0.000000,0.000000,0.000000,0.000000,0.00000
insert_mu020,1.93800,0.009520,-0.000000,-0.000000,0.000000,0.000000,0.000000,0.00000
insert_mu020,1.96352,0.009887,0.000000,0.000000,0.000000,0.000000,0.000000,0.00000
insert_mu020,1.98901,0.010264,-0.000000,-0.000000,0.000000,0.000000,0.000000,0.00000
insert_mu020,2.01450,0.010649,0.000000,-0.000000,0.000000,0.000000,0.000000,0.00000
insert_mu020,2.04002,0.011044,0.000000,0.000000,0.000000,0.000000,0.000000,0.00000
insert_mu020,2.06551,0.011448,-0.000000,-0.000000,0.000000,0.000000,0.000000,0.00000
insert_mu020,2.09100,0.011861,0.000000,0.000000,0.000000,0.000000,0.000000,0.00000
insert_mu020,2.11652,0.012284,-0.000000,0.000000,0.000000,0.000000,0.000000,0.00000
insert_mu020,2.14201,0.012716,-0.000000,-0.000000,0.000000,0.000000,0.000000,0.00000
insert_mu020,2.16751,0.013158,0.000000,0.000000,0.000000,0.000000,0.000000,0.00000
insert_mu020,2.19302,0.013610,-0.000000,-0.000000,0.000000,0.000000,0.000000,0.00000
insert_mu020,2.21851,0.014071,0.000000,-0.000000,0.000000,0.000000,0.000000,0.00000
insert_mu020,2.24401,0.014543,0.000000,0.000000,0.000000,0.000000,0.000000,0.00000
insert_mu020,2.26952,0.015024,-0.000000,-0.000000,0.000000,0.000000,0.000000,0.00000
insert_mu020,2.29502,0.015515,0.000000,0.000000,0.000000,0.000000,0.000000,0.00000
insert_mu020,2.32051,0.016016,-0.000000,0.000000,0.000000,0.000000,0.000000,0.00000
insert_mu020,2.34602,0.016528,-0.000000,-0.000000,0.000000,0.000000,0.000000,0.00000
insert_mu020,2.37152,0.017050,0.000000,0.000000,0.000000,0.000000,0.000000,0.00000
insert_mu020,2.39701,0.017582,-0.000000,-0.000000,0.000000,0.000000,0.000000,0.00000
insert_mu020,2.42250,0.018124,0.000000,-0.000000,0.000000,0.000000,0.000000,0.00000
insert_mu020,2.44802,0.018678,0.000000,0.000000,0.000000,0.000000,0.000000,0.00000
insert_mu020,2.47351,0.019241,-0.000000,-0.000000,0.000000,0.000000,0.000000,0.00000
insert_mu020,2.49900,0.019816,0.000000,0.000000,0.000000,0.000000,0.000000,0.00000
insert_mu020,2.52452,0.020401,-0.000000,0.000000,0.000000,0.000000,0.000000,0.00000
insert_mu020,2.55001,0.020997,-0.000000,-0.000000,0.000000,0.000000,0.000000,0.00000
insert_mu020,2.57550,0.021604,0.000000,0.000000,0.000000,0.000000,0.000000,0.00000
insert_mu020,2.60102,0.022222,-0.000000,-0.000000,0.000000,0.000000,0.000000,0.00000
insert_mu020,2.62651,0.022851,0.000000,-0.000000,0.000000,0.000000,0.000000,0.00000
insert_mu020,2.65201,0.023491,0.000000,0.000000,0.000000,0.000000,0.000000,0.00000
insert_mu020,2.67752,0.024143,-0.000000,-0.000000,0.000000,0.000000,0.000000,0.00000
insert_mu020,2.70301,0.024805,0.000000,0.000000,0.000000,0.000000,0.000000,0.00000
insert_mu020,2.72851,0.025479,-0.000000,0.000000,0.000000,0.000000,0.000000,0.00000
insert_mu020,2.75402,0.026165,-0.000000,-0.000000,0.000000,0.000000,0.000000,0.00000
insert_mu020,2.77952,0.026861,0.000000,0.000000,0.000000,0.000000,0.000000,0.00000
insert_mu020,2.80501,0.027570,-0.000000,-0.000000,0.000000,0.000000,0.000000,0.00000
insert_mu020,2.83050,0.028290,0.000000,-0.000000,0.000000,0.000000,0.000000,0.00000
insert_mu020,2.85602,0.029022,0.000000,0.000000,0.000000,0.000000,0.000000,0.00000
insert_mu020,2.88151,0.029765,-0.000000,-0.000000,0.000000,0.000000,0.000000,0.00000
insert_mu020,2.90700,0.030521,0.000000,0.000000,0.000000,0.000000,0.000000,0.00000
insert_mu020,2.93252,0.031289,-0.000000,0.000000,0.000000,0.000000,0.000000,0.00000
insert_mu020,2.95801,0.032068,-0.000000,-0.000000,0.000000,0.000000,0.000000,0.00000
insert_mu020,2.98350,0.032859,0.000000,0.000000,0.000000,0.000000,0.000000,0.00000
insert_mu020,3.00902,0.033663,-0.000000,-0.000000,0.000000,0.000000,0.000000,0.00000
insert_mu020,3.03451,0.034479,0.000000,-0.000000,0.000000,0.000000,0.000000,0.00000
insert_mu020,3.06000,0.035306,0.000000,0.000000,0.000000,0.000000,0.000000,0.00000
insert_mu020,3.08552,0.036147,-0.000000,-0.000000,0.000000,0.000000,0.000000,0.00000
insert_mu020,3.11101,0.037000,0.000000,0.000000,0.000000,0.000000,0.000000,0.00000
insert_mu020,3.13651,0.037865,-0.000000,0.000000,0.000000,0.000000,0.000000,0.00000
insert_mu020,3.16202,0.038743,-0.000000,-0.000000,0.000000,0.000000,0.000000,0.00000
insert_mu020,3.18751,0.039633,0.000000,0.000000,0.000000,0.000000,0.000000,0.00000
insert_mu020,3.21301,0.040536,-0.000000,-0.000000,0.000000,0.000000,0.000000,0.00000
insert_mu020,3.23852,0.041452,0.000000,-0.000000,0.000000,0.000000,0.000000,0.00000
insert_mu020,3.26402,0.042380,0.000000,0.000000,0.000000,0.000000,0.000000,0.00000
insert_mu020,3.28951,0.043321,-0.000000,-0.000000,0.000000,0.000000,0.000000,0.00000
insert_mu020,3.31500,0.044275,0.000000,0.000000,0.000000,0.000000,0.000000,0.00000
insert_mu020,3.34052,0.045243,-0.000000,0.000000,0.000000,0.000000,0.000000,0.00000
insert_mu020,3.36601,0.046223,-0.000000,-0.000000,0.000000,0.000000,0.000000,0.00000
insert_mu020,3.39150,0.047215,0.000000,0.000000,0.000000,0.000000,0.000000,0.00000
insert_mu020,3.41702,0.048222,-0.000000,-0.000000,0.000000,0.000000,0.000000,0.00000
insert_mu020,3.44251,0.049241,0.000000,-0.000000,0.000000,0.000000,0.000000,0.00000
insert_mu020,3.46800,0.050274,0.000000,0.000000,0.000000,0.000000,0.000000,0.00000
insert_mu020,3.49352,0.051320,-0.000000,-0.000000,0.000000,0.000000,0.000000,0.00000
insert_mu020,3.51901,0.052379,0.000000,0.000000,0.000000,0.000000,0.000000,0.00000
insert_mu020,3.54450,0.053451,-0.000000,0.000000,0.000000,0.000000,0.000000,0.00000
insert_mu020,3.57002,0.054538,-0.000000,-0.000000,0.000000,0.000000,0.000000,0.00000
insert_mu020,3.59551,0.055638,0.000000,0.000000,0.000000,0.000000,0.000000,0.00000
insert_mu020,3.62101,0.056751,-0.000000,-0.000000,0.000000,0.000000,0.000000,0.00000
insert_mu020,3.64652,0.057878,0.000000,-0.000000,0.000000,0.000000,0.000000,0.00000
insert_mu020,3.67202,0.059019,0.000000,0.000000,0.000000,0.000000,0.000000,0.00000
insert_mu020,3.69751,0.060172,-0.000000,-0.000000,0.000000,0.000000,0.000000,0.00000
insert_mu020,3.72302,0.061341,0.000000,0.000000,0.000000,0.000000,0.000000,0.00000
insert_mu020,3.74852,0.062522,-0.000000,0.000000,0.000000,0.000000,0.000000,0.00000
insert_mu020,3.77401,0.063718,-0.000000,-0.000000,0.000000,0.000000,0.000000,0.00000
insert_mu020,3.79950,0.064927,0.000000,0.000000,0.000000,0.000000,0.000000,0.00000
insert_mu020,3.82502,0.066151,-0.000000,-0.000000,0.000000,0.000000,0.000000,0.00000
insert_mu020,3.85051,0.067388,0.000000,-0.000000,0.000000,0.000000,0.000000,0.00000
insert_mu020,3.87600,0.068639,0.000000,0.000000,0.000000,0.000000,0.000000,0.00000
insert_mu020,3.90152,0.069906,-0.000000,-0.000000,0.000000,0.000000,0.000000,0.00000
insert_mu020,3.92701,0.071185,0.000000,0.000000,0.000000,0.000000,0.000000,0.00000
insert_mu020,3.95250,0.072478,-0.000000,0.000000,0.000000,0.000000,0.000000,0.00000
insert_mu020,3.97802,0.073788,-0.000000,-0.000000,0.000000,0.000000,0.000000,0.00000
insert_mu020,4.00351,0.075110,0.000000,0.000000,0.000000,0.000000,0.000000,0.00000
insert_mu020,4.02900,0.076446,-0.000000,-0.000000,0.000000,0.000000,0.000000,0.00000
insert_mu020,4.05452,0.077798,0.000000,-0.000000,0.000000,0.000000,0.000000,0.00000
insert_mu020,4.08001,0.079163,0.000000,0.000000,0.000000,0.000000,0.000000,0.00000
insert_mu020,4.10551,0.080544,-0.000000,-0.000000,0.000000,0.000000,0.000000,0.00000
insert_mu020,4.13102,0.081939,0.000000,0.000000,0.000000,0.000000,0.000000,0.00000
insert_mu020,4.15652,0.083348,-0.000000,0.000000,0.000000,0.000000,0.000000,0.00000
insert_mu020,4.18201,0.084771,-0.000000,-0.000000,0.000000,0.000000,0.000000,0.00000
insert_mu020,4.20752,0.086210,0.000000,0.000000,0.000000,0.000000,0.000000,0.00000
insert_mu020,4.23302,0.087663,-0.000000,-0.000000,0.000000,0.000000,0.000000,0.00000
insert_mu020,4.25851,0.089130,0.000000,-0.000000,0.000000,0.000000,0.000000,0.00000
insert_mu020,4.28400,0.090612,0.000000,0.000000,0.000000,0.000000,0.000000,0.00000
insert_mu020,4.30952,0.092110,-0.000000,-0.000000,0.000000,0.000000,0.000000,0.00000
insert_mu020,4.33501,0.093622,0.000000,0.000000,0.000000,0.000000,0.000000,0.00000
insert_mu020,4.36050,0.095148,-0.000000,0.000000,0.000000,0.000000,0.000000,0.00000
insert_mu020,4.38602,0.096691,-0.000000,-0.000000,0.000000,0.000000,0.000000,0.00000
insert_mu020,4.41151,0.098247,0.000000,0.000000,0.000000,0.000000,0.000000,0.00000
insert_mu020,4.43700,0.099818,-0.000000,-0.000000,0.000000,0.000000,0.000000,0.00000
insert_mu020,4.46252,0.101406,0.000000,-0.000000,0.000000,0.000000,0.000000,0.00000
insert_mu020,4.48801,0.103007,0.000000,0.000000,0.000000,0.000000,0.000000,0.00000
insert_mu020,4.51351,0.104624,-0.000000,-0.000000,0.000000,0.000000,0.000000,0.00000
insert_mu020,4.53902,0.106257,0.000000,0.000000,0.000000,0.000000,0.000000,0.00000
insert_mu020,4.56451,0.107903,-0.000000,0.000000,0.000000,0.000000,0.000000,0.00000
insert_mu020,4.59001,0.109566,-0.000000,-0.000000,0.000000,0.000000,0.000000,0.00000
insert_mu020,4.61552,0.111244,0.000000,0.000000,0.000000,0.000000,0.000000,0.00000
insert_mu020,4.64102,0.112936,-0.000000,-0.000000,0.000000,0.000000,0.000000,0.00000
insert_mu020,4.66651,0.114644,0.000000,-0.000000,0.000000,0.000000,0.000000,0.00000
insert_mu020,4.69202,0.116367,0.000000,0.000000,0.000000,0.000000,0.000000,0.00000
insert_mu020,4.71752,0.118106,-0.000000,-0.000000,0.000000,0.000000,0.000000,0.00000
insert_mu020,4.74301,0.119859,0.000000,0.000000,0.000000,0.000000,0.000000,0.00000
insert_mu020,4.76850,0.121628,-0.000000,0.000000,0.000000,0.000000,0.000000,0.00000
insert_mu020,4.79402,0.123414,-0.000000,-0.000000,0.000000,0.000000,0.000000,0.00000
insert_mu020,4.81951,0.125213,0.000000,0.000000,0.000000,0.000000,0.000000,0.00000
insert_mu020,4.84500,0.127028,-0.000000,-0.000000,0.000000,0.000000,0.000000,0.00000
insert_mu020,4.87052,0.128861,0.000000,-0.000000,0.000000,0.000000,0.000000,0.00000
insert_mu020,4.89601,0.130707,0.000000,0.000000,0.000000,0.000000,0.000000,0.00000
insert_mu020,4.92150,0.132568,-0.000000,-0.000000,0.000000,0.000000,0.000000,0.00000
insert_mu020,4.94702,0.134447,0.000000,0.000000,0.000000,0.000000,0.000000,0.00000
insert_mu020,4.97251,0.136340,-0.000000,0.000000,0.000000,0.000000,0.000000,0.00000
insert_mu020,4.99801,0.138249,-0.000000,-0.000000,0.000000,0.000000,0.000000,0.00000
insert_mu020,5.02352,0.140174,0.000000,0.000000,0.000000,0.000000,0.000000,0.00000
insert_mu020,5.04901,0.142114,-0.000000,-0.000000,0.000000,0.000000,0.000000,0.00000
insert_mu020,5.07451,0.144070,0.000000,-0.000000,0.000000,0.000000,0.000000,0.00000
insert_mu020,5.10002,0.146042,0.000000,0.000000,0.000000,0.000000,0.000000,0.00000
insert_mu020,5.12552,0.148030,-0.000000,-0.000000,0.000000,0.000000,0.000000,0.00000
insert_mu020,5.15101,0.150032,0.000000,0.000000,0.000000,0.000000,0.000000,0.00000
insert_mu020,5.17650,0.152051,-0.000000,0.000000,0.000000,0.000000,0.000000,0.00000
insert_mu020,5.20202,0.154087,-0.000000,-0.000000,0.000000,0.000000,0.000000,0.00000
insert_mu020,5.22751,0.156137,0.000000,0.000000,0.000000,0.000000,0.000000,0.00000
insert_mu020,5.25300,0.158202,-0.000000,-0.000000,0.000000,0.000000,0.000000,0.00000
insert_mu020,5.27852,0.160286,0.000000,-0.000000,0.000000,0.000000,0.000000,0.00000
insert_mu020,5.30401,0.162384,0.000000,0.000000,0.000000,0.000000,0.000000,0.00000
insert_mu020,5.32950,0.164497,-0.000000,-0.000000,0.000000,0.000000,0.000000,0.00000
insert_mu020,5.35502,0.166629,0.000000,0.000000,0.000000,0.000000,0.000000,0.00000
insert_mu020,5.38051,0.168774,-0.000000,0.000000,0.000000,0.000000,0.000000,0.00000
insert_mu020,5.40600,0.170935,-0.000000,-0.000000,0.000000,0.000000,0.000000,0.00000
insert_mu020,5.43152,0.173115,0.000000,0.000000,0.000000,0.000000,0.000000,0.00000
insert_mu020,5.45701,0.175308,-0.000000,-0.000000,0.000000,0.000000,0.000000,0.00000
insert_mu020,5.48251,0.177518,0.000000,-0.000000,0.000000,0.000000,0.000000,0.00000
insert_mu020,5.50802,0.179745,0.000000,0.000000,0.000000,0.000000,0.000000,0.00000
insert_mu020,5.53351,0.181986,-0.000000,-0.000000,0.000000,0.000000,0.000000,0.00000
insert_mu020,5.55901,0.184244,0.000000,0.000000,0.000000,0.000000,0.000000,0.00000
insert_mu020,5.58452,0.186519,-0.000000,0.000000,0.000000,0.000000,0.000000,0.00000
insert_mu020,5.61002,0.188809,-0.000000,-0.000000,0.000000,0.000000,0.000000,0.00000
insert_mu020,5.63551,0.191114,0.000000,0.000000,0.000000,0.000000,0.000000,0.00000
insert_mu020,5.66100,0.193435,-0.000000,-0.000000,0.000000,0.000000,0.000000,0.00000
insert_mu020,5.68652,0.195776,0.000000,-0.000000,0.000000,0.000000,0.000000,0.00000
insert_mu020,5.71201,0.198129,0.000000,0.000000,0.000000,0.000000,0.000000,0.00000
insert_mu020,5.73750,0.200499,-0.000000,-0.000000,0.000000,0.000000,0.000000,0.00000
insert_mu020,5.76302,0.202888,0.000000,0.000000,0.000000,0.000000,0.000000,0.00000
insert_mu020,5.78851,0.205290,-0.000000,0.000000,0.000000,0.000000,0.000000,0.00000
insert_mu020,5.81400,0.207708,-0.000000,-0.000000,0.000000,0.000000,0.000000,0.00000
insert_mu020,5.83952,0.210145,0.000000,0.000000,0.000000,0.000000,0.000000,0.00000
insert_mu020,5.86501,0.212596,-0.000000,-0.000000,0.000000,0.000000,0.000000,0.00000
insert_mu020,5.89050,0.215063,0.000000,-0.000000,0.000000,0.000000,0.000000,0.00000
insert_mu020,5.91602,0.217548,0.000000,0.000000,0.000000,0.000000,0.000000,0.00000
insert_mu020,5.94151,0.220048,-0.000000,-0.000000,0.000000,0.000000,0.000000,0.00000
insert_mu020,5.96701,0.222564,0.000000,0.000000,0.000000,0.000000,0.000000,0.00000
insert_mu020,5.99252,0.225097,-0.000000,0.000000,0.000000,0.000000,0.000000,0.00000
insert_mu020,6.01802,0.227646,-0.000000,-0.000000,0.000000,0.000000,0.000000,0.00000
insert_mu020,6.04351,0.230210,0.000000,0.000000,0.000000,0.000000,0.000000,0.00000
insert_mu020,6.06902,0.232792,-0.000000,-0.000000,0.000000,0.000000,0.000000,0.00000
insert_mu020,6.09452,0.235390,0.000000,-0.000000,0.000000,0.000000,0.000000,0.00000
insert_mu020,6.12001,0.238003,0.000003,0.000000,0.000000,0.000000,0.000000,0.00000
insert_mu020,6.14550,0.240632,-0.000072,-0.000005,0.000000,0.000000,0.000000,0.00000
insert_mu020,6.17102,0.243280,0.000775,0.000030,0.000000,0.000000,0.000000,0.00000
insert_mu020,6.19651,0.245941,-0.003517,0.000093,0.000000,0.000000,0.000000,0.00000
insert_mu020,6.22200,0.248619,-0.033563,-0.004743,0.000000,0.000049,0.000089,0.00178
insert_mu020,6.24752,0.251316,0.926714,0.060623,0.825495,0.000706,0.000607,-0.00124
insert_mu020,6.27301,0.254026,2.722281,0.247502,2.699095,0.002792,0.002111,-0.01637
insert_mu020,6.29852,0.256755,4.562576,0.352323,4.484153,0.003831,0.002307,-0.04294
insert_mu020,6.32400,0.259497,6.037471,0.577996,5.825082,0.004315,0.001810,-0.07787
insert_mu020,6.34950,0.262257,7.703985,0.685886,7.776804,0.003952,0.000251,-0.13465
insert_mu020,6.37500,0.265033,9.436695,0.744672,9.907737,0.004265,0.000317,-0.16105
insert_mu020,6.40050,0.267825,11.105140,0.961390,11.557619,0.005030,0.000205,-0.16653
insert_mu020,6.42602,0.270637,12.981862,0.878803,13.310223,0.004826,0.000645,-0.18609
insert_mu020,6.45151,0.273461,14.895330,1.183469,14.130241,0.005006,0.000895,-0.19624
insert_mu020,6.47702,0.276303,13.040227,1.427706,16.502222,0.005649,0.000913,-0.19504
insert_mu020,6.50250,0.279158,7.815134,2.337507,8.744492,0.035354,0.042713,0.38497
insert_mu020,6.52801,0.282033,8.316524,1.882633,13.909650,0.056056,0.075011,0.86321
insert_mu020,6.55352,0.284925,6.811815,2.241315,6.056910,0.048622,0.069841,0.95059
insert_mu020,6.57902,0.287831,7.537685,2.622233,12.870225,0.032332,0.045863,0.60815
insert_mu020,6.60450,0.290751,10.253545,2.309408,16.916970,0.019555,0.024756,0.23886
insert_mu020,6.63000,0.293690,6.639061,3.201704,2.722472,0.036965,0.046487,0.42002
insert_mu020,6.65551,0.296647,5.561326,3.477550,8.907190,0.035109,0.044216,0.38361
insert_mu020,6.68101,0.299618,9.332642,2.490242,8.191803,0.022149,0.028296,0.23186
insert_mu020,6.70652,0.302607,7.024510,2.176253,1.162095,0.040121,0.055352,0.66992
insert_mu020,6.73200,0.305608,4.045303,1.983558,5.570650,0.054181,0.075166,0.93883
insert_mu020,6.75751,0.308629,5.197061,1.709823,6.977636,0.063898,0.086927,1.01919
insert_mu020,6.78302,0.311667,5.790914,1.864567,1.078661,0.040738,0.058107,0.74354
insert_mu020,6.80850,0.314717,4.279413,2.472860,4.028510,0.032790,0.047041,0.61292
insert_mu020,6.83401,0.317787,3.583180,2.347601,2.297230,0.062187,0.080033,0.84734
insert_mu020,6.85952,0.320873,6.865168,1.877962,7.099010,0.052859,0.066267,0.62160
insert_mu020,6.88502,0.323974,6.256512,1.950579,11.502800,0.036999,0.045387,0.34968
insert_mu020,6.91051,0.327089,3.076550,2.441228,3.105750,0.042819,0.053829,0.46309
insert_mu020,6.93601,0.330223,3.342942,1.876003,6.411382,0.046920,0.063393,0.71469
insert_mu020,6.96152,0.333373,3.040882,2.150472,2.097191,0.049706,0.072484,1.01071
insert_mu020,6.98701,0.336538,3.498377,2.096427,2.857777,0.047781,0.063589,0.71612
insert_mu020,7.01252,0.339721,2.644002,2.152279,1.479348,0.047138,0.057199,0.47083
insert_mu020,7.03802,0.342919,1.960281,2.320616,0.967547,0.047822,0.053410,0.27692
insert_mu020,7.06350,0.346130,5.541266,1.822144,0.729468,0.052354,0.063461,0.50571
insert_mu020,7.08901,0.349362,4.232206,2.102741,0.475699,0.054335,0.068636,0.64514
insert_mu020,7.11452,0.352609,1.946856,2.395523,1.784241,0.051065,0.062773,0.55638
insert_mu020,7.14002,0.355871,4.248951,1.650198,0.173995,0.054046,0.067305,0.61697
insert_mu020,7.16551,0.359148,3.873480,1.631077,2.103977,0.058203,0.074191,0.72390
insert_mu020,7.19102,0.362444,1.755217,2.245114,4.557774,0.060456,0.079352,0.85136
insert_mu020,7.21652,0.365754,2.773551,2.208614,0.955513,0.058611,0.076244,0.80488
insert_mu020,7.24201,0.369079,3.600026,1.345901,4.591931,0.055457,0.070274,0.69207
insert_mu020,7.26752,0.372423,1.871565,1.666690,1.382459,0.062827,0.082974,0.90122
insert_mu020,7.29302,0.375782,1.621006,1.697506,0.106906,0.066570,0.086617,0.89112
insert_mu020,7.31851,0.379155,3.727618,1.709043,1.060530,0.066840,0.081589,0.67110
insert_mu020,7.34402,0.382546,4.263465,0.791932,6.070144,0.070286,0.086790,0.77570
insert_mu020,7.36950,0.385950,2.124360,1.340267,2.838861,0.070763,0.089344,0.87229
insert_mu020,7.39501,0.389374,2.602564,1.200311,1.733912,0.065927,0.086406,0.92231
insert_mu020,7.42052,0.392813,2.812738,1.303288,0.971082,0.069896,0.089317,0.90918
insert_mu020,7.44601,0.396266,1.868763,1.203703,0.327426,0.074866,0.093278,0.89620
insert_mu020,7.47152,0.399737,1.914544,1.142262,2.177545,0.076194,0.096064,0.93308
insert_mu020,7.49700,0.403220,2.000259,1.224736,0.781708,0.075161,0.096896,1.01523
insert_mu020,7.52251,0.406723,1.756968,1.090371,0.531849,0.073320,0.096906,1.10753
insert_mu020,7.54802,0.410242,1.160928,1.184217,1.611142,0.074835,0.098262,1.08595
insert_mu020,7.57350,0.413773,1.701350,1.079490,2.128855,0.076704,0.100167,1.07595
insert_mu020,7.59902,0.417324,1.524860,0.856098,2.274749,0.078891,0.102562,1.07617
insert_mu020,7.62452,0.420889,1.003832,1.131350,1.809397,0.082536,0.106232,1.08439
insert_mu020,7.65001,0.424469,1.299074,0.729807,1.679164,0.085611,0.109415,1.08828
insert_mu020,7.67552,0.428066,1.246267,1.082796,2.229202,0.087724,0.111774,1.08501
insert_mu020,7.70100,0.431676,1.188033,0.792871,0.666309,0.089696,0.113650,1.09077
insert_mu020,7.72651,0.435305,1.163425,0.934005,0.939208,0.091658,0.115644,1.10224
insert_mu020,7.75202,0.438950,1.134379,0.939037,1.772741,0.093671,0.118278,1.12471
insert_mu020,7.77751,0.442607,1.195327,0.733235,2.515477,0.095284,0.120372,1.15332
insert_mu020,7.80302,0.446283,1.190471,1.137454,0.869331,0.096836,0.122359,1.18270
insert_mu020,7.82852,0.449974,1.540844,0.788422,0.753584,0.099268,0.125357,1.19691
insert_mu020,7.85401,0.453678,1.252145,1.052493,1.228411,0.100584,0.127511,1.23219
insert_mu020,7.87951,0.457400,1.360410,1.029480,1.023170,0.100989,0.128978,1.28469
insert_mu020,7.90500,0.461135,1.472714,0.832450,2.407263,0.102569,0.131884,1.33119
insert_mu020,7.93051,0.464889,1.063648,1.287588,0.586458,0.103960,0.134485,1.37869
insert_mu020,7.95601,0.468657,1.456813,0.708985,0.055109,0.105048,0.136608,1.42770
insert_mu020,7.98152,0.472442,1.041158,1.212447,1.374427,0.106510,0.138754,1.46241
insert_mu020,8.00700,0.476238,1.263342,0.998060,1.231636,0.108113,0.141017,1.49687
insert_mu020,8.03251,0.480054,1.349709,0.870563,2.880283,0.109916,0.143588,1.53779
insert_mu020,8.05802,0.483885,1.026175,1.336251,1.918246,0.112030,0.146140,1.56154
insert_mu020,8.08350,0.487728,1.462904,0.765319,1.877885,0.114280,0.148716,1.57792
insert_mu020,8.10901,0.491589,1.139790,1.327068,0.344688,0.116586,0.151506,1.59288
insert_mu020,8.13452,0.495467,1.266804,1.085666,0.358845,0.118976,0.154083,1.60620
insert_mu020,8.16000,0.499355,1.379666,0.992620,0.974830,0.121428,0.156496,1.61827
insert_mu020,8.18551,0.503263,1.073903,1.432160,0.959243,0.124053,0.159494,1.62953
insert_mu020,8.21101,0.507184,1.471470,0.857204,3.401617,0.126694,0.162260,1.63558
insert_mu020,8.23652,0.511123,1.199180,1.409818,0.060238,0.129359,0.164724,1.63479
insert_mu020,8.26202,0.515075,1.275162,1.176341,0.723020,0.131971,0.167799,1.64566
insert_mu020,8.28751,0.519040,1.402786,1.071083,0.772913,0.134539,0.170762,1.65592
insert_mu020,8.31301,0.523022,1.086821,1.536631,1.935981,0.137024,0.173231,1.66030
insert_mu020,8.33852,0.527021,1.543312,0.967751,2.507521,0.139434,0.176021,1.68325
insert_mu020,8.36400,0.531030,1.219742,1.478180,0.233102,0.141799,0.178874,1.71009
insert_mu020,8.38950,0.535058,1.330843,1.312284,0.419953,0.144088,0.181440,1.72061
insert_mu020,8.41501,0.539102,1.596784,1.140845,1.931424,0.146248,0.184041,1.74522
insert_mu020,8.44052,0.543161,1.313789,1.664455,1.730248,0.148333,0.186678,1.77941
insert_mu020,8.46602,0.547233,2.071296,1.256967,3.276373,0.151081,0.189898,1.80228
insert_mu020,8.49151,0.551319,1.436553,1.381007,0.625835,0.153194,0.192634,1.83178
insert_mu020,8.51701,0.555421,1.182994,1.631182,0.385395,0.154537,0.194783,1.86939
insert_mu020,8.54251,0.559538,1.707750,1.086877,2.052932,0.156703,0.197770,1.90820
insert_mu020,8.56802,0.563672,1.149166,1.794219,1.538511,0.158868,0.200918,1.94880
insert_mu020,8.59352,0.567818,1.600341,1.334624,2.718797,0.160794,0.204169,1.99288
insert_mu020,8.61900,0.571976,1.582687,1.403997,1.324739,0.162576,0.206822,2.03117
insert_mu020,8.64451,0.576154,1.288988,1.834490,0.800587,0.164341,0.209313,2.06922
insert_mu020,8.67001,0.580345,1.860400,1.197709,2.045541,0.166235,0.211983,2.11505
insert_mu020,8.69552,0.584552,1.385502,1.799359,1.537337,0.168259,0.214923,2.15213
insert_mu020,8.72102,0.588772,1.536762,1.618751,1.955960,0.170357,0.218014,2.18446
insert_mu020,8.74652,0.593007,1.842461,1.364384,1.808236,0.172258,0.220599,2.23825
insert_mu020,8.77200,0.597252,1.298584,2.003550,0.734911,0.174158,0.223392,2.28041
insert_mu020,8.79750,0.601516,1.889647,1.406466,2.365797,0.176059,0.226424,2.30958
insert_mu020,8.82301,0.605796,1.694725,1.722339,2.526577,0.178294,0.229227,2.34740
insert_mu020,8.84851,0.610089,1.470489,1.941771,1.522437,0.180556,0.232155,2.38671
insert_mu020,8.87402,0.614398,2.026010,1.389907,2.521925,0.182806,0.235386,2.42720
insert_mu020,8.89952,0.618719,1.445422,2.044530,0.157007,0.184890,0.238231,2.45044
insert_mu020,8.92502,0.623055,1.800705,1.743989,1.155976,0.186992,0.241052,2.47495
insert_mu020,8.95050,0.627401,1.960089,1.600504,2.844118,0.189367,0.244244,2.52588
insert_mu020,8.97600,0.631766,1.534153,2.178966,1.474502,0.192221,0.247949,2.55961
insert_mu020,9.00150,0.636144,2.203787,1.653376,1.340359,0.195373,0.251921,2.58352
insert_mu020,9.02701,0.640539,2.434834,1.841073,2.214175,0.198764,0.255358,2.61385
insert_mu020,9.05251,0.644946,1.915235,2.316317,0.341583,0.201094,0.258222,2.64207
insert_mu020,9.07801,0.649367,1.873314,1.573501,2.247781,0.202328,0.260495,2.66813
insert_mu020,9.10352,0.653804,1.790396,2.100744,1.724488,0.204343,0.262800,2.70171
insert_mu020,9.12902,0.658253,1.835141,2.118750,1.353181,0.206669,0.265685,2.73475
insert_mu020,9.15452,0.662716,2.296942,1.703852,2.955095,0.209444,0.269621,2.76566
insert_mu020,9.18002,0.667194,1.787014,2.336910,0.548031,0.212036,0.272718,2.79915
insert_mu020,9.20552,0.671685,2.105066,1.997718,2.276085,0.214538,0.275691,2.83200
insert_mu020,9.23100,0.676186,2.243858,1.904104,3.611874,0.216897,0.279033,2.85997
insert_mu020,9.25650,0.680705,1.771693,2.453215,0.649376,0.219603,0.282423,2.90047
insert_mu020,9.28200,0.685238,2.365149,1.918087,1.530247,0.222462,0.285816,2.94593
insert_mu020,9.30751,0.689786,2.176494,2.155110,0.909219,0.224898,0.288983,2.96999
insert_mu020,9.33301,0.694346,1.890138,2.478395,1.652601,0.227465,0.292271,2.99722
insert_mu020,9.35851,0.698920,2.541803,1.923758,4.924230,0.230156,0.295676,3.02752
insert_mu020,9.38401,0.703507,2.108139,2.394300,2.432757,0.232946,0.298990,3.05587
insert_mu020,9.40951,0.708109,2.073564,2.446002,0.593556,0.235667,0.302357,3.08818
insert_mu020,9.43501,0.712723,2.621629,2.002662,2.083977,0.238264,0.305822,3.12733
insert_mu020,9.46052,0.717353,2.123254,2.593007,1.465623,0.241150,0.309165,3.15124
insert_mu020,9.48602,0.721995,2.319758,2.401061,3.813656,0.244245,0.312713,3.17569
insert_mu020,9.51152,0.726650,2.828886,2.156570,4.967960,0.247791,0.317019,3.21381
insert_mu020,9.53702,0.731318,2.410190,2.696225,0.690419,0.251430,0.320720,3.21882
insert_mu020,9.56252,0.736000,2.923531,2.616717,0.625907,0.255177,0.324226,3.21073
insert_mu020,9.58802,0.740695,3.630853,2.309359,4.724300,0.259478,0.328690,3.23282
insert_mu020,9.61350,0.745400,2.547338,2.714065,0.602287,0.262424,0.331638,3.23748
insert_mu020,9.63902,0.750125,2.541464,2.726408,0.953003,0.264173,0.333247,3.22667
insert_mu020,9.66450,0.754857,3.036370,2.142765,2.216280,0.267360,0.337415,3.27460
insert_mu020,9.69000,0.759604,2.163164,2.956845,0.348651,0.270625,0.341534,3.31149
insert_mu020,9.71552,0.764369,2.660014,2.703619,4.125398,0.273921,0.345418,3.32765
insert_mu020,9.74102,0.769143,3.162831,2.280071,6.276090,0.277075,0.348774,3.35395
insert_mu020,9.76652,0.773930,2.350356,3.106457,2.462069,0.280225,0.352288,3.38195
insert_mu020,9.79202,0.778730,2.772844,2.715999,2.120100,0.283449,0.356582,3.40864
insert_mu020,9.81752,0.783543,3.207216,2.409750,2.879012,0.286463,0.360143,3.43638
insert_mu020,9.84302,0.788369,2.428939,3.223995,0.770474,0.289397,0.363442,3.46490
insert_mu020,9.86852,0.793207,2.963363,2.770843,2.811273,0.292459,0.367267,3.49569
insert_mu020,9.89402,0.798059,3.286233,2.532149,3.701611,0.295350,0.371226,3.53917
insert_mu020,9.91952,0.802923,2.407334,3.327712,0.962742,0.298100,0.375295,3.59303
insert_mu020,9.94502,0.807800,3.053775,2.849243,4.529904,0.300661,0.378431,3.62515
insert_mu020,9.97052,0.812689,3.468891,2.645405,5.571690,0.303068,0.381791,3.66929
insert_mu020,9.99602,0.817591,2.785343,3.393106,0.089817,0.305259,0.385492,3.73107
insert_mu020,10.02150,0.822501,3.208299,3.137245,0.689890,0.307354,0.389539,3.81933
insert_mu020,10.04700,0.827428,4.088233,2.741482,5.431910,0.309727,0.393871,3.91373
insert_mu020,10.07250,0.832368,3.843970,3.291498,4.758950,0.312876,0.398781,4.01122
insert_mu020,10.09800,0.837319,3.497412,3.652218,2.621697,0.314281,0.402139,4.09197
insert_mu020,10.12350,0.842283,3.491340,2.642336,3.964619,0.315223,0.404775,4.15573
insert_mu020,10.14900,0.847260,3.242609,3.202820,0.958858,0.317800,0.406922,4.15651
insert_mu020,10.17450,0.852248,2.785846,3.674176,0.152448,0.320949,0.410166,4.17257
insert_mu020,10.20000,0.857249,3.840479,2.867592,5.405500,0.324531,0.414241,4.20018
insert_mu020,10.22550,0.862262,3.388173,3.235054,4.353080,0.328222,0.418436,4.21483
insert_mu020,10.25100,0.867287,2.784806,3.822429,2.157155,0.332289,0.422675,4.22242
insert_mu020,10.27650,0.872324,3.870946,3.057604,6.142770,0.336851,0.426971,4.22072
insert_mu020,10.30200,0.877373,3.682868,3.217086,5.293390,0.341158,0.430954,4.21046
insert_mu020,10.32750,0.882434,2.892661,3.964115,1.769854,0.345463,0.435190,4.20961
insert_mu020,10.35300,0.887507,3.808092,3.293233,3.249004,0.349857,0.440148,4.23456
insert_mu020,10.37850,0.892592,3.934023,3.174420,3.568537,0.354188,0.444601,4.24103
insert_mu020,10.40400,0.897688,2.921139,4.044457,0.300599,0.358325,0.448798,4.24482
insert_mu020,10.42950,0.902796,3.705464,3.641551,2.910376,0.361548,0.452638,4.27159
insert_mu020,10.45500,0.907916,4.554534,3.180866,7.138860,0.364122,0.456958,4.34431
insert_mu020,10.48050,0.913048,3.724049,3.896167,1.264133,0.366239,0.461611,4.44995
insert_mu020,10.50600,0.918191,3.939435,4.243622,1.094808,0.368169,0.466137,4.59510
insert_mu020,10.53150,0.923345,4.968463,3.639070,3.885659,0.370722,0.470971,4.71239
insert_mu020,10.55700,0.928511,5.614256,3.521351,8.297150,0.374030,0.476180,4.79590
insert_mu020,10.58250,0.933689,3.769804,4.202752,5.849150,0.376345,0.480117,4.86995
insert_mu020,10.60800,0.938878,3.590313,4.086208,5.218430,0.378881,0.483249,4.89625
insert_mu020,10.63350,0.944078,4.654164,3.328538,8.391260,0.382189,0.484993,4.82093
insert_mu020,10.65900,0.949289,3.888710,4.080053,4.518526,0.386633,0.488504,4.77692
insert_mu020,10.68450,0.954512,3.429923,4.518378,2.112501,0.391559,0.492701,4.74379
insert_mu020,10.71000,0.959746,4.495436,3.561018,5.898000,0.396930,0.497284,4.71152
insert_mu020,10.73550,0.964991,4.159030,3.787880,3.515964,0.402034,0.502270,4.71335
insert_mu020,10.76100,0.970247,3.321649,4.752804,0.938489,0.406908,0.507534,4.74001
insert_mu020,10.78650,0.975514,4.472056,4.058525,6.977480,0.410365,0.513231,4.83585
insert_mu020,10.81200,0.980791,4.626925,3.567570,7.821870,0.412963,0.518039,4.93686
insert_mu020,10.83750,0.986080,3.869488,4.689976,3.046397,0.414595,0.521851,5.04369
insert_mu020,10.86300,0.991380,4.041919,4.770008,3.095909,0.415595,0.525806,5.18538
insert_mu020,10.88850,0.996690,5.365626,3.842158,9.291780,0.417365,0.530619,5.33152
insert_mu020,10.91400,1.002011,4.981843,4.026744,5.444750,0.420807,0.537111,5.47909
insert_mu020,10.93950,1.007343,4.485946,5.063696,1.289375,0.425950,0.540818,5.41312
insert_mu020,10.96500,1.012685,4.877891,5.050483,3.397877,0.431822,0.543662,5.27334
insert_mu020,10.99050,1.018038,6.202010,4.259812,10.512450,0.438538,0.546479,5.10018
insert_mu020,11.01600,1.023401,6.656217,4.156173,11.702190,0.442083,0.550713,5.12918
insert_mu020,11.04150,1.028775,4.941350,4.675845,6.818060,0.443781,0.555882,5.28132
insert_mu020,11.06700,1.034159,4.603289,5.289897,4.727886,0.446021,0.562563,5.48579
insert_mu020,11.09250,1.039554,5.228649,4.166077,8.324060,0.447201,0.566619,5.62948
insert_mu020,11.11800,1.044958,5.433263,4.255954,6.317890,0.447281,0.567953,5.71022
insert_mu020,11.14350,1.050373,3.862561,5.424624,0.775017,0.450625,0.574502,5.83948
insert_mu020,11.16900,1.055798,4.245964,4.949490,2.914992,0.454707,0.579994,5.89198
insert_mu020,11.19450,1.061234,5.718697,4.072203,7.491130,0.459630,0.582740,5.79654
insert_mu020,11.22000,1.066679,4.465153,4.940404,3.859140,0.466207,0.586796,5.68573
insert_mu020,11.24550,1.072134,4.365682,5.779435,3.446414,0.472911,0.591032,5.57626
insert_mu020,11.27100,1.077599,5.517429,4.885806,5.720460,0.478432,0.594622,5.48694
insert_mu020,11.29650,1.083074,5.954897,4.333077,9.098910,0.482781,0.600697,5.56877
insert_mu020,11.32200,1.088559,5.412810,5.328781,1.343429,0.486225,0.607986,5.75252
insert_mu020,11.34750,1.094053,5.102461,6.037504,0.748392,0.486513,0.613686,6.04210
insert_mu020,11.37300,1.099557,6.019780,5.634494,2.797180,0.488949,0.618675,6.17476
insert_mu020,11.39850,1.105071,7.531086,4.865095,10.569810,0.493448,0.622982,6.15689
insert_mu020,11.42400,1.110594,7.881760,4.860235,11.945570,0.501553,0.626276,5.90917
insert_mu020,11.44950,1.116127,5.091297,5.729930,6.152520,0.508087,0.630199,5.77124
insert_mu020,11.47500,1.121669,3.906633,6.002143,1.053288,0.511598,0.635286,5.84235
insert_mu020,11.50050,1.127221,6.060967,5.008719,4.958825,0.514163,0.642239,6.04904
insert_mu020,11.52600,1.132782,5.691297,4.761795,6.542550,0.515951,0.648784,6.27784
insert_mu020,11.55150,1.138352,4.778318,6.056742,1.233579,0.515974,0.652539,6.47197
insert_mu020,11.57700,1.143932,4.898658,6.138547,1.531520,0.517719,0.655900,6.56616
insert_mu020,11.60250,1.149520,6.630768,5.135167,9.683590,0.520798,0.659267,6.59420
insert_mu020,11.62800,1.155118,6.173982,5.067802,7.715000,0.528224,0.664491,6.47329
insert_mu020,11.65350,1.160725,5.668529,6.268050,4.366573,0.535105,0.668318,6.31278
insert_mu020,11.67900,1.166340,5.746365,6.631561,5.741020,0.541503,0.670904,6.11707
insert_mu020,11.70450,1.171965,6.603247,5.841162,9.634680,0.546276,0.679734,6.30595
insert_mu020,11.73000,1.177598,7.166835,5.211420,14.838750,0.549155,0.687501,6.55082
insert_mu020,11.75550,1.183240,7.357568,5.854533,7.993180,0.549207,0.693235,6.85827
insert_mu020,11.78100,1.188891,6.623997,6.769432,2.877650,0.554100,0.696852,6.79643
insert_mu020,11.80650,1.194551,6.708301,7.016529,2.829209,0.560615,0.700225,6.63483
insert_mu020,11.83200,1.200219,7.844626,6.302721,7.150300,0.568844,0.704207,6.41222
insert_mu020,11.85750,1.205895,9.155929,5.691619,12.639590,0.572640,0.713112,6.62799
insert_mu020,11.88300,1.211580,3.434540,5.587558,2.801560,0.573694,0.722899,7.01966
insert_mu020,11.90850,1.217274,3.828226,7.172192,5.359254,0.569355,0.722445,7.23280
insert_mu020,11.93400,1.222976,2.343121,5.490802,0.292783,0.568394,0.724790,7.38725
insert_mu020,11.95950,1.228686,2.339607,4.841143,1.436356,0.570206,0.729435,7.49356
insert_mu020,11.98500,1.234404,2.074996,6.170536,0.003046,0.572547,0.731821,7.47234
insert_mu020,12.01050,1.240131,1.914059,5.874103,0.971731,0.573523,0.730610,7.36814
insert_mu020,12.03600,1.245865,2.183584,5.433781,1.160843,0.572544,0.724343,7.14914
insert_mu020,12.06150,1.251608,2.227652,5.753081,0.012395,0.572331,0.722767,7.08946
insert_mu020,12.08700,1.257358,2.130562,5.794417,1.470846,0.572486,0.722260,7.06413
insert_mu020,12.11250,1.263117,2.404030,5.819480,0.950901,0.573238,0.722280,7.05166
insert_mu020,12.13800,1.268883,2.057635,5.766568,1.245953,0.574022,0.722349,7.03373
insert_mu020,12.16350,1.274657,1.793261,5.858510,3.281202,0.574866,0.722902,7.02749
insert_mu020,12.18900,1.280439,2.100962,5.946026,4.697266,0.576005,0.726376,7.10901
insert_mu020,12.21450,1.286228,2.583810,5.933806,4.064646,0.577447,0.727937,7.11623
insert_mu020,12.24000,1.292025,3.530475,6.036724,5.498560,0.579119,0.728051,7.06726
insert_mu020,12.26550,1.297830,4.648399,6.206981,5.511600,0.581075,0.728387,7.00441
insert_mu020,12.29100,1.303642,5.706466,6.446813,5.393912,0.583039,0.729465,6.96095
insert_mu020,12.31650,1.309461,5.535796,6.611519,6.649590,0.585012,0.731517,6.94302
insert_mu020,12.34200,1.315288,2.385459,5.539283,1.990179,0.584846,0.733585,7.05047
insert_mu020,12.36750,1.321121,1.542803,5.695589,3.051490,0.584509,0.735557,7.16196
insert_mu020,12.39300,1.326962,1.529653,6.174246,1.841232,0.584572,0.737295,7.23566
insert_mu020,12.41850,1.332811,1.472025,6.079230,0.712249,0.585236,0.738887,7.28003
insert_mu020,12.44400,1.338666,1.644442,5.861676,0.177052,0.585983,0.740106,7.30277
insert_mu020,12.46950,1.344528,1.825843,6.033000,1.758289,0.585960,0.739624,7.26881
insert_mu020,12.49500,1.350397,1.855637,6.161330,0.964913,0.586071,0.738977,7.23423
insert_mu020,12.52050,1.356273,1.890762,6.040327,2.310700,0.586285,0.738237,7.19969
insert_mu020,12.54600,1.362156,1.963136,6.006008,1.344932,0.586913,0.738510,7.18759
insert_mu020,12.57150,1.368046,2.000220,6.173367,0.957749,0.587448,0.738573,7.17454
insert_mu020,12.59700,1.373942,2.039005,6.182626,3.220185,0.587869,0.738381,7.16034
insert_mu020,12.62250,1.379845,2.050121,6.059102,2.775409,0.589304,0.740293,7.17412
insert_mu020,12.64800,1.385754,2.808445,6.214688,2.917813,0.590668,0.741770,7.18277
insert_mu020,12.67350,1.391670,3.920219,6.418747,3.505690,0.591587,0.741688,7.17211
insert_mu020,12.69900,1.397592,5.010984,6.610108,5.110287,0.593531,0.742468,7.12508
insert_mu020,12.72450,1.403521,6.235640,6.802969,7.339230,0.595528,0.744253,7.11054
insert_mu020,12.75000,1.409455,5.241718,6.597626,5.353460,0.596140,0.749346,7.30527
insert_mu020,12.77550,1.415396,2.713295,6.131049,2.544412,0.596776,0.752837,7.42478
insert_mu020,12.80100,1.421343,2.295041,6.029583,3.903085,0.597423,0.755122,7.48869
insert_mu020,12.82650,1.427297,2.029685,6.162799,2.536607,0.597965,0.753318,7.38114
insert_mu020,12.85200,1.433256,1.856702,6.388541,0.803460,0.598417,0.752354,7.30902
insert_mu020,12.87750,1.439221,1.852449,6.347898,0.210603,0.598769,0.752333,7.27669
insert_mu020,12.90300,1.445192,2.045040,6.208101,0.735236,0.598913,0.752493,7.27196
insert_mu020,12.92850,1.451169,2.040292,6.292569,3.377858,0.599061,0.752584,7.27076
insert_mu020,12.95400,1.457151,2.016018,6.451783,3.826815,0.599263,0.752497,7.27064
insert_mu020,12.97950,1.463139,2.023487,6.386215,2.842849,0.599343,0.753423,7.31044
insert_mu020,13.00500,1.469133,2.133927,6.306218,1.495021,0.599509,0.754570,7.35224
insert_mu020,13.03050,1.475132,2.112287,6.387032,0.120511,0.600177,0.755343,7.35218
insert_mu020,13.05600,1.481137,2.380842,6.492739,0.688870,0.601306,0.755280,7.30261
insert_mu020,13.08150,1.487147,3.454822,6.663384,2.221357,0.602732,0.754828,7.22698
insert_mu020,13.10700,1.493162,4.611080,6.764422,3.964839,0.604559,0.756089,7.20427
insert_mu020,13.13250,1.499183,5.891784,6.883346,5.687800,0.606381,0.757148,7.18191
insert_mu020,13.15800,1.505209,6.582432,7.118526,6.153310,0.608196,0.757996,7.15993
insert_mu020,13.18350,1.511240,3.903287,6.170650,4.764557,0.609726,0.764316,7.34268
insert_mu020,13.20900,1.517276,2.983091,6.650342,2.837914,0.610718,0.767761,7.43437
insert_mu020,13.23450,1.523317,2.317776,6.659102,2.633220,0.610771,0.765099,7.32794
insert_mu020,13.26000,1.529363,2.009210,6.466524,3.412858,0.610738,0.766384,7.38967
insert_mu020,13.28550,1.535413,1.964615,6.419990,2.258881,0.610752,0.768418,7.47642
insert_mu020,13.31100,1.541469,2.074173,6.598939,0.436404,0.611019,0.769237,7.48653
insert_mu020,13.33650,1.547529,2.119795,6.680954,0.194925,0.611512,0.768855,7.45911
insert_mu020,13.36200,1.553594,2.053856,6.644157,2.028196,0.612090,0.767943,7.41510
insert_mu020,13.38750,1.559663,2.110227,6.576318,2.957284,0.612223,0.768502,7.41647
insert_mu020,13.41300,1.565737,2.184910,6.645712,4.400168,0.612507,0.768405,7.40180
insert_mu020,13.43850,1.571815,2.202928,6.746633,2.051574,0.612935,0.767679,7.37174
insert_mu020,13.46400,1.577898,2.371009,6.718657,0.629928,0.613743,0.769291,7.41212
insert_mu020,13.48950,1.583984,3.538493,6.890038,1.109723,0.614944,0.770279,7.40129
insert_mu020,13.51500,1.590076,4.885658,7.059565,3.026609,0.616765,0.769977,7.29698
insert_mu020,13.54050,1.596171,6.342842,7.253273,5.426053,0.618396,0.770172,7.23464
insert_mu020,13.56600,1.602270,7.530544,7.410665,5.423460,0.619365,0.769494,7.17027
insert_mu020,13.59150,1.608373,9.735726,7.792757,8.450890,0.618337,0.765600,7.06637
insert_mu020,13.61700,1.614481,10.667879,8.156270,9.516380,0.618215,0.775170,7.50227
insert_mu020,13.64250,1.620592,6.551627,5.682098,4.859950,0.618693,0.789637,8.11556
insert_mu020,13.66800,1.626707,4.968412,6.360640,1.395719,0.620519,0.787637,7.91185
insert_mu020,13.69350,1.632825,2.461705,7.060352,1.193604,0.621215,0.783696,7.68597
insert_mu020,13.71900,1.638948,1.292997,6.789219,2.529862,0.620909,0.778035,7.44034
insert_mu020,13.74450,1.645074,2.052394,6.444228,4.041592,0.619619,0.776892,7.46529
insert_mu020,13.77000,1.651203,1.911860,6.394120,4.319526,0.619121,0.777191,7.50945
insert_mu020,13.79550,1.657336,2.285203,6.681589,4.068543,0.619908,0.779434,7.56633
insert_mu020,13.82100,1.663472,1.510940,6.798471,0.020541,0.619913,0.780817,7.62865
insert_mu020,13.84650,1.669611,1.271261,6.640192,0.558222,0.619721,0.780989,7.64744
insert_mu020,13.87200,1.675754,1.645371,6.579807,0.548690,0.619445,0.778170,7.53622
insert_mu020,13.89750,1.681900,1.715526,6.671523,1.459516,0.619693,0.777828,7.50740
insert_mu020,13.92300,1.688049,1.408683,6.756359,1.668295,0.620084,0.778535,7.51447
insert_mu020,13.94850,1.694201,1.731273,6.672645,2.303262,0.619759,0.778641,7.50867
insert_mu020,13.97400,1.700356,1.504843,6.602088,0.045295,0.619452,0.778174,7.50783
insert_mu020,13.99950,1.706514,1.498956,6.672411,0.479012,0.619158,0.777236,7.51106
insert_mu020,14.02500,1.712674,1.587098,6.742416,0.968074,0.619591,0.779498,7.56294
insert_mu020,14.05050,1.718838,1.435671,6.670374,1.636372,0.619734,0.780274,7.58001
insert_mu020,14.07600,1.725004,1.533891,6.626673,2.683036,0.619443,0.778841,7.54608
insert_mu020,14.10150,1.731172,1.424785,6.683059,2.192249,0.619513,0.778435,7.53619
insert_mu020,14.12700,1.737343,1.451636,6.730309,1.542124,0.619646,0.778421,7.53448
insert_mu020,14.15250,1.743517,1.428471,6.672740,0.240558,0.619769,0.778942,7.54262
insert_mu020,14.17800,1.749693,1.435004,6.645084,0.031822,0.620172,0.779000,7.52882
insert_mu020,14.20350,1.755871,1.487459,6.699258,2.170201,0.620654,0.779052,7.51476
insert_mu020,14.22900,1.762052,1.511656,6.739996,3.184741,0.620892,0.780282,7.55629
insert_mu020,14.25450,1.768234,1.550060,6.714853,2.433546,0.621205,0.780792,7.56728
insert_mu020,14.28000,1.774419,1.588924,6.689138,0.651540,0.621573,0.780758,7.55514
insert_mu020,14.30550,1.780606,1.629604,6.732798,0.407163,0.621855,0.781184,7.55975
insert_mu020,14.33100,1.786795,1.675549,6.788471,1.623647,0.621244,0.780639,7.56089
insert_mu020,14.35650,1.792985,1.065926,6.646659,1.589279,0.619457,0.778816,7.55748
insert_mu020,14.38200,1.799178,1.478443,6.740025,3.127688,0.619730,0.779124,7.55180
insert_mu020,14.40750,1.805372,1.722951,6.635043,1.855586,0.620139,0.779825,7.56073
insert_mu020,14.43300,1.811568,1.501893,6.613549,0.214847,0.620095,0.780659,7.60555
insert_mu020,14.45850,1.817765,1.526777,6.717905,0.050227,0.619352,0.778786,7.55581
insert_mu020,14.48400,1.823964,1.651236,6.718414,1.620381,0.618683,0.776654,7.49075
insert_mu020,14.50950,1.830165,1.397138,6.635894,2.557577,0.619832,0.778611,7.53498
insert_mu020,14.53500,1.836366,1.565621,6.644482,2.805199,0.620125,0.779268,7.55162
insert_mu020,14.56050,1.842570,1.618471,6.719332,1.674175,0.619812,0.778987,7.54840
insert_mu020,14.58600,1.848774,1.353452,6.705627,0.602665,0.619202,0.777311,7.51712
insert_mu020,14.61150,1.854979,1.561594,6.636990,0.285285,0.619245,0.777623,7.52270
insert_mu020,14.63700,1.861186,1.487264,6.658722,0.366472,0.620084,0.780349,7.57309
insert_mu020,14.66250,1.867394,1.354848,6.726689,1.667368,0.619910,0.779744,7.56773
insert_mu020,14.68800,1.873602,1.597078,6.699960,3.220628,0.619572,0.778747,7.55279
insert_mu020,14.71350,1.879812,1.387368,6.636872,2.197154,0.619169,0.777859,7.53304
insert_mu020,14.73900,1.886022,1.370083,6.674172,0.078030,0.619612,0.778663,7.53676
insert_mu020,14.76450,1.892233,1.552325,6.717616,1.031328,0.620143,0.779509,7.54164
insert_mu020,14.79000,1.898445,1.342180,6.675574,0.165893,0.619746,0.777863,7.51459
insert_mu020,14.81550,1.904657,1.408763,6.643102,2.547876,0.619417,0.777699,7.51753
insert_mu020,14.84100,1.910870,1.462334,6.682811,3.097829,0.619172,0.778489,7.53954
insert_mu020,14.86650,1.917083,1.369575,6.715163,1.644123,0.619891,0.779293,7.55533
insert_mu020,14.89200,1.923296,1.439510,6.670067,0.705556,0.619966,0.779258,7.55503
insert_mu020,14.91750,1.929510,1.383080,6.640286,0.367166,0.619317,0.778282,7.53666
insert_mu020,14.94300,1.935724,1.410359,6.684160,0.852850,0.619280,0.778631,7.55447
insert_mu020,14.96850,1.941939,1.412422,6.715129,1.843841,0.619483,0.778809,7.55444
insert_mu020,14.99400,1.948153,1.386034,6.684796,2.085792,0.620033,0.778363,7.51100
insert_mu020,15.01950,1.954367,1.462099,6.668920,2.027585,0.620334,0.779061,7.52324
insert_mu020,15.04500,1.960582,1.488679,6.703555,1.024997,0.620609,0.779937,7.54590
insert_mu020,15.07050,1.966796,1.532116,6.735310,0.645814,0.621086,0.780105,7.54142
insert_mu020,15.09600,1.973010,1.586084,6.714847,1.147805,0.621476,0.780664,7.55068
insert_mu020,15.12150,1.979224,1.622425,6.704022,2.305655,0.621812,0.781436,7.56708
insert_mu020,15.14700,1.985437,1.698271,6.752306,3.088364,0.622114,0.781911,7.56744
insert_mu020,15.17250,1.991650,1.290351,6.752955,1.488163,0.621651,0.781119,7.55099
insert_mu020,15.19800,1.997863,1.187289,6.628414,0.466976,0.620391,0.779010,7.51706
insert_mu020,15.22350,2.004075,1.612602,6.586368,0.319843,0.620247,0.779191,7.52147
insert_mu020,15.24900,2.010286,1.626180,6.698367,0.997877,0.619855,0.778567,7.51066
insert_mu020,15.27450,2.016496,1.399632,6.764462,2.553684,0.618838,0.776118,7.46610
insert_mu020,15.30000,2.022706,1.718459,6.668442,3.412980,0.619406,0.777848,7.51396
insert_mu020,15.32550,2.028915,1.442254,6.597486,1.931139,0.620142,0.780151,7.57591
insert_mu020,15.35100,2.035123,1.457776,6.694784,0.250367,0.619904,0.780370,7.59692
insert_mu020,15.37650,2.041330,1.604743,6.740027,0.962236,0.619400,0.779204,7.57072
insert_mu020,15.40200,2.047537,1.352252,6.644860,1.293568,0.618866,0.777567,7.52562
insert_mu020,15.42750,2.053741,1.442169,6.625297,2.910072,0.619651,0.779225,7.55962
insert_mu020,15.45300,2.059945,1.605123,6.713904,3.241926,0.619977,0.779321,7.55134
insert_mu020,15.47850,2.066148,1.359572,6.726423,1.715913,0.619865,0.777917,7.50254
insert_mu020,15.50400,2.072349,1.514218,6.640603,0.129847,0.619365,0.777414,7.50209
insert_mu020,15.52950,2.078548,1.519601,6.638847,0.549138,0.619313,0.777842,7.52281
insert_mu020,15.55500,2.084746,1.341194,6.727326,1.008213,0.620052,0.779744,7.57404
insert_mu020,15.58050,2.090943,1.582275,6.721649,2.617320,0.619856,0.779210,7.56465
insert_mu020,15.60600,2.097138,1.374230,6.640711,2.522474,0.619464,0.778434,7.55058
insert_mu020,15.63150,2.103331,1.397529,6.658766,1.270721,0.619177,0.778793,7.56907
insert_mu020,15.65700,2.109523,1.500140,6.730791,0.509121,0.619630,0.779054,7.56013
insert_mu020,15.68250,2.115712,1.332067,6.706293,0.056072,0.620314,0.779128,7.53706
insert_mu020,15.70800,2.121900,1.451096,6.634519,0.779985,0.619732,0.777946,7.50985
insert_mu020,15.73350,2.128086,1.426749,6.662863,1.818329,0.619453,0.777727,7.51054
insert_mu020,15.75900,2.134270,1.356034,6.733204,2.462540,0.619442,0.778362,7.53604
insert_mu020,15.78450,2.140451,1.468245,6.697703,2.290056,0.619984,0.778773,7.53421
insert_mu020,15.81000,2.146630,1.421188,6.634545,1.234218,0.620409,0.779530,7.54756
insert_mu020,15.83550,2.152807,1.416866,6.669703,0.330015,0.620621,0.780837,7.58607
insert_mu020,15.86100,2.158982,1.531513,6.744312,0.651681,0.620950,0.780887,7.58291
insert_mu020,15.88650,2.165154,1.519936,6.728569,2.434380,0.621271,0.780729,7.57076
insert_mu020,15.91200,2.171324,1.595000,6.675953,2.972765,0.621496,0.780747,7.55844
insert_mu020,15.93750,2.177492,1.602306,6.707727,2.190236,0.621707,0.780907,7.54907
insert_mu020,15.96300,2.183656,1.660162,6.776050,0.415743,0.621901,0.781128,7.54206
insert_mu020,15.98850,2.189818,1.531735,6.778592,0.757455,0.621998,0.781326,7.54260
insert_mu020,16.01400,2.195977,1.103282,6.517181,2.280699,0.621404,0.781340,7.56059
insert_mu020,16.03950,2.202133,1.522955,6.660017,2.678269,0.620241,0.781205,7.59290
insert_mu020,16.06500,2.208287,1.702467,6.792800,3.143179,0.619122,0.778673,7.55554
insert_mu020,16.09050,2.214437,1.325365,6.697568,0.675903,0.618901,0.777980,7.54973
insert_mu020,16.11600,2.220585,1.656954,6.584249,1.107107,0.619959,0.779970,7.59075
insert_mu020,16.14150,2.226729,1.578491,6.674987,0.755871,0.620116,0.779913,7.57225
insert_mu020,16.16700,2.232870,1.338272,6.770461,1.319978,0.619894,0.778919,7.53302
insert_mu020,16.19250,2.239008,1.633217,6.679338,3.326249,0.619114,0.776460,7.46826
insert_mu020,16.21800,2.245142,1.437231,6.595909,2.915185,0.619405,0.777405,7.49014
insert_mu020,16.24350,2.251273,1.351033,6.700798,1.111992,0.620026,0.779364,7.53907
insert_mu020,16.26900,2.257401,1.601952,6.750505,0.871794,0.619929,0.778824,7.53207
insert_mu020,16.29450,2.263524,1.389859,6.640314,0.384668,0.619493,0.778374,7.53712
insert_mu020,16.32000,2.269645,1.406369,6.613727,2.181632,0.618803,0.777993,7.55131
insert_mu020,16.34550,2.275762,1.646217,6.713933,3.297558,0.619673,0.779512,7.57829
insert_mu020,16.37100,2.281874,1.344786,6.734865,2.020832,0.620019,0.779744,7.57192
insert_mu020,16.39650,2.287984,1.494247,6.643152,0.720380,0.619677,0.778286,7.52175
insert_mu020,16.42200,2.294089,1.515458,6.627867,0.677731,0.619372,0.778075,7.52531
insert_mu020,16.44750,2.300190,1.336148,6.717458,0.649968,0.619363,0.778229,7.53230
insert_mu020,16.47300,2.306287,1.506990,6.723631,1.109750,0.620044,0.778783,7.52710
insert_mu020,16.49850,2.312380,1.382851,6.644354,1.405104,0.619839,0.778490,7.52641
insert_mu020,16.52400,2.318469,1.396955,6.650292,2.346550,0.619368,0.778095,7.53257
insert_mu020,16.54950,2.324554,1.484690,6.725620,2.213357,0.619269,0.778871,7.56618
insert_mu020,16.57500,2.330634,1.329365,6.712303,0.899116,0.619634,0.779329,7.57184
insert_mu020,16.60050,2.336710,1.469131,6.635380,0.620506,0.620306,0.779563,7.55829
insert_mu020,16.62600,2.342781,1.445375,6.655283,0.089659,0.620144,0.779716,7.56104
insert_mu020,16.65150,2.348848,1.399997,6.728098,2.504354,0.620161,0.779544,7.55050
insert_mu020,16.67700,2.354911,1.543413,6.724494,3.522010,0.620395,0.778976,7.52381
insert_mu020,16.70250,2.360968,1.497384,6.669261,1.735815,0.620653,0.779128,7.52286
insert_mu020,16.72800,2.367021,1.545365,6.684959,0.071785,0.620892,0.779579,7.53172
insert_mu020,16.75350,2.373069,1.586483,6.755189,0.457277,0.621082,0.780476,7.55458
insert_mu020,16.77900,2.379113,1.585233,6.743131,1.916727,0.621444,0.780617,7.55384
insert_mu020,16.80450,2.385151,1.696970,6.724096,2.806700,0.621478,0.780403,7.55329
insert_mu020,16.83000,2.391184,1.387599,6.710597,2.270197,0.619716,0.779733,7.59111
insert_mu020,16.85550,2.397212,0.992280,6.663390,0.300806,0.619366,0.779428,7.58756
insert_mu020,16.88100,2.403236,1.354076,6.611655,0.739038,0.619902,0.779383,7.55907
insert_mu020,16.90650,2.409253,1.721580,6.687916,0.947127,0.619946,0.779938,7.57062
insert_mu020,16.93200,2.415266,1.352188,6.740284,1.461895,0.619651,0.779396,7.55811
insert_mu020,16.95750,2.421273,1.466784,6.675379,2.018672,0.618975,0.777620,7.51862
insert_mu020,16.98300,2.427275,1.564346,6.628170,2.137412,0.619595,0.777952,7.51198
insert_mu020,17.00850,2.433271,1.342672,6.688856,1.031036,0.620044,0.778498,7.51547
insert_mu020,17.03400,2.439262,1.508189,6.729282,0.174628,0.619875,0.779020,7.53217
insert_mu020,17.05950,2.445247,1.398950,6.666037,0.536514,0.619407,0.778192,7.52972
insert_mu020,17.08500,2.451227,1.371093,6.633092,1.927924,0.619098,0.777594,7.52974
insert_mu020,17.11050,2.457200,1.463747,6.699836,3.120827,0.619811,0.779621,7.56371
insert_mu020,17.13600,2.463168,1.334104,6.725657,2.288887,0.619867,0.779939,7.57146
insert_mu020,17.16150,2.469130,1.382652,6.662539,0.205574,0.619538,0.779207,7.56190
insert_mu020,17.18700,2.475086,1.379948,6.640593,0.268673,0.619278,0.777904,7.52423
insert_mu020,17.21250,2.481036,1.326213,6.704620,0.652440,0.619435,0.777925,7.51837
insert_mu020,17.23800,2.486980,1.397947,6.719541,2.428316,0.620027,0.779321,7.54560
insert_mu020,17.26350,2.492918,1.337776,6.661188,2.267171,0.619759,0.778413,7.51793
insert_mu020,17.28900,2.498849,1.343370,6.657716,1.694960,0.619481,0.777842,7.50796
insert_mu020,17.31450,2.504774,1.377176,6.706960,0.760090,0.619318,0.778245,7.53882
insert_mu020,17.34000,2.510693,1.325760,6.704891,0.437782,0.619643,0.779247,7.56138
insert_mu020,17.36550,2.516606,1.381042,6.655622,0.955777,0.619909,0.779860,7.57015
insert_mu020,17.39100,2.522512,1.354027,6.657586,1.317849,0.619475,0.778468,7.53712
insert_mu020,17.41650,2.528411,1.342273,6.707027,2.086062,0.619388,0.778273,7.53548
insert_mu020,17.44200,2.534304,1.395334,6.701174,2.299629,0.619515,0.778692,7.54821
insert_mu020,17.46750,2.540190,1.358508,6.651700,1.926760,0.619949,0.778682,7.52943
insert_mu020,17.49300,2.546069,1.382335,6.664237,0.506335,0.620308,0.779052,7.53085
insert_mu020,17.51850,2.551941,1.446513,6.720905,0.134396,0.620593,0.779786,7.55167
insert_mu020,17.54400,2.557807,1.471791,6.723455,1.630567,0.620880,0.780425,7.56770
insert_mu020,17.56950,2.563665,1.533121,6.683609,2.933979,0.621192,0.780858,7.57216
insert_mu020,17.59500,2.569517,1.556206,6.695987,2.365905,0.621549,0.780953,7.55769
insert_mu020,17.62050,2.575361,1.581799,6.746103,0.730047,0.621722,0.781392,7.56992
insert_mu020,17.64600,2.581198,1.637947,6.749593,0.251553,0.621893,0.781640,7.57578
insert_mu020,17.67150,2.587029,1.689871,6.733170,1.542064,0.622207,0.780996,7.53988
insert_mu020,17.69700,2.592851,1.221432,6.649900,1.407352,0.621202,0.779827,7.52888
insert_mu020,17.72250,2.598667,1.475997,6.762443,2.568282,0.619748,0.778570,7.52949
insert_mu020,17.74800,2.604475,1.717161,6.629055,2.173724,0.620229,0.778890,7.52248
insert_mu020,17.77350,2.610275,1.426302,6.598225,0.630652,0.619876,0.778132,7.50746
insert_mu020,17.79900,2.616068,1.456539,6.711217,0.369898,0.618786,0.776419,7.48533
insert_mu020,17.82450,2.621854,1.598312,6.728727,0.212527,0.619321,0.778722,7.54618
insert_mu020,17.85000,2.627631,1.336866,6.636296,1.547045,0.619797,0.780159,7.58176
insert_mu020,17.87550,2.633401,1.489999,6.638382,2.649226,0.620082,0.780003,7.57308
insert_mu020,17.90100,2.639163,1.549978,6.726770,2.365398,0.619462,0.779045,7.55825
insert_mu020,17.92650,2.644918,1.323178,6.710858,1.290234,0.619016,0.778362,7.54430
insert_mu020,17.95200,2.650664,1.567286,6.631024,0.652560,0.619643,0.778987,7.53676
insert_mu020,17.97750,2.656402,1.465975,6.653645,0.520206,0.619902,0.778654,7.51854
insert_mu020,18.00300,2.662132,1.349564,6.734642,1.674896,0.619898,0.777964,7.50039
insert_mu020,18.02850,2.667855,1.553713,6.703301,3.165767,0.619175,0.777869,7.51918
insert_mu020,18.05400,2.673569,1.324773,6.627938,2.103737,0.619278,0.778343,7.53475
insert_mu020,18.07950,2.679274,1.371582,6.673597,0.483828,0.620059,0.779282,7.54766
insert_mu020,18.10500,2.684972,1.412711,6.731157,0.286747,0.619810,0.779208,7.55683
insert_mu020,18.13050,2.690661,1.313797,6.682269,0.346813,0.619490,0.779011,7.56018
insert_mu020,18.15600,2.696341,1.384000,6.635402,2.003520,0.619097,0.778668,7.55533
insert_mu020,18.18150,2.702014,1.402396,6.684827,2.841066,0.619679,0.778627,7.53448
insert_mu020,18.20700,2.707677,1.356687,6.730689,2.233742,0.620087,0.778563,7.51813
insert_mu020,18.23250,2.713332,1.412458,6.675469,1.019688,0.619563,0.778285,7.52142
insert_mu020,18.25800,2.718978,1.346674,6.629107,0.856637,0.619403,0.777944,7.51782
insert_mu020,18.28350,2.724616,1.407449,6.681276,0.802115,0.619465,0.777770,7.51483
insert_mu020,18.30900,2.730245,1.405487,6.723557,1.281989,0.619976,0.778812,7.53362
insert_mu020,18.33450,2.735864,1.338229,6.670778,2.144478,0.620012,0.779384,7.55565
insert_mu020,18.36000,2.741475,1.464561,6.641835,3.030621,0.619690,0.779600,7.58007
insert_mu020,18.38550,2.747077,1.383042,6.695467,1.884817,0.619919,0.779020,7.54639
insert_mu020,18.41100,2.752670,1.394669,6.719807,0.746909,0.620092,0.778882,7.53342
insert_mu020,18.43650,2.758254,1.477741,6.703523,0.672081,0.620192,0.779323,7.54765
insert_mu020,18.46200,2.763828,1.515571,6.677764,1.631723,0.620468,0.779208,7.52781
insert_mu020,18.48750,2.769394,1.550098,6.714115,2.406919,0.620753,0.779235,7.51574
insert_mu020,18.51300,2.774950,1.590358,6.753843,2.438442,0.620992,0.779814,7.53525
insert_mu020,18.53850,2.780496,1.639099,6.736503,1.396314,0.621232,0.780388,7.55593
insert_mu020,18.56400,2.786034,1.693989,6.719777,0.593441,0.621166,0.780550,7.57120
insert_mu020,18.58950,2.791562,1.381362,6.719691,0.973130,0.619457,0.778528,7.55524
insert_mu020,18.61500,2.797080,1.410382,6.676030,1.454312,0.618923,0.778346,7.56986
insert_mu020,18.64050,2.802588,1.782655,6.599304,2.733354,0.619224,0.779446,7.60471
insert_mu020,18.66600,2.808087,1.427660,6.678584,2.304802,0.620135,0.780175,7.58275
insert_mu020,18.69150,2.813577,1.324327,6.724058,0.671335,0.620178,0.779521,7.55213
insert_mu020,18.71700,2.819056,1.422089,6.672759,0.134148,0.619168,0.777187,7.51099
insert_mu020,18.74250,2.824526,1.336852,6.626573,0.630614,0.619272,0.777635,7.51539
insert_mu020,18.76800,2.829986,1.415542,6.685158,1.636361,0.619670,0.778384,7.52306
insert_mu020,18.79350,2.835436,1.451081,6.721622,2.407334,0.620388,0.778980,7.52462
insert_mu020,18.81900,2.840876,1.318179,6.666749,1.731645,0.619738,0.778479,7.52943
insert_mu020,18.84450,2.846305,1.455197,6.640345,1.421981,0.618911,0.777927,7.53756
insert_mu020,18.87000,2.851725,1.392054,6.696227,0.909869,0.619418,0.778876,7.55592
insert_mu020,18.89550,2.857135,1.325187,6.717260,0.828767,0.619840,0.779401,7.56152
insert_mu020,18.92100,2.862534,1.402343,6.660586,0.972775,0.620157,0.779603,7.55846
insert_mu020,18.94650,2.867923,1.306538,6.651453,1.612756,0.619274,0.778599,7.54505
insert_mu020,18.97200,2.873302,1.331060,6.719502,2.450566,0.619161,0.778146,7.53083
insert_mu020,18.99750,2.878670,1.336100,6.713395,2.063516,0.619913,0.778312,7.51569
insert_mu020,19.02300,2.884028,1.314806,6.646749,0.961695,0.619926,0.778750,7.51881
insert_mu020,19.04850,2.889375,1.328144,6.659323,0.246916,0.619659,0.778794,7.52443
insert_mu020,19.07400,2.894712,1.352757,6.714886,0.947192,0.618994,0.777988,7.53113
insert_mu020,19.09950,2.900038,1.338009,6.698847,2.245546,0.619413,0.778623,7.54324
insert_mu020,19.12500,2.905353,1.364904,6.645056,2.898355,0.619969,0.779513,7.55655
insert_mu020,19.15050,2.910658,1.345496,6.664182,2.106381,0.619717,0.779640,7.56804
insert_mu020,19.17600,2.915952,1.354232,6.715709,0.819250,0.619406,0.778776,7.54996
insert_mu020,19.20150,2.921235,1.360632,6.690716,0.552615,0.619123,0.777477,7.51674
insert_mu020,19.22700,2.926507,1.338607,6.638036,1.012991,0.619856,0.778569,7.52116
insert_mu020,19.25250,2.931768,1.352974,6.666154,2.030333,0.620015,0.778911,7.52577
insert_mu020,19.27800,2.937018,1.342730,6.716989,2.411322,0.619580,0.778476,7.53055
insert_mu020,19.30350,2.942257,1.353582,6.693517,2.072934,0.619550,0.778084,7.52470
insert_mu020,19.32900,2.947485,1.386361,6.655116,0.990141,0.619615,0.778168,7.53057
insert_mu020,19.35450,2.952701,1.433393,6.686826,0.500225,0.619792,0.779121,7.55959
insert_mu020,19.38000,2.957907,1.469612,6.730535,0.963462,0.620111,0.779197,7.55382
insert_mu020,19.40550,2.963101,1.502712,6.714424,1.613146,0.620429,0.779110,7.54167
insert_mu020,19.43100,2.968284,1.530772,6.684903,2.086798,0.620602,0.779302,7.54101
insert_mu020,19.45650,2.973455,1.584657,6.716013,1.802786,0.620807,0.779483,7.53675
insert_mu020,19.48200,2.978615,1.624186,6.754597,0.913397,0.621041,0.779662,7.53045
insert_mu020,19.50750,2.983764,1.665075,6.745592,0.662824,0.621406,0.779878,7.52321
insert_mu020,19.53300,2.988901,1.622352,6.736807,1.506317,0.620772,0.779622,7.54203
insert_mu020,19.55850,2.994026,1.300161,6.540152,2.003564,0.619176,0.778912,7.58589
insert_mu020,19.58400,2.999140,1.460155,6.728028,2.721734,0.619151,0.778752,7.57054
insert_mu020,19.60950,3.004242,1.297090,6.706078,1.083841,0.619427,0.778918,7.56091
insert_mu020,19.63500,3.009332,1.316096,6.625027,0.141889,0.620044,0.779572,7.56707
insert_mu020,19.66050,3.014411,1.313448,6.670460,0.843072,0.619746,0.778770,7.54143
insert_mu020,19.68600,3.019477,1.327360,6.743254,2.020832,0.619363,0.777883,7.51447
insert_mu020,19.71150,3.024532,1.328651,6.688266,1.788561,0.619432,0.777869,7.50837
insert_mu020,19.73700,3.029575,1.325812,6.627016,0.832532,0.619740,0.778490,7.51884
insert_mu020,19.76250,3.034605,1.317642,6.686205,0.673015,0.620062,0.779261,7.53588
insert_mu020,19.78800,3.039624,1.322916,6.740713,1.453064,0.619425,0.778504,7.53762
insert_mu020,19.81350,3.044630,1.337636,6.672804,1.917457,0.619283,0.778534,7.54731
insert_mu020,19.83900,3.049625,1.332932,6.626231,1.278646,0.619579,0.779261,7.56406
insert_mu020,19.86450,3.054607,1.328468,6.695008,0.836316,0.619797,0.779509,7.56621
insert_mu020,19.89000,3.059577,1.331403,6.734207,1.364646,0.619737,0.779161,7.55341
insert_mu020,19.91550,3.064534,1.334873,6.661484,2.020933,0.619255,0.777920,7.51840
insert_mu020,19.94100,3.069479,1.344843,6.629572,1.638600,0.619497,0.778042,7.51412
insert_mu020,19.96650,3.074412,1.335824,6.700733,0.824445,0.619797,0.778384,7.51670
insert_mu020,19.99200,3.079332,1.332204,6.724923,0.988563,0.619811,0.778517,7.52017
insert_mu020,20.01750,3.084240,1.341160,6.654292,1.698341,0.619517,0.778381,7.52652
insert_mu020,20.04300,3.089135,1.345669,6.635320,2.223290,0.619192,0.778268,7.53594
insert_mu020,20.06850,3.094018,1.337536,6.707413,1.373756,0.619690,0.779249,7.55856
insert_mu020,20.09400,3.098888,1.331744,6.721036,0.768247,0.619824,0.779461,7.56217
insert_mu020,20.11950,3.103745,1.335169,6.650910,1.255199,0.619658,0.779043,7.55020
insert_mu020,20.14500,3.108590,1.335435,6.644360,1.668362,0.619355,0.778230,7.52903
insert_mu020,20.17050,3.113422,1.333348,6.714306,1.526154,0.619411,0.777973,7.51776
insert_mu020,20.19600,3.118241,1.329533,6.716931,1.012630,0.619983,0.778522,7.52087
insert_mu020,20.22150,3.123047,1.324281,6.649607,1.159436,0.619814,0.778426,7.52262
insert_mu020,20.24700,3.127840,1.331975,6.653168,1.396855,0.619543,0.778302,7.52840
insert_mu020,20.27250,3.132620,1.332268,6.717787,1.466487,0.619365,0.778417,7.54544
insert_mu020,20.29800,3.137387,1.332055,6.709332,1.038027,0.619649,0.779058,7.56190
insert_mu020,20.32350,3.142141,1.354523,6.646812,1.001082,0.620090,0.779813,7.57480
insert_mu020,20.34900,3.146882,1.395834,6.661084,1.485386,0.620305,0.779918,7.56696
insert_mu020,20.37450,3.151610,1.425860,6.729314,1.767933,0.620499,0.779879,7.55392
insert_mu020,20.40000,3.156325,1.455296,6.725147,1.505158,0.620676,0.779731,7.53693
insert_mu020,20.42550,3.161026,1.493331,6.667812,1.169835,0.620943,0.779855,7.53502
insert_mu020,20.45100,3.165714,1.531606,6.683846,1.240622,0.621199,0.780149,7.53884
insert_mu020,20.47650,3.170389,1.558539,6.751980,1.646400,0.621439,0.780669,7.55021
insert_mu020,20.50200,3.175050,1.594463,6.752681,1.803265,0.621660,0.781134,7.56473
insert_mu020,20.52750,3.179698,1.631644,6.698081,1.871288,0.621852,0.781510,7.57584
insert_mu020,20.55300,3.184333,1.671108,6.708639,1.557330,0.621982,0.781697,7.57764
insert_mu020,20.57850,3.188954,1.548116,6.860772,1.415133,0.619834,0.780122,7.57548
insert_mu020,20.60400,3.193561,3.432699,6.124613,5.346270,0.616402,0.777571,7.58326
insert_mu020,20.62950,3.198155,4.784040,6.135187,9.440770,0.610716,0.773364,7.65213
insert_mu020,20.65500,3.202735,3.785983,5.836407,3.131463,0.605936,0.768179,7.63860
insert_mu020,20.68050,3.207302,3.184238,5.947285,4.061880,0.601812,0.762358,7.56823
insert_mu020,20.70600,3.211855,2.949777,6.078217,3.582360,0.598781,0.758843,7.53796
insert_mu020,20.73150,3.216394,3.011875,5.920173,2.136107,0.595779,0.754935,7.49606
insert_mu020,20.75700,3.220919,2.907791,5.915358,2.828030,0.592814,0.750552,7.44003
insert_mu020,20.78250,3.225431,2.851806,5.929472,2.925777,0.589587,0.746650,7.39589
insert_mu020,20.80800,3.229929,2.920276,5.852364,4.412770,0.586148,0.742433,7.35099
insert_mu020,20.83350,3.234412,2.912863,5.874099,3.320400,0.582325,0.737394,7.30102
insert_mu020,20.85900,3.238882,2.883498,5.858803,3.234400,0.578653,0.732341,7.24056
insert_mu020,20.88450,3.243338,2.895223,5.771502,3.476490,0.575133,0.727603,7.18483
insert_mu020,20.91000,3.247780,2.828266,5.786809,2.310297,0.572087,0.724356,7.16793
insert_mu020,20.93550,3.252207,2.828420,5.746923,1.928593,0.569281,0.721018,7.14330
insert_mu020,20.96100,3.256621,2.857337,5.692527,2.626671,0.566608,0.717597,7.11329
insert_mu020,20.98650,3.261021,2.835504,5.717930,4.104220,0.563416,0.713565,7.07336
insert_mu020,21.01200,3.265406,2.869415,5.669153,4.891390,0.559905,0.709163,7.02824
insert_mu020,21.03750,3.269777,2.867564,5.627281,4.174100,0.556035,0.704344,6.97726
insert_mu020,21.06300,3.274134,2.795418,5.639057,2.366758,0.552402,0.699337,6.92176
insert_mu020,21.08850,3.278476,2.797546,5.565969,1.237096,0.549048,0.694856,6.87252
insert_mu020,21.11400,3.282805,2.786123,5.531777,1.367341,0.546198,0.691464,6.83676
insert_mu020,21.13950,3.287118,2.754590,5.545279,3.265251,0.543442,0.688362,6.81500
insert_mu020,21.16500,3.291418,2.809755,5.482013,4.232660,0.540606,0.685015,6.79021
insert_mu020,21.19050,3.295703,2.771610,5.462768,3.992970,0.537331,0.680311,6.73553
insert_mu020,21.21600,3.299973,2.203465,5.540777,1.467423,0.535240,0.677119,6.68612
insert_mu020,21.24150,3.304229,1.421457,5.604905,0.187276,0.533835,0.674768,6.63848
insert_mu020,21.26700,3.308471,0.942126,5.657448,1.429945,0.532168,0.671531,6.56945
insert_mu020,21.29250,3.312698,0.718252,5.832536,0.732972,0.528099,0.668166,6.59098
insert_mu020,21.31800,3.316910,3.664091,5.005910,4.118930,0.521537,0.664668,6.70652
insert_mu020,21.34350,3.321108,3.553527,5.340331,1.158587,0.518136,0.659303,6.61852
insert_mu020,21.36900,3.325291,3.131625,5.336756,3.036337,0.514938,0.653960,6.52508
insert_mu020,21.39450,3.329459,3.006296,5.105107,3.359820,0.511623,0.648945,6.45297
insert_mu020,21.42000,3.333613,2.663347,5.247863,1.955449,0.508351,0.644430,6.39226
insert_mu020,21.44550,3.337751,2.657971,5.249838,4.244600,0.505050,0.639908,6.33218
insert_mu020,21.47100,3.341875,2.783975,5.079674,3.530430,0.501601,0.634866,6.26305
insert_mu020,21.49650,3.345985,2.652337,5.188952,1.815471,0.497989,0.630084,6.21229
insert_mu020,21.52200,3.350079,2.633279,5.164618,1.529865,0.494381,0.625556,6.17087
insert_mu020,21.54750,3.354158,2.715282,5.011490,2.958152,0.491859,0.622336,6.12198
insert_mu020,21.57300,3.358223,2.589336,5.081539,4.302620,0.489215,0.618907,6.08187
insert_mu020,21.59850,3.362272,2.584933,5.064997,3.733190,0.486454,0.615278,6.05016
insert_mu020,21.62400,3.366307,2.644293,4.923434,2.092003,0.482599,0.610397,5.99517
insert_mu020,21.64950,3.370326,2.556706,4.980151,0.530359,0.479044,0.605705,5.94308
insert_mu020,21.67500,3.374331,2.523527,4.987267,0.610935,0.476107,0.601458,5.89829
insert_mu020,21.70050,3.378320,2.626480,4.843039,3.332213,0.473342,0.598504,5.88423
insert_mu020,21.72600,3.382294,2.568802,4.892831,3.792890,0.470380,0.595315,5.86599
insert_mu020,21.75150,3.386253,2.534213,4.907764,3.075718,0.466641,0.590350,5.80992
insert_mu020,21.77700,3.390197,2.623914,4.773913,2.540529,0.463101,0.585703,5.76089
insert_mu020,21.80250,3.394126,2.568990,4.805545,2.296348,0.459752,0.581421,5.71925
insert_mu020,21.82800,3.398039,2.508642,4.829641,2.806652,0.457242,0.579035,5.71310
insert_mu020,21.85350,3.401938,2.589328,4.699164,3.359660,0.454055,0.575205,5.68293
insert_mu020,21.87900,3.405821,2.530932,4.706623,3.147186,0.450268,0.570096,5.63147
insert_mu020,21.90450,3.409688,2.460210,4.735096,2.456776,0.446890,0.565883,5.58936
insert_mu020,21.93000,3.413541,2.522925,4.617269,2.882799,0.443851,0.562284,5.55802
insert_mu020,21.95550,3.417378,2.493775,4.599889,3.372600,0.441311,0.559578,5.54276
insert_mu020,21.98100,3.421199,2.171373,4.667513,2.222555,0.439436,0.556356,5.48617
insert_mu020,22.00650,3.425005,1.409274,4.740123,1.401301,0.437722,0.553129,5.42269
insert_mu020,22.03200,3.428796,0.878219,4.772402,0.759284,0.436063,0.550210,5.36476
insert_mu020,22.05750,3.432571,0.587570,4.846675,0.453639,0.434561,0.547434,5.30899
insert_mu020,22.08300,3.436331,2.383839,4.748648,0.127890,0.432646,0.544533,5.26445
insert_mu020,22.10850,3.440076,4.146792,4.431250,4.893440,0.427123,0.540229,5.29631
insert_mu020,22.13400,3.443804,3.926987,4.135926,8.252240,0.422777,0.535975,5.29383
insert_mu020,22.15950,3.447518,2.938897,4.348467,2.042510,0.419399,0.531762,5.26316
insert_mu020,22.18500,3.451215,2.626913,4.345079,0.187551,0.415450,0.526787,5.21673
insert_mu020,22.21050,3.454897,2.686510,4.299918,0.056729,0.411545,0.521630,5.16371
insert_mu020,22.23600,3.458564,2.694575,4.286465,3.283175,0.407719,0.516235,5.10175
insert_mu020,22.26150,3.462215,2.556475,4.287749,5.570950,0.404021,0.511738,5.05774
insert_mu020,22.28700,3.465850,2.378387,4.256219,4.066000,0.400773,0.507625,5.01412
insert_mu020,22.31250,3.469469,2.338979,4.216558,0.431942,0.398646,0.504088,4.96276
insert_mu020,22.33800,3.473073,2.488716,4.201286,1.148403,0.395456,0.500383,4.93047
insert_mu020,22.36350,3.476661,2.336200,4.182196,0.019091,0.391948,0.496542,4.90165
insert_mu020,22.38900,3.480233,2.350324,4.129538,3.687650,0.389219,0.492291,4.84484
insert_mu020,22.41450,3.483790,2.370294,4.103846,5.126610,0.386524,0.488746,4.80497
insert_mu020,22.44000,3.487330,2.384620,4.091870,3.017088,0.383855,0.485735,4.77794
insert_mu020,22.46550,3.490855,2.251228,4.055383,0.069982,0.380076,0.481223,4.73907
insert_mu020,22.49100,3.494364,2.300667,4.022119,0.852236,0.377033,0.477350,4.69711
insert_mu020,22.51650,3.497858,2.367608,4.002534,1.766712,0.374958,0.474315,4.65109
insert_mu020,22.54200,3.501335,2.295002,3.968245,4.349770,0.371375,0.470222,4.61874
insert_mu020,22.56750,3.504797,2.216457,3.930746,4.140510,0.367974,0.466220,4.58667
insert_mu020,22.59300,3.508242,2.272075,3.915320,1.367071,0.365579,0.462838,4.55008
insert_mu020,22.61850,3.511672,2.304183,3.894346,0.945742,0.362577,0.458959,4.50676
insert_mu020,22.64400,3.515086,2.235445,3.852788,0.163254,0.359389,0.455010,4.46561
insert_mu020,22.66950,3.518484,2.204214,3.826295,2.834684,0.356440,0.451688,4.44969
insert_mu020,22.69500,3.521866,2.250360,3.806204,4.354440,0.353710,0.447904,4.40751
insert_mu020,22.72050,3.525232,2.216757,3.768741,3.546010,0.351115,0.443809,4.34771
insert_mu020,22.74600,3.528582,2.165277,3.737302,0.722984,0.347682,0.440393,4.32675
insert_mu020,22.77150,3.531915,2.223822,3.727637,0.025601,0.344772,0.436832,4.29560
insert_mu020,22.79700,3.535233,2.186341,3.696130,1.501850,0.342496,0.433095,4.25208
insert_mu020,22.82250,3.538535,2.173543,3.647605,3.249557,0.339209,0.429215,4.20861
insert_mu020,22.84800,3.541821,1.833658,3.673158,3.220330,0.336484,0.425646,4.15952
insert_mu020,22.87350,3.545091,1.357728,3.745901,0.067134,0.335278,0.422793,4.09818
insert_mu020,22.89900,3.548345,0.999082,3.807299,1.081989,0.333874,0.420705,4.06825
insert_mu020,22.92450,3.551582,1.489333,3.887750,1.030954,0.332006,0.418964,4.06941
insert_mu020,22.95000,3.554804,2.942006,3.446766,7.340840,0.328302,0.417619,4.16508
insert_mu020,22.97550,3.558009,2.858163,3.618486,5.425670,0.323900,0.412434,4.13266
insert_mu020,23.00100,3.561199,3.089444,3.366357,0.408983,0.319141,0.404906,4.01860
insert_mu020,23.02650,3.564372,2.606183,3.371809,2.903670,0.316585,0.400504,3.92477
insert_mu020,23.05200,3.567529,2.318421,3.386362,2.001986,0.314018,0.396870,3.86871
insert_mu020,23.07750,3.570670,2.313402,3.409363,1.714483,0.311439,0.394098,3.85514
insert_mu020,23.10300,3.573795,2.209932,3.355577,2.288033,0.309411,0.391986,3.85059
insert_mu020,23.12850,3.576903,2.204794,3.289740,5.649710,0.306843,0.388986,3.83198
insert_mu020,23.15400,3.579996,2.049722,3.303090,4.238270,0.303083,0.384073,3.78344
insert_mu020,23.17950,3.583072,1.978446,3.295672,2.779777,0.299560,0.379185,3.73174
insert_mu020,23.20500,3.586132,1.987967,3.235555,2.495755,0.296497,0.374975,3.68618
insert_mu020,23.23050,3.589176,1.963526,3.210784,2.256830,0.295023,0.373502,3.66969
insert_mu020,23.25600,3.592203,1.898604,3.214451,1.937659,0.292027,0.369536,3.62625
insert_mu020,23.28150,3.595215,1.872470,3.182363,2.625422,0.288265,0.364307,3.56929
insert_mu020,23.30700,3.598210,1.868288,3.133114,2.132291,0.286657,0.362512,3.55165
insert_mu020,23.33250,3.601189,1.834275,3.107609,1.811823,0.284168,0.359431,3.52210
insert_mu020,23.35800,3.604152,1.782825,3.095252,0.899297,0.280764,0.355015,3.48020
insert_mu020,23.38350,3.607098,1.745321,3.052912,1.514255,0.278182,0.351948,3.44404
insert_mu020,23.40900,3.610028,1.724287,3.011278,1.798960,0.275744,0.349005,3.41435
insert_mu020,23.43450,3.612942,1.693939,2.999014,1.600211,0.273438,0.346081,3.39561
insert_mu020,23.46000,3.615840,1.679829,2.978091,0.973673,0.270207,0.341928,3.35586
insert_mu020,23.48550,3.618722,1.703458,2.938151,0.571024,0.267176,0.338097,3.31810
insert_mu020,23.51100,3.621587,1.718369,2.915593,1.591746,0.265787,0.336645,3.30839
insert_mu020,23.53650,3.624436,1.722162,2.910267,2.260081,0.262643,0.332521,3.25976
insert_mu020,23.56200,3.627269,1.737225,2.881378,2.278319,0.258789,0.327306,3.19532
insert_mu020,23.58750,3.630085,1.747764,2.841113,2.339562,0.257824,0.326358,3.19410
insert_mu020,23.61300,3.632885,1.713803,2.821979,2.058564,0.255399,0.323279,3.16282
insert_mu020,23.63850,3.635669,1.658237,2.801995,1.551043,0.251573,0.318157,3.10269
insert_mu020,23.66400,3.638437,1.613798,2.759912,1.508646,0.249448,0.315545,3.07818
insert_mu020,23.68950,3.641189,1.586671,2.721878,1.208141,0.247323,0.313053,3.05620
insert_mu020,23.71500,3.643924,1.539392,2.707591,0.843215,0.245018,0.310501,3.03471
insert_mu020,23.74050,3.646643,1.558776,2.686899,0.727286,0.241682,0.305868,2.98710
insert_mu020,23.76600,3.649345,1.578446,2.652676,1.262773,0.238700,0.301786,2.94611
insert_mu020,23.79150,3.652032,1.608819,2.631804,2.174365,0.237680,0.301131,2.94727
insert_mu020,23.81700,3.654702,1.610051,2.622517,2.525546,0.234855,0.297412,2.90849
insert_mu020,23.84250,3.657356,1.617342,2.588178,2.108105,0.231407,0.292546,2.85295
insert_mu020,23.86800,3.659993,1.335990,2.570199,1.326445,0.230510,0.291191,2.82667
insert_mu020,23.89350,3.662615,0.765610,2.601567,0.593752,0.229110,0.289246,2.80246
insert_mu020,23.91900,3.665220,0.615781,2.642214,1.247238,0.227263,0.286777,2.78011
insert_mu020,23.94450,3.667809,0.442884,2.755342,0.942636,0.226816,0.286142,2.77445
insert_mu020,23.97000,3.670381,1.047322,2.697309,0.174534,0.224452,0.283261,2.74989
insert_mu020,23.99550,3.672938,2.014836,2.303704,1.308874,0.219039,0.276793,2.69506
insert_mu020,24.02100,3.675478,2.311481,2.226628,1.527894,0.216955,0.274119,2.66212
insert_mu020,24.04650,3.678002,2.414668,2.353272,1.632819,0.214979,0.271532,2.63078
insert_mu020,24.07200,3.680509,1.789488,2.384140,3.328076,0.211246,0.266833,2.59046
insert_mu020,24.09750,3.683001,1.742783,2.308242,3.415874,0.208134,0.263309,2.57160
insert_mu020,24.12300,3.685476,1.645575,2.246779,3.772110,0.205429,0.260439,2.56227
insert_mu020,24.14850,3.687935,1.546704,2.274289,0.532767,0.203632,0.258446,2.55091
insert_mu020,24.17400,3.690378,1.500966,2.283649,0.091715,0.201674,0.255773,2.52050
insert_mu020,24.19950,3.692805,1.498530,2.226714,0.792402,0.199584,0.252542,2.47443
insert_mu020,24.22500,3.695216,1.402972,2.178061,0.859260,0.196536,0.248135,2.41399
insert_mu020,24.25050,3.697610,1.419250,2.176821,2.300652,0.193999,0.244893,2.37839
insert_mu020,24.27600,3.699988,1.381335,2.177354,1.947103,0.192216,0.243345,2.37858
insert_mu020,24.30150,3.702351,1.366541,2.131734,0.146252,0.189544,0.239811,2.33914
insert_mu020,24.32700,3.704697,1.354092,2.088941,0.330975,0.186970,0.236508,2.30600
insert_mu020,24.35250,3.707027,1.294087,2.084584,1.438759,0.185095,0.234789,2.30892
insert_mu020,24.37800,3.709340,1.315740,2.080681,2.967067,0.182883,0.231838,2.27350
insert_mu020,24.40350,3.711638,1.321013,2.036290,2.478532,0.180518,0.228431,2.22484
insert_mu020,24.42900,3.713920,1.284603,1.995909,0.340872,0.178076,0.225363,2.19304
insert_mu020,24.45450,3.716185,1.243058,1.992526,0.341546,0.176122,0.222790,2.16055
insert_mu020,24.48000,3.718435,1.224293,1.985378,1.175912,0.174537,0.220592,2.12755
insert_mu020,24.50550,3.720668,1.258304,1.941032,2.491284,0.172130,0.217669,2.11016
insert_mu020,24.53100,3.722886,1.290179,1.901990,1.861829,0.169692,0.214601,2.08644
insert_mu020,24.55650,3.725087,1.236675,1.898995,0.505305,0.167211,0.211344,2.05442
insert_mu020,24.58200,3.727272,1.194806,1.890684,0.177766,0.165388,0.209312,2.04058
insert_mu020,24.60750,3.729442,1.173788,1.849287,1.481759,0.163536,0.207157,2.02482
insert_mu020,24.63300,3.731595,1.149206,1.813787,2.024187,0.161367,0.204243,1.99751
insert_mu020,24.65850,3.733733,1.170776,1.809666,1.509242,0.159113,0.201203,1.96130
insert_mu020,24.68400,3.735855,1.164813,1.799619,0.461304,0.156904,0.198281,1.92442
insert_mu020,24.70950,3.737960,1.143320,1.757785,0.609700,0.155115,0.196254,1.90198
insert_mu020,24.73500,3.740050,1.156533,1.720415,1.303066,0.153241,0.194001,1.88276
insert_mu020,24.76050,3.742124,1.117629,1.718659,1.743035,0.151295,0.191576,1.86556
insert_mu020,24.78600,3.744182,1.079846,1.711368,1.162614,0.148768,0.188451,1.83697
insert_mu020,24.81150,3.746224,1.075290,1.675330,0.798417,0.146547,0.185626,1.81231
insert_mu020,24.83700,3.748251,1.095139,1.634703,0.923682,0.144700,0.183165,1.79242
insert_mu020,24.86250,3.750261,1.089572,1.624204,1.190025,0.143059,0.181114,1.76170
insert_mu020,24.88800,3.752256,1.047686,1.619969,1.131259,0.141287,0.178784,1.73184
insert_mu020,24.91350,3.754235,1.041699,1.592062,1.176912,0.139164,0.175725,1.70702
insert_mu020,24.93900,3.756199,1.008302,1.556150,1.065820,0.136967,0.172972,1.68184
insert_mu020,24.96450,3.758147,1.023074,1.537812,0.681697,0.134861,0.170453,1.65801
insert_mu020,24.99000,3.760079,1.015797,1.530157,0.639958,0.133301,0.168530,1.64104
insert_mu020,25.01550,3.761995,1.001300,1.503307,1.079024,0.131551,0.166479,1.62262
insert_mu020,25.04100,3.763896,0.981199,1.472222,1.643160,0.129670,0.164313,1.60278
insert_mu020,25.06650,3.765781,0.951353,1.458905,1.164676,0.127549,0.161341,1.57092
insert_mu020,25.09200,3.767650,0.952181,1.450462,0.274165,0.125535,0.158707,1.54544
insert_mu020,25.11750,3.769504,0.966743,1.420176,0.191506,0.123642,0.156454,1.52712
insert_mu020,25.14300,3.771342,0.978254,1.383642,1.419618,0.122188,0.154522,1.49937
insert_mu020,25.16850,3.773165,0.929207,1.371538,1.914892,0.120589,0.152539,1.47526
insert_mu020,25.19400,3.774973,0.889129,1.369966,0.921833,0.118604,0.150386,1.46046
insert_mu020,25.21950,3.776765,0.668977,1.394683,0.422346,0.117476,0.148571,1.43024
insert_mu020,25.24500,3.778541,0.547941,1.430904,0.191719,0.116592,0.146904,1.39902
insert_mu020,25.27050,3.780302,0.673178,1.436200,1.223206,0.115625,0.145421,1.38309
insert_mu020,25.29600,3.782048,0.514609,1.453558,0.472104,0.115420,0.145035,1.37680
insert_mu020,25.32150,3.783779,0.707181,1.452797,1.153094,0.115466,0.145103,1.37545
insert_mu020,25.34700,3.785494,1.723056,1.197133,0.441788,0.112332,0.142065,1.36186
insert_mu020,25.37250,3.787194,1.420181,1.166452,3.392609,0.108374,0.137193,1.31921
insert_mu020,25.39800,3.788878,1.265642,1.219693,2.140123,0.103559,0.130412,1.24633
insert_mu020,25.42350,3.790548,1.300185,1.148194,2.135677,0.103350,0.130478,1.25336
insert_mu020,25.44900,3.792202,1.141686,1.140761,3.021692,0.102466,0.129605,1.24939
insert_mu020,25.47450,3.793841,1.241010,1.128062,2.102543,0.099632,0.125952,1.21290
insert_mu020,25.50000,3.795465,1.019064,1.126102,1.444770,0.098024,0.124315,1.21025
insert_mu020,25.52550,3.797073,1.059554,1.097643,1.954981,0.096675,0.122979,1.20860
insert_mu020,25.55100,3.798667,1.062382,1.057546,1.426347,0.095049,0.120742,1.17712
insert_mu020,25.57650,3.800246,0.831304,1.058385,2.285068,0.093228,0.118014,1.14399
insert_mu020,25.60200,3.801810,0.899344,1.048824,1.710927,0.091371,0.115170,1.11213
insert_mu020,25.62750,3.803359,0.815416,1.038389,0.549919,0.090334,0.114117,1.10557
insert_mu020,25.65300,3.804893,0.808078,1.007659,1.409031,0.088609,0.112158,1.09023
insert_mu020,25.67850,3.806412,0.795094,0.986278,0.552513,0.086224,0.109327,1.06647
insert_mu020,25.70400,3.807916,0.765497,0.981787,0.821710,0.085327,0.108131,1.05363
insert_mu020,25.72950,3.809405,0.742886,0.967453,1.567267,0.084060,0.106407,1.03286
insert_mu020,25.75500,3.810880,0.726387,0.948935,0.027682,0.082018,0.103627,0.99764
insert_mu020,25.78050,3.812340,0.683989,0.927468,0.330249,0.080711,0.102049,0.98565
insert_mu020,25.80600,3.813785,0.695244,0.918448,0.638461,0.079420,0.100529,0.97596
insert_mu020,25.83150,3.815216,0.616605,0.909460,0.029800,0.077601,0.098244,0.95536
insert_mu020,25.85700,3.816632,0.672022,0.889030,1.102119,0.076121,0.096273,0.93742
insert_mu020,25.88250,3.818033,0.629577,0.863614,0.928463,0.074806,0.094506,0.92189
insert_mu020,25.90800,3.819420,0.648399,0.847439,0.382123,0.073461,0.093174,0.91618
insert_mu020,25.93350,3.820792,0.629662,0.834186,0.199890,0.071954,0.091188,0.89231
insert_mu020,25.95900,3.822150,0.606093,0.814657,1.248409,0.070303,0.088622,0.85231
insert_mu020,25.98450,3.823494,0.624463,0.798082,1.027885,0.068936,0.087164,0.84387
insert_mu020,26.01000,3.824823,0.557867,0.790727,0.040565,0.067721,0.085676,0.83015
insert_mu020,26.03550,3.826138,0.575189,0.784663,0.139806,0.066726,0.084075,0.80629
insert_mu020,26.06100,3.827439,0.574023,0.757337,0.794853,0.065196,0.082537,0.80097
insert_mu020,26.08650,3.828725,0.572962,0.722819,0.671560,0.063608,0.080880,0.79461
insert_mu020,26.11200,3.829998,0.558874,0.715792,0.275925,0.062187,0.078833,0.77361
insert_mu020,26.13750,3.831256,0.537615,0.724328,0.556514,0.060919,0.077084,0.74816
insert_mu020,26.16300,3.832500,0.545261,0.711687,0.874965,0.059729,0.075480,0.72232
insert_mu020,26.18850,3.833730,0.530231,0.674285,0.472178,0.058610,0.073943,0.70864
insert_mu020,26.21400,3.834946,0.516492,0.645371,0.067466,0.057397,0.072476,0.69343
insert_mu020,26.23950,3.836148,0.517698,0.652258,0.605226,0.056107,0.071067,0.67697
insert_mu020,26.26500,3.837336,0.480357,0.662391,1.062429,0.054748,0.069560,0.67548
insert_mu020,26.29050,3.838511,0.494557,0.631125,0.365977,0.053450,0.067929,0.66235
insert_mu020,26.31600,3.839671,0.492293,0.585934,0.210004,0.052242,0.066124,0.63219
insert_mu020,26.34150,3.840818,0.494328,0.582287,0.347967,0.051068,0.064572,0.61577
insert_mu020,26.36700,3.841952,0.454222,0.605271,1.150859,0.049920,0.063038,0.59978
insert_mu020,26.39250,3.843071,0.475208,0.588791,0.566526,0.048822,0.061424,0.57818
insert_mu020,26.41800,3.844177,0.455977,0.543100,0.258867,0.047704,0.060314,0.57554
insert_mu020,26.44350,3.845270,0.448219,0.522397,0.260145,0.046584,0.059329,0.57757
insert_mu020,26.46900,3.846349,0.446419,0.542319,0.933457,0.045501,0.057815,0.55944
insert_mu020,26.49450,3.847414,0.437832,0.539798,0.639810,0.044355,0.056390,0.54502
insert_mu020,26.52000,3.848466,0.429664,0.494415,0.002034,0.043161,0.055030,0.53338
insert_mu020,26.54550,3.849505,0.408277,0.473497,0.126015,0.042026,0.053111,0.50202
insert_mu020,26.57100,3.850531,0.412725,0.489548,0.634257,0.040928,0.051478,0.48323
insert_mu020,26.59650,3.851543,0.419578,0.491741,0.445930,0.039880,0.050225,0.48102
insert_mu020,26.62200,3.852543,0.398003,0.449939,0.131417,0.038887,0.049044,0.46789
insert_mu020,26.64750,3.853529,0.391454,0.422692,0.401111,0.037921,0.047973,0.46046
insert_mu020,26.67300,3.854502,0.384857,0.439814,0.541536,0.037002,0.047138,0.47084
insert_mu020,26.69850,3.855462,0.388509,0.445898,0.105933,0.036035,0.045921,0.45529
insert_mu020,26.72400,3.856409,0.396174,0.415636,0.135274,0.035034,0.044535,0.43254
insert_mu020,26.74950,3.857344,0.375911,0.383520,0.558412,0.033952,0.043019,0.42361
insert_mu020,26.77500,3.858266,0.371796,0.389659,0.744291,0.032891,0.041472,0.40269
insert_mu020,26.80050,3.859174,0.364050,0.395822,0.032215,0.031848,0.039913,0.37389
insert_mu020,26.82600,3.860071,0.360966,0.366205,0.295885,0.030944,0.038852,0.36844
insert_mu020,26.85150,3.860954,0.369765,0.343418,0.402392,0.030060,0.037893,0.36515
insert_mu020,26.87700,3.861825,0.347851,0.356960,0.900856,0.029200,0.037057,0.36449
insert_mu020,26.90250,3.862684,0.342146,0.358964,0.184155,0.028436,0.036157,0.36156
insert_mu020,26.92800,3.863530,0.347012,0.326403,0.494015,0.027610,0.035198,0.35517
insert_mu020,26.95350,3.864364,0.340421,0.301136,0.242610,0.026622,0.034130,0.34186
insert_mu020,26.97900,3.865186,0.336693,0.322163,0.731402,0.025673,0.032668,0.31943
insert_mu020,27.00450,3.865995,0.336119,0.323980,0.214295,0.024728,0.031149,0.29553
insert_mu020,27.03000,3.866792,0.323361,0.288280,0.267946,0.023739,0.029997,0.27925
insert_mu020,27.05550,3.867577,0.317636,0.275205,0.169538,0.022936,0.028812,0.26704
insert_mu020,27.08100,3.868350,0.316504,0.289898,0.579507,0.022251,0.027638,0.25800
insert_mu020,27.10650,3.869111,0.330239,0.280237,0.141664,0.021475,0.027229,0.26225
insert_mu020,27.13200,3.869861,0.312011,0.248838,0.057260,0.020778,0.026605,0.26145
insert_mu020,27.15750,3.870598,0.298898,0.255096,0.297094,0.020170,0.025740,0.25497
insert_mu020,27.18300,3.871324,0.317611,0.272989,0.340111,0.019348,0.024901,0.25160
insert_mu020,27.20850,3.872038,0.313138,0.250487,0.156994,0.018514,0.023859,0.24062
insert_mu020,27.23400,3.872740,0.298352,0.228730,0.025974,0.017706,0.022406,0.21383
insert_mu020,27.25950,3.873431,0.300623,0.231824,0.477160,0.016825,0.021147,0.19633
insert_mu020,27.28500,3.874110,0.299551,0.242972,0.311983,0.015958,0.019996,0.18144
insert_mu020,27.31050,3.874778,0.298937,0.230019,0.371254,0.015236,0.019043,0.16556
insert_mu020,27.33600,3.875435,0.304801,0.205202,0.175679,0.014621,0.018299,0.16109
insert_mu020,27.36150,3.876080,0.292075,0.216296,0.606432,0.014069,0.017694,0.16347
insert_mu020,27.38700,3.876714,0.283286,0.220182,0.488337,0.013549,0.017329,0.16720
insert_mu020,27.41250,3.877337,0.295336,0.202991,0.388538,0.012975,0.016770,0.16631
insert_mu020,27.43800,3.877949,0.290333,0.192522,0.337941,0.012346,0.016010,0.16062
insert_mu020,27.46350,3.878551,0.281859,0.196800,0.518377,0.011737,0.015159,0.14991
insert_mu020,27.48900,3.879141,0.257215,0.196554,0.559855,0.011142,0.014286,0.13798
insert_mu020,27.51450,3.879720,0.264554,0.173991,0.098162,0.010568,0.013388,0.12462
insert_mu020,27.54000,3.880289,0.270812,0.173290,0.395474,0.009880,0.012496,0.11907
insert_mu020,27.56550,3.880847,0.269415,0.166693,0.200010,0.009175,0.011666,0.11455
insert_mu020,27.59100,3.881395,0.280984,0.171611,0.417353,0.008522,0.011054,0.10603
insert_mu020,27.61650,3.881932,0.261925,0.163277,0.520614,0.007967,0.010255,0.09654
insert_mu020,27.64200,3.882458,0.226319,0.168519,0.007917,0.007457,0.009377,0.08742
insert_mu020,27.66750,3.882975,0.230425,0.151310,0.513420,0.006845,0.008763,0.08885
insert_mu020,27.69300,3.883481,0.233354,0.162758,0.065503,0.006306,0.008029,0.07979
insert_mu020,27.71850,3.883977,0.244235,0.148735,0.327663,0.005837,0.007177,0.06065
insert_mu020,27.74400,3.884463,0.251587,0.155425,0.442100,0.005348,0.006761,0.06519
insert_mu020,27.76950,3.884939,0.245696,0.149810,0.165110,0.004908,0.006316,0.06365
insert_mu020,27.79500,3.885405,0.235888,0.144165,0.445358,0.004554,0.005776,0.04941
insert_mu020,27.82050,3.885861,0.209858,0.146979,0.249182,0.004080,0.005177,0.04870
insert_mu020,27.84600,3.886307,0.214216,0.133746,0.049227,0.003531,0.004526,0.04882
insert_mu020,27.87150,3.886744,0.175121,0.142036,0.280080,0.002835,0.003752,0.04097
insert_mu020,27.89700,3.887171,0.218875,0.127443,0.235051,0.002397,0.003129,0.03382
insert_mu020,27.92250,3.887589,0.191033,0.129623,0.193890,0.002097,0.002608,0.02717
insert_mu020,27.94800,3.887998,0.204779,0.128137,0.038180,0.001885,0.002327,0.02190
insert_mu020,27.97350,3.888397,0.199405,0.122634,0.031918,0.001461,0.001939,0.01961
insert_mu020,27.99900,3.888787,0.130500,0.126648,0.142901,0.000849,0.001458,0.01997
insert_mu020,28.02450,3.889167,0.189011,0.125442,0.191131,0.000599,0.000964,0.01431
insert_mu020,28.05000,3.889539,0.283007,0.098978,0.232670,0.000552,0.000774,0.01018
insert_mu020,28.07550,3.889902,0.191078,0.100972,0.138778,0.000796,0.001051,0.00879
insert_mu020,28.10100,3.890256,0.073741,0.122999,0.069461,0.000539,0.000831,0.00444
insert_mu020,28.12650,3.890601,0.204353,0.115777,0.213784,0.000340,0.000670,0.00301
insert_mu020,28.15200,3.890938,0.201395,0.103680,0.244726,0.000620,0.000996,0.01190
insert_mu020,28.17750,3.891266,0.078182,0.109136,0.066713,0.000782,0.001126,0.00985
insert_mu020,28.20300,3.891585,0.141592,0.105131,0.052846,0.000818,0.001088,0.00327
insert_mu020,28.22850,3.891896,0.233503,0.088375,0.207767,0.000325,0.000464,0.00012
insert_mu020,28.25400,3.892199,0.174206,0.097683,0.119168,0.000528,0.000754,0.00534
insert_mu020,28.27950,3.892494,0.138981,0.096517,0.144097,0.001301,0.001793,0.01740
insert_mu020,28.30500,3.892780,0.155177,0.101098,0.219505,0.001707,0.002239,0.02024
insert_mu020,28.33050,3.893059,0.165741,0.096405,0.034399,0.001518,0.001959,0.01667
insert_mu020,28.35600,3.893330,0.141034,0.081473,0.364480,0.000486,0.000658,0.00417
insert_mu020,28.38150,3.893592,0.097966,0.105943,0.071941,0.000555,0.000778,0.00611
insert_mu020,28.40700,3.893848,0.136702,0.102080,0.184727,0.000841,0.001156,0.01044
insert_mu020,28.43250,3.894095,0.216638,0.085278,0.292872,0.001162,0.001513,0.01398
insert_mu020,28.45800,3.894335,0.188179,0.090013,0.048671,0.000845,0.001089,0.01141
insert_mu020,28.48350,3.894568,0.103673,0.102526,0.246786,0.000337,0.000444,0.00672
insert_mu020,28.50900,3.894793,0.160473,0.079735,0.177554,0.000300,0.000449,0.00477
insert_mu020,28.53450,3.895012,0.189074,0.085749,0.023575,0.000371,0.000565,0.00543
insert_mu020,28.56000,3.895223,0.117052,0.096529,0.021891,0.000523,0.000765,0.00806
insert_mu020,28.58550,3.895427,0.101876,0.085013,0.055657,0.000348,0.000507,0.00375
insert_mu020,28.61100,3.895624,0.195859,0.093630,0.296673,0.000214,0.000310,-0.00061
insert_mu020,28.63650,3.895815,0.178292,0.094536,0.140639,0.000135,0.000195,-0.00504
insert_mu020,28.66200,3.895999,0.085861,0.093477,0.034345,0.000287,0.000475,-0.00008
insert_mu020,28.68750,3.896176,0.147406,0.091004,0.127110,0.000401,0.000680,0.00542
insert_mu020,28.71300,3.896347,0.229773,0.077197,0.173312,0.000335,0.000552,0.00871
insert_mu020,28.73850,3.896511,0.174549,0.082409,0.196788,0.000216,0.000324,0.00350
insert_mu020,28.76400,3.896669,0.084022,0.102387,0.024286,0.000129,0.000152,-0.00311
insert_mu020,28.78950,3.896821,0.175714,0.077976,0.275046,0.000332,0.000482,-0.00008
insert_mu020,28.81500,3.896968,0.226279,0.078854,0.306075,0.000383,0.000632,0.00467
insert_mu020,28.84050,3.897108,0.148078,0.082640,0.096330,0.000327,0.000648,0.01028
insert_mu020,28.86600,3.897242,0.088061,0.080320,0.044985,0.000161,0.000287,-0.00081
insert_mu020,28.89150,3.897371,0.172147,0.077260,0.054220,0.000160,0.000160,-0.00537
insert_mu020,28.91700,3.897494,0.178673,0.068871,0.109086,0.000358,0.000317,-0.00198
insert_mu020,28.94250,3.897612,0.089958,0.075972,0.240268,0.000397,0.000531,-0.00093
insert_mu020,28.96800,3.897724,0.097420,0.079046,0.039019,0.000351,0.000603,0.00023
insert_mu020,28.99350,3.897831,0.167439,0.067909,0.281297,0.000164,0.000351,0.00228
insert_mu020,29.01900,3.897933,0.122319,0.066202,0.159532,0.000274,0.000398,0.00227
insert_mu020,29.04450,3.898030,0.073627,0.077567,0.094654,0.000434,0.000517,0.00078
insert_mu020,29.07000,3.898122,0.135226,0.065660,0.255880,0.000350,0.000490,-0.00435
insert_mu020,29.09550,3.898210,0.162627,0.054557,0.150621,0.000182,0.000315,-0.00554
insert_mu020,29.12100,3.898292,0.109842,0.074637,0.002771,0.000015,0.000076,-0.00398
insert_mu020,29.14650,3.898370,0.116593,0.064223,0.121456,0.000345,0.000594,0.00277
insert_mu020,29.17200,3.898444,0.174015,0.057336,0.185311,0.000551,0.000858,0.00565
insert_mu020,29.19750,3.898514,0.151806,0.060406,0.080676,0.000582,0.000836,0.00416
insert_mu020,29.22300,3.898579,0.096848,0.065757,0.001138,0.000240,0.000433,0.00290
insert_mu020,29.24850,3.898640,0.111377,0.066978,0.065041,0.000048,0.000186,0.00130
insert_mu020,29.27400,3.898698,0.138922,0.063131,0.025284,0.000234,0.000336,-0.00103
insert_mu020,29.29950,3.898751,0.096645,0.064689,0.090371,0.000323,0.000413,-0.00014
insert_mu020,29.32500,3.898801,0.071204,0.075391,0.147398,0.000343,0.000432,0.00092
insert_mu020,29.35050,3.898848,0.109416,0.064524,0.071951,0.000206,0.000304,-0.00138
insert_mu020,29.37600,3.898890,0.130752,0.065305,0.173617,0.000142,0.000283,0.00194
insert_mu020,29.40150,3.898930,0.092026,0.069545,0.141238,0.000138,0.000335,0.00818
insert_mu020,29.42700,3.898967,0.087215,0.063220,0.156915,0.000398,0.000541,0.00792
insert_mu020,29.45250,3.899000,0.115734,0.056981,0.188842,0.000463,0.000592,0.00748
insert_mu020,29.47800,3.899030,0.125580,0.059282,0.145613,0.000325,0.000482,0.00683
insert_mu020,29.50350,3.899058,0.086594,0.059802,0.076644,0.000144,0.000220,0.00611
insert_mu020,29.52900,3.899083,0.089287,0.063757,0.115995,0.000132,0.000195,0.00663
insert_mu020,29.55450,3.899106,0.137527,0.053342,0.080514,0.000436,0.000624,0.00944
insert_mu020,29.58000,3.899126,0.122406,0.051615,0.120592,0.000518,0.000708,0.00797
insert_mu020,29.60550,3.899144,0.066670,0.066815,0.063606,0.000469,0.000624,0.00560
insert_mu020,29.63100,3.899159,0.096923,0.059198,0.004128,0.000162,0.000273,0.00423
insert_mu020,29.65650,3.899173,0.126669,0.053527,0.146287,0.000162,0.000250,0.00500
insert_mu020,29.68200,3.899185,0.076230,0.061505,0.058875,0.000322,0.000404,0.00644
insert_mu020,29.70750,3.899195,0.066486,0.063201,0.042997,0.000403,0.000553,0.00209
insert_mu020,29.73300,3.899203,0.124570,0.054851,0.162461,0.000373,0.000540,-0.00061
insert_mu020,29.75850,3.899210,0.128267,0.051637,0.172532,0.000236,0.000369,-0.00173
insert_mu020,29.78400,3.899216,0.068346,0.057500,0.116794,0.000148,0.000304,0.00005
insert_mu020,29.80950,3.899221,0.089704,0.050994,0.090144,0.000196,0.000378,0.00260
insert_mu020,29.83500,3.899224,0.137530,0.045989,0.183323,0.000466,0.000676,0.00614
insert_mu020,29.86050,3.899227,0.109084,0.045710,0.114398,0.000442,0.000627,0.00278
insert_mu020,29.88600,3.899228,0.054023,0.060177,0.064735,0.000312,0.000456,-0.00248
insert_mu020,29.91150,3.899229,0.089907,0.048313,0.080557,0.000070,0.000164,-0.00839
insert_mu020,29.93700,3.899230,0.105131,0.039439,0.050544,0.000185,0.000315,-0.00635
insert_mu020,29.96250,3.899230,0.057266,0.051101,0.067819,0.000459,0.000661,-0.00042
insert_mu020,29.98800,3.899230,0.059319,0.044785,0.041468,0.000561,0.000771,0.00487
insert_mu020,30.01350,3.899230,0.101687,0.039674,0.140397,0.000419,0.000650,0.00392
insert_mu020,30.03900,3.899230,0.093846,0.044668,0.156811,0.000061,0.000324,-0.00258
insert_mu020,30.06450,3.899230,0.062103,0.029604,0.092684,0.000277,0.000475,0.00169
insert_mu020,30.09000,3.899230,0.068690,0.034133,0.134280,0.000473,0.000632,0.00242
insert_mu020,30.11550,3.899230,0.074905,0.035400,0.111783,0.000600,0.000766,-0.00301
insert_mu020,30.14100,3.899230,0.066282,0.026028,0.011519,0.000402,0.000525,-0.00372
insert_mu020,30.16650,3.899230,0.061110,0.037187,0.051617,0.000189,0.000296,-0.00284
insert_mu020,30.19200,3.899230,0.068843,0.037371,0.036645,0.000137,0.000338,-0.00029
insert_mu020,30.21750,3.899230,0.078310,0.025906,0.004512,0.000280,0.000495,0.00289
insert_mu020,30.24300,3.899230,0.066286,0.039076,0.050935,0.000464,0.000657,0.00559
insert_mu020,30.26850,3.899230,0.048760,0.033866,0.035463,0.000299,0.000452,0.00256
insert_mu020,30.29400,3.899230,0.068452,0.030919,0.085420,0.000173,0.000269,0.00080
insert_mu020,30.31950,3.899230,0.085617,0.040879,0.083325,0.000079,0.000105,0.00006
insert_mu020,30.34500,3.899230,0.062271,0.038969,0.089548,0.000210,0.000390,0.00148
insert_mu020,30.37050,3.899230,0.034426,0.045119,0.009737,0.000296,0.000545,0.00497
insert_mu020,30.39600,3.899230,0.071397,0.041791,0.103257,0.000315,0.000503,0.01135
insert_mu020,30.42150,3.899230,0.088206,0.028909,0.174041,0.000171,0.000320,0.00516
insert_mu020,30.44700,3.899230,0.057526,0.036253,0.053729,0.000096,0.000213,0.00076
insert_mu020,30.47250,3.899230,0.044709,0.038816,0.081272,0.000281,0.000378,0.00726
insert_mu020,30.49800,3.899230,0.075064,0.028208,0.116534,0.000315,0.000463,0.00733
insert_mu020,30.52350,3.899230,0.083678,0.033021,0.008338,0.000273,0.000476,0.00479
insert_mu020,30.54900,3.899230,0.055243,0.031257,0.109355,0.000149,0.000246,0.00272
insert_mu020,30.57450,3.899230,0.039881,0.029735,0.004646,0.000176,0.000281,0.00313
insert_mu020,30.60000,3.899230,0.047680,0.030463,0.077938,0.000317,0.000518,0.00540
insert_mu020,30.62550,3.899230,0.050339,0.025268,0.098860,0.000402,0.000609,0.01069
insert_mu020,30.65100,3.899230,0.041463,0.029270,0.028318,0.000348,0.000524,0.00884
insert_mu020,30.67650,3.899230,0.040912,0.028190,0.118169,0.000114,0.000207,-0.00241
insert_mu020,30.70200,3.899230,0.044493,0.026832,0.007364,0.000197,0.000307,-0.00108
insert_mu020,30.72750,3.899230,0.058771,0.029712,0.033937,0.000320,0.000461,0.00224
insert_mu020,30.75300,3.899230,0.048375,0.029137,0.004038,0.000415,0.000583,0.00554
insert_mu020,30.77850,3.899230,0.033984,0.030510,0.005733,0.000326,0.000492,0.00548
insert_mu020,30.80400,3.899230,0.054734,0.028947,0.041672,0.000181,0.000345,0.00414
insert_mu020,30.82950,3.899230,0.059981,0.028463,0.008936,0.000112,0.000332,0.00273
insert_mu020,30.85500,3.899230,0.047017,0.028406,0.037842,0.000199,0.000399,0.00214
insert_mu020,30.88050,3.899230,0.031011,0.034831,0.017516,0.000389,0.000518,0.00198
insert_mu020,30.90600,3.899230,0.045322,0.028650,0.042871,0.000305,0.000461,-0.00464
insert_mu020,30.93150,3.899230,0.053317,0.029098,0.075020,0.000184,0.000343,-0.00455
insert_mu020,30.95700,3.899230,0.037550,0.033577,0.068903,0.000018,0.000150,0.00367
insert_mu020,30.98250,3.899230,0.029183,0.026268,0.031911,0.000211,0.000461,0.00398
extract_tpa_g010,0.00000,0.000000,0.000000,0.000000,0.000000,0.000000,0.000000,0.00000
extract_tpa_g010,0.00452,0.000000,0.000000,0.000000,0.000000,0.000000,0.000000,0.00000
extract_tpa_g010,0.00901,0.000000,0.000000,0.000000,0.000000,0.000000,0.000000,0.00000
extract_tpa_g010,0.01351,0.000000,0.000000,0.000000,0.000000,0.000000,0.000000,0.00000
extract_tpa_g010,0.01800,0.000000,0.000000,0.000000,0.000000,0.000000,0.000000,0.00000
extract_tpa_g010,0.02252,0.000000,0.000000,0.000000,0.000000,0.000000,0.000000,0.00000
extract_tpa_g010,0.02702,0.000000,0.000000,0.000000,0.000000,0.000000,0.000000,0.00000
extract_tpa_g010,0.03151,0.000000,0.000000,0.000000,0.000000,0.000000,0.000000,0.00000
extract_tpa_g010,0.03600,0.000000,0.000000,0.000000,0.000000,0.000000,0.000000,0.00000
extract_tpa_g010,0.04052,0.000001,0.000000,0.000000,0.000000,0.000000,0.000000,0.00000
extract_tpa_g010,0.04502,0.000001,0.000000,0.000000,0.000000,0.000000,0.000000,0.00000
extract_tpa_g010,0.04951,0.000001,0.000000,0.000000,0.000000,0.000000,0.000000,0.00000
extract_tpa_g010,0.05401,0.000001,0.000000,0.000000,0.000000,0.000000,0.000000,0.00000
extract_tpa_g010,0.05852,0.000002,0.000000,0.000000,0.000000,0.000000,0.000000,0.00000
extract_tpa_g010,0.06302,0.000002,0.000000,0.000000,0.000000,0.000000,0.000000,0.00000
extract_tpa_g010,0.06751,0.000003,0.000000,0.000000,0.000000,0.000000,0.000000,0.00000
extract_tpa_g010,0.07201,0.000004,0.000000,0.000000,0.000000,0.000000,0.000000,0.00000
extract_tpa_g010,0.07650,0.000004,0.000000,0.000000,0.000000,0.000000,0.000000,0.00000
extract_tpa_g010,0.08102,0.000005,0.000000,0.000000,0.000000,0.000000,0.000000,0.00000
extract_tpa_g010,0.08551,0.000006,0.000000,0.000000,0.000000,0.000000,0.000000,0.00000
extract_tpa_g010,0.09001,0.000007,0.000000,0.000000,0.000000,0.000000,0.000000,0.00000
extract_tpa_g010,0.09450,0.000008,0.000000,0.000000,0.000000,0.000000,0.000000,0.00000
extract_tpa_g010,0.09902,0.000009,0.000000,0.000000,0.000000,0.000000,0.000000,0.00000
extract_tpa_g010,0.10352,0.000010,0.000000,0.000000,0.000000,0.000000,0.000000,0.00000
extract_tpa_g010,0.10801,0.000012,0.000000,0.000000,0.000000,0.000000,0.000000,0.00000
extract_tpa_g010,0.11250,0.000013,0.000000,0.000000,0.000000,0.000000,0.000000,0.00000
extract_tpa_g010,0.11702,0.000015,0.000000,0.000000,0.000000,0.000000,0.000000,0.00000
extract_tpa_g010,0.12152,0.000017,0.000000,0.000000,0.000000,0.000000,0.000000,0.00000
extract_tpa_g010,0.12601,0.000019,0.000000,0.000000,0.000000,0.000000,0.000000,0.00000
extract_tpa_g010,0.13051,0.000021,0.000000,0.000000,0.000000,0.000000,0.000000,0.00000
extract_tpa_g010,0.13500,0.000023,0.000000,0.000000,0.000000,0.000000,0.000000,0.00000
extract_tpa_g010,0.13952,0.000025,0.000000,0.000000,0.000000,0.000000,0.000000,0.00000
extract_tpa_g010,0.14401,0.000028,0.000000,0.000000,0.000000,0.000000,0.000000,0.00000
extract_tpa_g010,0.14851,0.000030,0.000000,0.000000,0.000000,0.000000,0.000000,0.00000
extract_tpa_g010,0.15300,0.000033,0.000000,0.000000,0.000000,0.000000,0.000000,0.00000
extract_tpa_g010,0.15752,0.000036,0.000000,0.000000,0.000000,0.000000,0.000000,0.00000
extract_tpa_g010,0.16202,0.000039,0.000000,0.000000,0.000000,0.000000,0.000000,0.00000
extract_tpa_g010,0.16651,0.000042,0.000000,0.000000,0.000000,0.000000,0.000000,0.00000
extract_tpa_g010,0.17101,0.000046,0.000000,0.000000,0.000000,0.000000,0.000000,0.00000
extract_tpa_g010,0.17552,0.000050,0.000000,0.000000,0.000000,0.000000,0.000000,0.00000
extract_tpa_g010,0.18002,0.000053,0.000000,0.000000,0.000000,0.000000,0.000000,0.00000
extract_tpa_g010,0.18451,0.000057,0.000000,0.000000,0.000000,0.000000,0.000000,0.00000
extract_tpa_g010,0.18901,0.000062,0.000000,0.000000,0.000000,0.000000,0.000000,0.00000
extract_tpa_g010,0.19350,0.000066,0.000000,0.000000,0.000000,0.000000,0.000000,0.00000
extract_tpa_g010,0.19802,0.000071,0.000000,0.000000,0.000000,0.000000,0.000000,0.00000
extract_tpa_g010,0.20251,0.000076,0.000000,0.000000,0.000000,0.000000,0.000000,0.00000
extract_tpa_g010,0.20701,0.000081,0.000000,0.000000,0.000000,0.000000,0.000000,0.00000
extract_tpa_g010,0.21150,0.000086,0.000000,0.000000,0.000000,0.000000,0.000000,0.00000
extract_tpa_g010,0.21602,0.000091,0.000000,0.000000,0.000000,0.000000,0.000000,0.00000
extract_tpa_g010,0.22052,0.000097,0.000000,0.000000,0.000000,0.000000,0.000000,0.00000
extract_tpa_g010,0.22501,0.000103,0.000000,0.000000,0.000000,0.000000,0.000000,0.00000
extract_tpa_g010,0.22950,0.000109,0.000000,0.000000,0.000000,0.000000,0.000000,-0.00000
extract_tpa_g010,0.23402,0.000115,0.000000,0.000000,0.000000,0.000000,0.000000,-0.00000
extract_tpa_g010,0.23852,0.000122,0.000000,0.000000,0.000000,0.000000,0.000000,-0.00000
extract_tpa_g010,0.24301,0.000129,0.000000,0.000000,0.000000,0.000000,0.000000,-0.00000
extract_tpa_g010,0.24751,0.000136,0.000000,0.000000,0.000000,0.000000,0.000000,0.00000
extract_tpa_g010,0.25200,0.000143,0.000000,0.000000,0.000000,0.000000,0.000000,0.00000
extract_tpa_g010,0.25652,0.000151,0.000000,0.000000,0.000000,0.000000,0.000000,0.00000
extract_tpa_g010,0.26101,0.000159,0.000000,0.000000,0.000000,0.000000,0.000000,0.00000
extract_tpa_g010,0.26551,0.000167,0.000000,0.000000,0.000000,0.000000,0.000000,0.00000
extract_tpa_g010,0.27000,0.000175,0.000000,0.000000,0.000000,0.000000,0.000000,0.00000
extract_tpa_g010,0.27452,0.000184,0.000000,0.000000,0.000000,0.000000,0.000000,0.00000
extract_tpa_g010,0.27902,0.000193,0.000000,0.000000,0.000000,0.000000,0.000000,0.00000
extract_tpa_g010,0.28351,0.000202,0.000000,0.000000,0.000000,0.000000,0.000000,0.00000
extract_tpa_g010,0.28800,0.000211,0.000000,0.000000,0.000000,0.000000,0.000000,0.00000
extract_tpa_g010,0.29252,0.000221,0.000000,0.000000,0.000000,0.000000,0.000000,0.00000
extract_tpa_g010,0.29702,0.000231,0.000000,0.000000,0.000000,0.000000,0.000000,0.00000
extract_tpa_g010,0.30151,0.000242,0.000000,0.000000,0.000000,0.000000,0.000000,0.00000
extract_tpa_g010,0.30600,0.000252,0.000000,0.000000,0.000000,0.000000,0.000000,0.00000
extract_tpa_g010,0.31053,0.000263,0.000000,0.000000,0.000000,0.000000,0.000000,0.00000
extract_tpa_g010,0.31502,0.000274,0.000000,0.000000,0.000000,0.000000,0.000000,0.00000
extract_tpa_g010,0.31951,0.000286,0.000000,0.000000,0.000000,0.000000,0.000000,0.00000
extract_tpa_g010,0.32401,0.000298,0.000000,0.000000,0.000000,0.000000,0.000000,0.00000
extract_tpa_g010,0.32850,0.000310,0.000000,0.000000,0.000000,0.000000,0.000000,0.00000
extract_tpa_g010,0.33302,0.000322,0.000000,0.000000,0.000000,0.000000,0.000000,0.00000
extract_tpa_g010,0.33752,0.000335,0.000000,0.000000,0.000000,0.000000,0.000000,0.00000
extract_tpa_g010,0.34201,0.000348,0.000000,0.000000,0.000000,0.000000,0.000000,0.00000
extract_tpa_g010,0.34650,0.000362,0.000000,0.000000,0.000000,0.000000,0.000000,0.00000
extract_tpa_g010,0.35102,0.000375,0.000000,0.000000,0.000000,0.000000,0.000000,0.00000
extract_tpa_g010,0.35552,0.000389,0.000000,0.000000,0.000000,0.000000,0.000000,0.00000
extract_tpa_g010,0.36001,0.000404,0.000000,0.000000,0.000000,0.000000,0.000000,0.00000
extract_tpa_g010,0.36450,0.000419,0.000000,0.000000,0.000000,0.000000,0.000000,0.00000
extract_tpa_g010,0.36902,0.000434,0.000000,0.000000,0.000000,0.000000,0.000000,0.00000
extract_tpa_g010,0.37352,0.000449,0.000000,0.000000,0.000000,0.000000,0.000000,0.00000
extract_tpa_g010,0.37801,0.000465,0.000000,0.000000,0.000000,0.000000,0.000000,0.00000
extract_tpa_g010,0.38251,0.000481,0.000000,0.000000,0.000000,0.000000,0.000000,0.00000
extract_tpa_g010,0.38700,0.000497,0.000000,0.000000,0.000000,0.000000,0.000000,0.00000
extract_tpa_g010,0.39152,0.000514,0.000000,0.000000,0.000000,0.000000,0.000000,0.00000
extract_tpa_g010,0.39601,0.000531,0.000000,0.000000,0.000000,0.000000,0.000000,0.00000
extract_tpa_g010,0.40051,0.000549,0.000000,0.000000,0.000000,0.000000,0.000000,0.00000
extract_tpa_g010,0.40500,0.000567,0.000000,0.000000,0.000000,0.000000,0.000000,0.00000
extract_tpa_g010,0.40952,0.000585,0.000000,0.000000,0.000000,0.000000,0.000000,0.00000
extract_tpa_g010,0.41402,0.000604,0.000000,0.000000,0.000000,0.000000,0.000000,0.00000
extract_tpa_g010,0.41851,0.000623,0.000000,0.000000,0.000000,0.000000,0.000000,0.00000
extract_tpa_g010,0.42301,0.000642,0.000000,0.000000,0.000000,0.000000,0.000000,0.00000
extract_tpa_g010,0.42752,0.000662,0.000000,0.000000,0.000000,0.000000,0.000000,0.00000
extract_tpa_g010,0.43202,0.000682,0.000000,0.000000,0.000000,0.000000,0.000000,0.00000
extract_tpa_g010,0.43651,0.000703,0.000000,0.000000,0.000000,0.000000,0.000000,0.00000
extract_tpa_g010,0.44101,0.000723,0.000000,0.000000,0.000000,0.000000,0.000000,0.00000
extract_tpa_g010,0.44550,0.000745,0.000000,0.000000,0.000000,0.000000,0.000000,0.00000
extract_tpa_g010,0.45002,0.000767,0.000000,0.000000,0.000000,0.000000,0.000000,0.00000
extract_tpa_g010,0.45451,0.000789,0.000000,0.000000,0.000000,0.000000,0.000000,0.00000
extract_tpa_g010,0.45901,0.000811,0.000000,0.000000,0.000000,0.000000,0.000000,0.00000
extract_tpa_g010,0.46350,0.000834,0.000000,0.000000,0.000000,0.000000,0.000000,0.00000
extract_tpa_g010,0.46802,0.000857,0.000000,0.000000,0.000000,0.000000,0.000000,0.00000
extract_tpa_g010,0.47252,0.000881,0.000000,0.000000,0.000000,0.000000,0.000000,0.00000
extract_tpa_g010,0.47701,0.000905,0.000000,0.000000,0.000000,0.000000,0.000000,0.00000
extract_tpa_g010,0.48150,0.000930,0.000000,0.000000,0.000000,0.000000,0.000000,0.00000
extract_tpa_g010,0.48602,0.000955,0.000000,0.000000,0.000000,0.000000,0.000000,0.00000
extract_tpa_g010,0.49052,0.000980,0.000000,0.000000,0.000000,0.000000,0.000000,0.00000
extract_tpa_g010,0.49501,0.001006,0.000000,0.000000,0.000000,0.000000,0.000000,0.00000
extract_tpa_g010,0.49951,0.001032,0.000000,0.000000,0.000000,0.000000,0.000000,0.00000
extract_tpa_g010,0.50400,0.001058,0.000000,0.000000,0.000000,0.000000,0.000000,0.00000
extract_tpa_g010,0.50852,0.001085,0.000000,0.000000,0.000000,0.000000,0.000000,0.00000
extract_tpa_g010,0.51301,0.001113,0.000000,0.000000,0.000000,0.000000,0.000000,0.00000
extract_tpa_g010,0.51751,0.001141,0.000000,0.000000,0.000000,0.000000,0.000000,0.00000
extract_tpa_g010,0.52200,0.001169,0.000000,0.000000,0.000000,0.000000,0.000000,0.00000
extract_tpa_g010,0.52652,0.001198,0.000000,0.000000,0.000000,0.000000,0.000000,0.00000
extract_tpa_g010,0.53102,0.001227,0.000000,0.000000,0.000000,0.000000,0.000000,0.00000
extract_tpa_g010,0.53551,0.001257,0.000000,0.000000,0.000000,0.000000,0.000000,0.00000
extract_tpa_g010,0.54000,0.001287,0.000000,0.000000,0.000000,0.000000,0.000000,0.00000
extract_tpa_g010,0.54452,0.001317,0.000000,0.000000,0.000000,0.000000,0.000000,0.00000
extract_tpa_g010,0.54902,0.001348,0.000000,0.000000,0.000000,0.000000,0.000000,0.00000
extract_tpa_g010,0.55351,0.001380,0.000000,0.000000,0.000000,0.000000,0.000000,0.00000
extract_tpa_g010,0.55800,0.001411,0.000000,0.000000,0.000000,0.000000,0.000000,0.00000
extract_tpa_g010,0.56253,0.001444,0.000000,0.000000,0.000000,0.000000,0.000000,0.00000
extract_tpa_g010,0.56702,0.001477,0.000000,0.000000,0.000000,0.000000,0.000000,0.00000
extract_tpa_g010,0.57151,0.001510,0.000000,0.000000,0.000000,0.000000,0.000000,0.00000
extract_tpa_g010,0.57601,0.001543,0.000000,0.000000,0.000000,0.000000,0.000000,0.00000
extract_tpa_g010,0.58050,0.001577,0.000000,0.000000,0.000000,0.000000,0.000000,0.00000
extract_tpa_g010,0.58502,0.001612,0.000000,0.000000,0.000000,0.000000,0.000000,0.00000
extract_tpa_g010,0.58952,0.001647,0.000000,0.000000,0.000000,0.000000,0.000000,0.00000
extract_tpa_g010,0.59401,0.001683,0.000000,0.000000,0.000000,0.000000,0.000000,0.00000
extract_tpa_g010,0.59850,0.001719,0.000000,0.000000,0.000000,0.000000,0.000000,0.00000
extract_tpa_g010,0.60302,0.001755,0.000000,0.000000,0.000000,0.000000,0.000000,0.00000
extract_tpa_g010,0.60752,0.001792,0.000000,0.000000,0.000000,0.000000,0.000000,0.00000
extract_tpa_g010,0.61201,0.001830,0.000000,0.000000,0.000000,0.000000,0.000000,0.00000
extract_tpa_g010,0.61651,0.001867,0.000000,0.000000,0.000000,0.000000,0.000000,0.00000
extract_tpa_g010,0.62102,0.001906,0.000000,0.000000,0.000000,0.000000,0.000000,0.00000
extract_tpa_g010,0.62552,0.001945,0.000000,0.000000,0.000000,0.000000,0.000000,0.00000
extract_tpa_g010,0.63001,0.001984,0.000000,0.000000,0.000000,0.000000,0.000000,0.00000
extract_tpa_g010,0.63451,0.002024,0.000000,0.000000,0.000000,0.000000,0.000000,0.00000
extract_tpa_g010,0.63900,0.002064,0.000000,0.000000,0.000000,0.000000,0.000000,0.00000
extract_tpa_g010,0.64352,0.002105,0.000000,0.000000,0.000000,0.000000,0.000000,0.00000
extract_tpa_g010,0.64801,0.002146,0.000000,0.000000,0.000000,0.000000,0.000000,0.00000
extract_tpa_g010,0.65251,0.002188,0.000000,0.000000,0.000000,0.000000,0.000000,0.00000
extract_tpa_g010,0.65700,0.002230,0.000000,0.000000,0.000000,0.000000,0.000000,0.00000
extract_tpa_g010,0.66152,0.002273,0.000000,0.000000,0.000000,0.000000,0.000000,0.00000
extract_tpa_g010,0.66602,0.002316,0.000000,0.000000,0.000000,0.000000,0.000000,0.00000
extract_tpa_g010,0.67051,0.002360,0.000000,0.000000,0.000000,0.000000,0.000000,0.00000
extract_tpa_g010,0.67500,0.002404,0.000000,0.000000,0.000000,0.000000,0.000000,0.00000
extract_tpa_g010,0.67952,0.002449,0.000000,0.000000,0.000000,0.000000,0.000000,0.00000
extract_tpa_g010,0.68402,0.002494,0.000000,0.000000,0.000000,0.000000,0.000000,0.00000
extract_tpa_g010,0.68851,0.002540,0.000000,0.000000,0.000000,0.000000,0.000000,0.00000
extract_tpa_g010,0.69301,0.002586,0.000000,0.000000,0.000000,0.000000,0.000000,0.00000
extract_tpa_g010,0.69750,0.002633,0.000000,0.000000,0.000000,0.000000,0.000000,0.00000
extract_tpa_g010,0.70202,0.002680,0.000000,0.000000,0.000000,0.000000,0.000000,0.00000
extract_tpa_g010,0.70651,0.002728,0.000000,0.000000,0.000000,0.000000,0.000000,0.00000
extract_tpa_g010,0.71101,0.002776,0.000000,0.000000,0.000000,0.000000,0.000000,0.00000
extract_tpa_g010,0.71550,0.002825,0.000000,0.000000,0.000000,0.000000,0.000000,0.00000
extract_tpa_g010,0.72002,0.002875,0.000000,0.000000,0.000000,0.000000,0.000000,0.00000
extract_tpa_g010,0.72452,0.002924,0.000000,0.000000,0.000000,0.000000,0.000000,0.00000
extract_tpa_g010,0.72901,0.002975,0.000000,0.000000,0.000000,0.000000,0.000000,0.00000
extract_tpa_g010,0.73350,0.003026,0.000000,0.000000,0.000000,0.000000,0.000000,0.00000
extract_tpa_g010,0.73802,0.003077,0.000000,0.000000,0.000000,0.000000,0.000000,0.00000
extract_tpa_g010,0.74252,0.003129,0.000000,0.000000,0.000000,0.000000,0.000000,0.00000
extract_tpa_g010,0.74701,0.003181,0.000000,0.000000,0.000000,0.000000,0.000000,0.00000
extract_tpa_g010,0.75151,0.003234,0.000000,0.000000,0.000000,0.000000,0.000000,0.00000
extract_tpa_g010,0.75600,0.003288,0.000000,0.000000,0.000000,0.000000,0.000000,0.00000
extract_tpa_g010,0.76052,0.003342,0.000000,0.000000,0.000000,0.000000,0.000000,0.00000
extract_tpa_g010,0.76501,0.003396,0.000000,0.000000,0.000000,0.000000,0.000000,0.00000
extract_tpa_g010,0.76951,0.003451,0.000000,0.000000,0.000000,0.000000,0.000000,0.00000
extract_tpa_g010,0.77400,0.003507,0.000000,0.000000,0.000000,0.000000,0.000000,0.00000
extract_tpa_g010,0.77852,0.003563,0.000000,0.000000,0.000000,0.000000,0.000000,0.00000
extract_tpa_g010,0.78302,0.003620,0.000000,0.000000,0.000000,0.000000,0.000000,0.00000
extract_tpa_g010,0.78751,0.003677,0.000000,0.000000,0.000000,0.000000,0.000000,0.00000
extract_tpa_g010,0.79200,0.003735,0.000000,0.000000,0.000000,0.000000,0.000000,0.00000
extract_tpa_g010,0.79652,0.003793,0.000000,0.000000,0.000000,0.000000,0.000000,0.00000
extract_tpa_g010,0.80102,0.003852,0.000000,0.000000,0.000000,0.000000,0.000000,0.00000
extract_tpa_g010,0.80551,0.003911,0.000000,0.000000,0.000000,0.000000,0.000000,0.00000
extract_tpa_g010,0.81001,0.003971,0.000000,0.000000,0.000000,0.000000,0.000000,0.00000
extract_tpa_g010,0.81452,0.004032,0.000000,0.000000,0.000000,0.000000,0.000000,0.00000
extract_tpa_g010,0.81902,0.004093,0.000000,0.000000,0.000000,0.000000,0.000000,0.00000
extract_tpa_g010,0.82351,0.004154,0.000000,0.000000,0.000000,0.000000,0.000000,0.00000
extract_tpa_g010,0.82801,0.004216,0.000000,0.000000,0.000000,0.000000,0.000000,0.00000
extract_tpa_g010,0.83250,0.004278,-0.000000,0.000000,0.000000,0.000000,0.000000,0.00000
extract_tpa_g010,0.83702,0.004342,-0.000000,0.000000,0.000000,0.000000,0.000000,0.00000
extract_tpa_g010,0.84152,0.004405,-0.000000,0.000000,0.000000,0.000000,0.000000,0.00000
extract_tpa_g010,0.84601,0.004470,-0.000000,-0.000000,0.000000,0.000000,0.000000,0.00000
extract_tpa_g010,0.85050,0.004534,-0.000000,-0.000000,0.000000,0.000000,0.000000,0.00000
extract_tpa_g010,0.85502,0.004600,0.000000,-0.000000,0.000000,0.000000,0.000000,0.00000
extract_tpa_g010,0.85952,0.004666,0.000000,0.000000,0.000000,0.000000,0.000000,0.00000
extract_tpa_g010,0.86401,0.004732,0.000000,0.000000,0.000000,0.000000,0.000000,0.00000
extract_tpa_g010,0.86850,0.004799,0.000000,0.000000,0.000000,0.000000,0.000000,0.00000
extract_tpa_g010,0.87302,0.004867,0.000000,0.000000,0.000000,0.000000,0.000000,0.00000
extract_tpa_g010,0.87752,0.004935,0.000000,0.000000,0.000000,0.000000,0.000000,0.00000
extract_tpa_g010,0.88201,0.005003,0.000000,0.000000,0.000000,0.000000,0.000000,0.00000
extract_tpa_g010,0.88651,0.005072,0.000000,0.000000,0.000000,0.000000,0.000000,0.00000
extract_tpa_g010,0.89100,0.005142,-0.000000,0.000000,0.000000,0.000000,0.000000,0.00000
extract_tpa_g010,0.89552,0.005212,-0.000000,-0.000000,0.000000,0.000000,0.000000,0.00000
extract_tpa_g010,0.90001,0.005283,-0.000000,-0.000000,0.000000,0.000000,0.000000,0.00000
extract_tpa_g010,0.90451,0.005354,-0.000000,-0.000000,0.000000,0.000000,0.000000,0.00000
extract_tpa_g010,0.90900,0.005426,-0.000000,-0.000000,0.000000,0.000000,0.000000,0.00000
extract_tpa_g010,0.91352,0.005499,-0.000000,-0.000000,0.000000,0.000000,0.000000,0.00000
extract_tpa_g010,0.91802,0.005572,-0.000000,-0.000000,0.000000,0.000000,0.000000,0.00000
extract_tpa_g010,0.92251,0.005645,-0.000000,-0.000000,0.000000,0.000000,0.000000,0.00000
extract_tpa_g010,0.92700,0.005720,0.000000,-0.000000,0.000000,0.000000,0.000000,0.00000
extract_tpa_g010,0.93152,0.005795,0.000000,0.000000,0.000000,0.000000,0.000000,0.00000
extract_tpa_g010,0.93602,0.005870,0.000000,0.000000,0.000000,0.000000,0.000000,0.00000
extract_tpa_g010,0.94051,0.005945,0.000000,0.000000,0.000000,0.000000,0.000000,0.00000
extract_tpa_g010,0.94501,0.006022,0.000000,0.000000,0.000000,0.000000,0.000000,0.00000
extract_tpa_g010,0.94950,0.006099,0.000000,0.000000,0.000000,0.000000,0.000000,0.00000
extract_tpa_g010,0.95402,0.006176,0.000000,0.000000,0.000000,0.000000,0.000000,0.00000
extract_tpa_g010,0.95851,0.006254,-0.000000,0.000000,0.000000,0.000000,0.000000,-0.00000
extract_tpa_g010,0.96301,0.006333,-0.000000,0.000000,0.000000,0.000000,0.000000,-0.00000
extract_tpa_g010,0.96750,0.006412,-0.000000,-0.000000,0.000000,0.000000,0.000000,-0.00000
extract_tpa_g010,0.97202,0.006492,-0.000000,-0.000000,0.000000,0.000000,0.000000,-0.00000
extract_tpa_g010,0.97652,0.006572,-0.000000,-0.000000,0.000000,0.000000,0.000000,0.00000
extract_tpa_g010,0.98101,0.006653,-0.000000,-0.000000,0.000000,0.000000,0.000000,0.00000
extract_tpa_g010,0.98550,0.006735,-0.000000,-0.000000,0.000000,0.000000,0.000000,0.00000
extract_tpa_g010,0.99002,0.006817,-0.000000,-0.000000,0.000000,0.000000,0.000000,0.00000
extract_tpa_g010,0.99452,0.006899,0.000000,-0.000000,0.000000,0.000000,0.000000,0.00000
extract_tpa_g010,0.99901,0.006982,0.000000,0.000000,0.000000,0.000000,0.000000,0.00000
extract_tpa_g010,1.00351,0.007066,0.000000,0.000000,0.000000,0.000000,0.000000,0.00000
extract_tpa_g010,1.00800,0.007150,0.000000,0.000000,0.000000,0.000000,0.000000,0.00000
extract_tpa_g010,1.01252,0.007235,0.000000,0.000000,0.000000,0.000000,0.000000,0.00000
extract_tpa_g010,1.01701,0.007321,0.000000,0.000000,0.000000,0.000000,0.000000,0.00000
extract_tpa_g010,1.02151,0.007407,0.000000,0.000000,0.000000,0.000000,0.000000,0.00000
extract_tpa_g010,1.02600,0.007493,-0.000000,0.000000,0.000000,0.000000,0.000000,0.00000
extract_tpa_g010,1.03052,0.007580,-0.000000,0.000000,0.000000,0.000000,0.000000,0.00000
extract_tpa_g010,1.03502,0.007668,-0.000001,-0.000000,0.000000,0.000000,0.000000,0.00000
extract_tpa_g010,1.03951,0.007756,-0.000002,-0.000000,0.000000,0.000000,0.000000,0.00000
extract_tpa_g010,1.04400,0.007845,-0.000003,-0.000001,0.000000,0.000000,0.000000,0.00000
extract_tpa_g010,1.04852,0.007934,-0.000003,-0.000001,0.000000,0.000000,0.000000,0.00000
extract_tpa_g010,1.05302,0.008024,-0.000004,-0.000001,0.000000,0.000000,0.000000,0.00000
extract_tpa_g010,1.05751,0.008115,-0.000002,-0.000001,0.000000,0.000000,0.000000,0.00000
extract_tpa_g010,1.06201,0.008206,0.000003,-0.000001,0.000000,0.000000,0.000000,0.00000
extract_tpa_g010,1.06652,0.008297,0.000012,0.000001,0.000000,0.000000,0.000000,0.00000
extract_tpa_g010,1.07102,0.008390,0.000028,0.000003,0.000000,0.000000,0.000000,0.00000
extract_tpa_g010,1.07551,0.008482,0.000048,0.000008,0.000000,0.000000,0.000000,0.00000
extract_tpa_g010,1.08001,0.008575,0.000070,0.000015,0.000000,0.000000,0.000000,0.00000
extract_tpa_g010,1.08450,0.008669,0.000084,0.000023,0.000000,0.000000,0.000000,-0.00000
extract_tpa_g010,1.08902,0.008764,0.000071,0.000029,0.000000,0.000000,0.000000,-0.00000
extract_tpa_g010,1.09351,0.008859,0.000005,0.000028,0.000000,0.000000,0.000000,-0.00000
extract_tpa_g010,1.09801,0.008954,-0.000149,0.000010,0.000000,0.000000,0.000000,-0.00000
extract_tpa_g010,1.10250,0.009050,-0.000424,-0.000037,0.000000,0.000000,0.000000,-0.00000
extract_tpa_g010,1.10702,0.009147,-0.000835,-0.000125,0.000000,0.000000,0.000000,0.00000
extract_tpa_g010,1.11152,0.009245,-0.001341,-0.000261,0.000000,0.000000,0.000000,0.00000
extract_tpa_g010,1.11601,0.009342,-0.001800,-0.000437,0.000000,0.000000,0.000000,0.00000
extract_tpa_g010,1.12051,0.009441,-0.001912,-0.000613,0.000000,0.000000,0.000000,0.00000
extract_tpa_g010,1.12502,0.009540,-0.001171,-0.000694,0.000000,0.000000,0.000000,0.00000
extract_tpa_g010,1.12952,0.009639,0.001144,-0.000518,0.000000,0.000000,0.000000,0.00000
extract_tpa_g010,1.13401,0.009739,0.005859,0.000157,0.000000,0.000000,0.000000,0.00000
extract_tpa_g010,1.13851,0.009840,0.013613,0.001624,0.000000,0.000000,0.000000,0.00000
extract_tpa_g010,1.14300,0.009941,0.024287,0.004141,0.000000,0.000019,0.000026,0.00033
extract_tpa_g010,1.14752,0.010043,0.036079,0.007752,0.000030,0.000047,0.000066,0.00083
extract_tpa_g010,1.15202,0.010145,0.044489,0.011987,0.101203,0.000129,0.000176,0.00207
extract_tpa_g010,1.15651,0.010248,0.046405,0.015851,0.063459,0.000278,0.000373,0.00422
extract_tpa_g010,1.16101,0.010351,0.044421,0.018730,0.035212,0.000432,0.000566,0.00607
extract_tpa_g010,1.16551,0.010455,0.041322,0.020420,0.019951,0.000597,0.000743,0.00695
extract_tpa_g010,1.17001,0.010560,0.038515,0.021308,0.070475,0.000763,0.000921,0.00784
extract_tpa_g010,1.17450,0.010665,0.036655,0.021628,0.061231,0.000906,0.001126,0.01027
extract_tpa_g010,1.17902,0.010771,0.035981,0.021249,0.019331,0.001050,0.001333,0.01272
extract_tpa_g010,1.18352,0.010877,0.036741,0.020473,0.062544,0.001170,0.001503,0.01504
extract_tpa_g010,1.18801,0.010984,0.039293,0.019873,0.073495,0.001283,0.001663,0.01732
extract_tpa_g010,1.19250,0.011091,0.043942,0.019703,0.009281,0.001361,0.001759,0.01817
extract_tpa_g010,1.19701,0.011199,0.050904,0.020244,0.051083,0.001411,0.001805,0.01789
extract_tpa_g010,1.20150,0.011307,0.060049,0.021133,0.080656,0.001453,0.001835,0.01756
extract_tpa_g010,1.20601,0.011417,0.069963,0.021488,0.013950,0.001476,0.001837,0.01710
extract_tpa_g010,1.21052,0.011527,0.077079,0.021312,0.075100,0.001516,0.001870,0.01716
extract_tpa_g010,1.21501,0.011636,0.077028,0.021377,0.130150,0.001681,0.002133,0.02119
extract_tpa_g010,1.21951,0.011747,0.069206,0.022621,0.025654,0.001847,0.002397,0.02524
extract_tpa_g010,1.22401,0.011858,0.058494,0.025588,0.038836,0.002034,0.002627,0.02709
extract_tpa_g010,1.22851,0.011970,0.049699,0.029803,0.033367,0.002225,0.002853,0.02868
extract_tpa_g010,1.23302,0.012083,0.045262,0.033962,0.021795,0.002360,0.002994,0.02900
extract_tpa_g010,1.23752,0.012196,0.046189,0.036584,0.025376,0.002468,0.003092,0.02870
extract_tpa_g010,1.24202,0.012309,0.052576,0.036621,0.039135,0.002549,0.003186,0.02948
extract_tpa_g010,1.24652,0.012423,0.063558,0.034003,0.050979,0.002597,0.003275,0.03158
extract_tpa_g010,1.25101,0.012538,0.076478,0.030568,0.069260,0.002655,0.003377,0.03371
extract_tpa_g010,1.25551,0.012653,0.085485,0.028798,0.229656,0.002748,0.003523,0.03592
extract_tpa_g010,1.26001,0.012768,0.084171,0.030138,0.192451,0.002842,0.003669,0.03812
extract_tpa_g010,1.26451,0.012885,0.074106,0.034599,0.070216,0.003041,0.003887,0.03884
extract_tpa_g010,1.26901,0.013001,0.062887,0.040712,0.088240,0.003241,0.004104,0.03956
extract_tpa_g010,1.27350,0.013119,0.056036,0.045473,0.055130,0.003399,0.004284,0.04071
extract_tpa_g010,1.27802,0.013237,0.056188,0.046896,0.010138,0.003548,0.004454,0.04200
extract_tpa_g010,1.28252,0.013355,0.063680,0.045217,0.074032,0.003643,0.004592,0.04401
extract_tpa_g010,1.28701,0.013474,0.076644,0.041800,0.113560,0.003698,0.004705,0.04659
extract_tpa_g010,1.29151,0.013594,0.090642,0.039169,0.140408,0.003766,0.004817,0.04857
extract_tpa_g010,1.29600,0.013713,0.099684,0.039376,0.201217,0.003863,0.004929,0.04936
extract_tpa_g010,1.30051,0.013834,0.099071,0.042701,0.220163,0.003973,0.005055,0.05020
extract_tpa_g010,1.30501,0.013955,0.090803,0.047981,0.053156,0.004176,0.005287,0.05139
extract_tpa_g010,1.30951,0.014077,0.082652,0.052829,0.084294,0.004379,0.005520,0.05259
extract_tpa_g010,1.31400,0.014199,0.079655,0.054917,0.056954,0.004538,0.005730,0.05509
extract_tpa_g010,1.31850,0.014322,0.083415,0.053854,0.050670,0.004693,0.005939,0.05775
extract_tpa_g010,1.32300,0.014445,0.092887,0.051201,0.095604,0.004777,0.006068,0.05976
extract_tpa_g010,1.32751,0.014569,0.103985,0.049084,0.118478,0.004826,0.006159,0.06145
extract_tpa_g010,1.33202,0.014694,0.112166,0.049160,0.093162,0.004906,0.006263,0.06254
extract_tpa_g010,1.33651,0.014818,0.113301,0.052165,0.177739,0.005021,0.006380,0.06287
extract_tpa_g010,1.34102,0.014944,0.104666,0.056789,0.116093,0.005160,0.006535,0.06372
extract_tpa_g010,1.34552,0.015070,0.090607,0.061074,0.025646,0.005376,0.006812,0.06628
extract_tpa_g010,1.35002,0.015197,0.078930,0.064018,0.009858,0.005590,0.007088,0.06884
extract_tpa_g010,1.35451,0.015323,0.075151,0.064832,0.007475,0.005740,0.007283,0.07124
extract_tpa_g010,1.35900,0.015451,0.081628,0.064216,0.038526,0.005890,0.007478,0.07365
extract_tpa_g010,1.36352,0.015579,0.096624,0.063731,0.028778,0.005961,0.007568,0.07444
extract_tpa_g010,1.36802,0.015708,0.113576,0.063923,0.119188,0.006009,0.007628,0.07479
extract_tpa_g010,1.37252,0.015837,0.125153,0.065271,0.072290,0.006106,0.007743,0.07565
extract_tpa_g010,1.37702,0.015967,0.127868,0.067638,0.130073,0.006241,0.007901,0.07693
extract_tpa_g010,1.38152,0.016097,0.120393,0.070210,0.130276,0.006406,0.008110,0.07897
extract_tpa_g010,1.38602,0.016228,0.107391,0.072709,0.013761,0.006630,0.008418,0.08252
extract_tpa_g010,1.39052,0.016359,0.097792,0.075039,0.042497,0.006844,0.008708,0.08581
extract_tpa_g010,1.39500,0.016490,0.096230,0.077006,0.011952,0.006980,0.008866,0.08705
extract_tpa_g010,1.39952,0.016623,0.104665,0.078432,0.023226,0.007118,0.009025,0.08831
extract_tpa_g010,1.40400,0.016755,0.120719,0.079334,0.118584,0.007179,0.009099,0.08880
extract_tpa_g010,1.40852,0.016889,0.136686,0.079540,0.126634,0.007231,0.009164,0.08920
extract_tpa_g010,1.41302,0.017023,0.146232,0.079320,0.148738,0.007354,0.009330,0.09125
extract_tpa_g010,1.41750,0.017157,0.145857,0.079837,0.203559,0.007510,0.009544,0.09410
extract_tpa_g010,1.42202,0.017293,0.135291,0.081582,0.145674,0.007699,0.009795,0.09693
extract_tpa_g010,1.42652,0.017428,0.120663,0.084819,0.085692,0.007926,0.010087,0.09970
extract_tpa_g010,1.43102,0.017564,0.110637,0.089265,0.084008,0.008129,0.010339,0.10185
extract_tpa_g010,1.43551,0.017700,0.110580,0.093052,0.090184,0.008254,0.010463,0.10197
extract_tpa_g010,1.44001,0.017837,0.121665,0.094946,0.071247,0.008380,0.010587,0.10209
extract_tpa_g010,1.44452,0.017975,0.140642,0.094621,0.187225,0.008446,0.010686,0.10368
extract_tpa_g010,1.44902,0.018113,0.158425,0.092515,0.260973,0.008511,0.010784,0.10525
extract_tpa_g010,1.45351,0.018251,0.167070,0.090793,0.203374,0.008661,0.011000,0.10826
extract_tpa_g010,1.45802,0.018390,0.164583,0.091512,0.294922,0.008835,0.011250,0.11167
extract_tpa_g010,1.46251,0.018530,0.151954,0.095262,0.230777,0.009037,0.011501,0.11391
extract_tpa_g010,1.46701,0.018670,0.136820,0.101178,0.094517,0.009261,0.011754,0.11524
extract_tpa_g010,1.47151,0.018810,0.129213,0.107061,0.184378,0.009448,0.011967,0.11635
extract_tpa_g010,1.47601,0.018951,0.132855,0.110284,0.130331,0.009566,0.012099,0.11704
extract_tpa_g010,1.48050,0.019092,0.147807,0.109678,0.129821,0.009679,0.012233,0.11800
extract_tpa_g010,1.48501,0.019235,0.168540,0.106579,0.282621,0.009758,0.012377,0.12102
extract_tpa_g010,1.48951,0.019377,0.184590,0.103323,0.278079,0.009838,0.012520,0.12404
extract_tpa_g010,1.49400,0.019520,0.189440,0.102677,0.261261,0.010011,0.012752,0.12666
extract_tpa_g010,1.49851,0.019664,0.182263,0.106430,0.274994,0.010197,0.012996,0.12923
extract_tpa_g010,1.50301,0.019808,0.167118,0.113131,0.214307,0.010406,0.013230,0.13037
extract_tpa_g010,1.50751,0.019952,0.153067,0.120081,0.097060,0.010629,0.013458,0.13080
extract_tpa_g010,1.51201,0.020097,0.149327,0.124553,0.116149,0.010803,0.013658,0.13198
extract_tpa_g010,1.51650,0.020242,0.158373,0.124507,0.165179,0.010918,0.013823,0.13407
extract_tpa_g010,1.52102,0.020389,0.176706,0.121044,0.113555,0.011029,0.013985,0.13636
extract_tpa_g010,1.52552,0.020535,0.197369,0.117182,0.255996,0.011121,0.014133,0.13931
extract_tpa_g010,1.53002,0.020682,0.209932,0.115786,0.298164,0.011213,0.014282,0.14225
extract_tpa_g010,1.53452,0.020830,0.209277,0.118685,0.175246,0.011408,0.014507,0.14346
extract_tpa_g010,1.53901,0.020977,0.198292,0.125253,0.237329,0.011602,0.014732,0.14467
extract_tpa_g010,1.54351,0.021126,0.182458,0.132585,0.144864,0.011818,0.014975,0.14592
extract_tpa_g010,1.54801,0.021275,0.171607,0.137481,0.027648,0.012042,0.015223,0.14718
extract_tpa_g010,1.55250,0.021424,0.173412,0.138452,0.121481,0.012202,0.015437,0.14958
extract_tpa_g010,1.55702,0.021574,0.186824,0.135881,0.111865,0.012314,0.015626,0.15288
extract_tpa_g010,1.56152,0.021724,0.206824,0.132156,0.144652,0.012421,0.015794,0.15568
extract_tpa_g010,1.56601,0.021875,0.224989,0.130647,0.244154,0.012519,0.015924,0.15752
extract_tpa_g010,1.57052,0.022026,0.232517,0.132712,0.244807,0.012630,0.016067,0.15927
extract_tpa_g010,1.57502,0.022178,0.227336,0.137962,0.196205,0.012838,0.016306,0.16035
extract_tpa_g010,1.57951,0.022330,0.214053,0.144607,0.164575,0.013046,0.016544,0.16143
extract_tpa_g010,1.58402,0.022483,0.200075,0.149566,0.139149,0.013270,0.016819,0.16390
extract_tpa_g010,1.58850,0.022635,0.193698,0.151404,0.053116,0.013494,0.017098,0.16652
extract_tpa_g010,1.59302,0.022790,0.200265,0.150512,0.124615,0.013638,0.017301,0.16918
extract_tpa_g010,1.59750,0.022943,0.216690,0.148268,0.203367,0.013742,0.017465,0.17183
extract_tpa_g010,1.60202,0.023098,0.235852,0.147045,0.174299,0.013849,0.017607,0.17362
extract_tpa_g010,1.60652,0.023253,0.250627,0.148314,0.316266,0.013957,0.017723,0.17434
extract_tpa_g010,1.61102,0.023409,0.253662,0.151899,0.304378,0.014092,0.017876,0.17540
extract_tpa_g010,1.61552,0.023564,0.245219,0.156617,0.209335,0.014320,0.018157,0.17757
extract_tpa_g010,1.62001,0.023720,0.231957,0.160961,0.268612,0.014547,0.018438,0.17973
extract_tpa_g010,1.62451,0.023877,0.220395,0.163685,0.170619,0.014766,0.018728,0.18295
extract_tpa_g010,1.62901,0.024034,0.218244,0.164574,0.144811,0.014985,0.019018,0.18617
extract_tpa_g010,1.63350,0.024192,0.228385,0.164619,0.250229,0.015106,0.019176,0.18798
extract_tpa_g010,1.63802,0.024351,0.245896,0.164535,0.255403,0.015200,0.019298,0.18941
extract_tpa_g010,1.64252,0.024509,0.263925,0.165062,0.312095,0.015311,0.019434,0.19077
extract_tpa_g010,1.64701,0.024668,0.275249,0.166809,0.381386,0.015434,0.019582,0.19208
extract_tpa_g010,1.65152,0.024828,0.274859,0.169190,0.362494,0.015599,0.019791,0.19411
extract_tpa_g010,1.65601,0.024987,0.264481,0.172082,0.294730,0.015845,0.020118,0.19753
extract_tpa_g010,1.66050,0.025147,0.251311,0.175396,0.287150,0.016085,0.020437,0.20081
extract_tpa_g010,1.66502,0.025309,0.242460,0.178355,0.266400,0.016291,0.020692,0.20308
extract_tpa_g010,1.66951,0.025470,0.243656,0.180840,0.188138,0.016496,0.020946,0.20534
extract_tpa_g010,1.67401,0.025631,0.256769,0.182510,0.306427,0.016598,0.021057,0.20611
extract_tpa_g010,1.67852,0.025794,0.275472,0.182930,0.348511,0.016688,0.021152,0.20670
extract_tpa_g010,1.68302,0.025956,0.292015,0.182666,0.315143,0.016816,0.021324,0.20873
extract_tpa_g010,1.68752,0.026119,0.300558,0.182686,0.453970,0.016963,0.021533,0.21146
extract_tpa_g010,1.69200,0.026282,0.296623,0.183912,0.371774,0.017158,0.021795,0.21441
extract_tpa_g010,1.69652,0.026446,0.284095,0.187014,0.275575,0.017416,0.022126,0.21768
extract_tpa_g010,1.70102,0.026610,0.271316,0.191863,0.322237,0.017657,0.022428,0.22041
extract_tpa_g010,1.70551,0.026775,0.264814,0.196834,0.217646,0.017843,0.022636,0.22141
extract_tpa_g010,1.71001,0.026940,0.270105,0.200154,0.209509,0.018029,0.022844,0.22240
extract_tpa_g010,1.71452,0.027106,0.286404,0.201072,0.306898,0.018123,0.022965,0.22399
extract_tpa_g010,1.71901,0.027271,0.306060,0.199438,0.326388,0.018217,0.023085,0.22557
extract_tpa_g010,1.72351,0.027437,0.320935,0.197107,0.341680,0.018369,0.023316,0.22898
extract_tpa_g010,1.72801,0.027604,0.325260,0.196740,0.384897,0.018537,0.023577,0.23290
extract_tpa_g010,1.73251,0.027771,0.317400,0.199402,0.351812,0.018755,0.023859,0.23569
extract_tpa_g010,1.73701,0.027939,0.302736,0.205165,0.224821,0.019013,0.024157,0.23762
extract_tpa_g010,1.74151,0.028107,0.291026,0.212180,0.239261,0.019242,0.024419,0.23918
extract_tpa_g010,1.74601,0.028275,0.288764,0.217252,0.223609,0.019415,0.024611,0.24002
extract_tpa_g010,1.75051,0.028444,0.298765,0.218645,0.153762,0.019580,0.024799,0.24111
extract_tpa_g010,1.75502,0.028613,0.318543,0.216497,0.320912,0.019684,0.024960,0.24411
extract_tpa_g010,1.75952,0.028783,0.338041,0.212793,0.345781,0.019789,0.025121,0.24711
extract_tpa_g010,1.76402,0.028953,0.349164,0.210758,0.303353,0.019966,0.025376,0.25032
extract_tpa_g010,1.76851,0.029123,0.348427,0.212865,0.409176,0.020151,0.025641,0.25355
extract_tpa_g010,1.77301,0.029294,0.336153,0.219014,0.300542,0.020384,0.025907,0.25508
extract_tpa_g010,1.77751,0.029465,0.320901,0.226871,0.216355,0.020640,0.026173,0.25577
extract_tpa_g010,1.78201,0.029636,0.312435,0.233389,0.250712,0.020856,0.026415,0.25711
extract_tpa_g010,1.78651,0.029808,0.315548,0.235681,0.213289,0.021022,0.026628,0.25925
extract_tpa_g010,1.79101,0.029980,0.330790,0.233506,0.249463,0.021176,0.026834,0.26175
extract_tpa_g010,1.79550,0.030153,0.352068,0.229477,0.352562,0.021286,0.027021,0.26544
extract_tpa_g010,1.80002,0.030327,0.369140,0.226589,0.411298,0.021397,0.027210,0.26915
extract_tpa_g010,1.80452,0.030500,0.374922,0.227723,0.384586,0.021595,0.027457,0.27108
extract_tpa_g010,1.80902,0.030674,0.368541,0.233495,0.401385,0.021793,0.027705,0.27301
extract_tpa_g010,1.81351,0.030848,0.354008,0.241383,0.365524,0.022037,0.027975,0.27428
extract_tpa_g010,1.81800,0.031022,0.340434,0.248273,0.241613,0.022293,0.028250,0.27538
extract_tpa_g010,1.82252,0.031197,0.337270,0.251494,0.312290,0.022496,0.028504,0.27780
extract_tpa_g010,1.82702,0.031373,0.346373,0.250270,0.332330,0.022657,0.028740,0.28121
extract_tpa_g010,1.83152,0.031548,0.364858,0.246650,0.324418,0.022801,0.028953,0.28439
extract_tpa_g010,1.83601,0.031724,0.385595,0.243838,0.495486,0.022915,0.029122,0.28711
extract_tpa_g010,1.84051,0.031900,0.397964,0.244339,0.479714,0.023041,0.029300,0.28963
extract_tpa_g010,1.84501,0.032077,0.397965,0.248809,0.448205,0.023256,0.029541,0.29063
extract_tpa_g010,1.84950,0.032254,0.387736,0.255852,0.490622,0.023471,0.029780,0.29163
extract_tpa_g010,1.85401,0.032432,0.372848,0.262439,0.367936,0.023726,0.030086,0.29397
extract_tpa_g010,1.85851,0.032610,0.363308,0.266139,0.339987,0.023986,0.030399,0.29645
extract_tpa_g010,1.86301,0.032788,0.365654,0.266519,0.379733,0.024171,0.030649,0.29956
extract_tpa_g010,1.86750,0.032966,0.379246,0.264400,0.389120,0.024319,0.030869,0.30296
extract_tpa_g010,1.87202,0.033145,0.399066,0.262282,0.443628,0.024454,0.031060,0.30558
extract_tpa_g010,1.87652,0.033325,0.416805,0.262510,0.517760,0.024571,0.031212,0.30717
extract_tpa_g010,1.88101,0.033504,0.424271,0.265403,0.534549,0.024715,0.031393,0.30883
extract_tpa_g010,1.88551,0.033684,0.419451,0.270474,0.458337,0.024953,0.031673,0.31074
extract_tpa_g010,1.89001,0.033864,0.407138,0.276008,0.465686,0.025191,0.031954,0.31265
extract_tpa_g010,1.89452,0.034045,0.394127,0.279971,0.394742,0.025447,0.032289,0.31623
extract_tpa_g010,1.89902,0.034226,0.388792,0.281894,0.302789,0.025702,0.032623,0.31981
extract_tpa_g010,1.90351,0.034407,0.396212,0.282117,0.419306,0.025860,0.032829,0.32220
extract_tpa_g010,1.90800,0.034588,0.412662,0.281578,0.403161,0.025992,0.033001,0.32426
extract_tpa_g010,1.91251,0.034770,0.431965,0.281624,0.417493,0.026124,0.033170,0.32598
extract_tpa_g010,1.91702,0.034953,0.446514,0.283061,0.560588,0.026255,0.033336,0.32741
extract_tpa_g010,1.92152,0.035135,0.449077,0.285757,0.465577,0.026431,0.033557,0.32942
extract_tpa_g010,1.92602,0.035318,0.440885,0.289321,0.425844,0.026694,0.033884,0.33255
extract_tpa_g010,1.93052,0.035501,0.427865,0.293361,0.441667,0.026954,0.034210,0.33565
extract_tpa_g010,1.93502,0.035685,0.417113,0.296876,0.322202,0.027194,0.034516,0.33855
extract_tpa_g010,1.93951,0.035868,0.416397,0.299481,0.314978,0.027433,0.034822,0.34144
extract_tpa_g010,1.94402,0.036053,0.427761,0.301195,0.381541,0.027565,0.034975,0.34271
extract_tpa_g010,1.94851,0.036237,0.446282,0.301569,0.409429,0.027684,0.035109,0.34378
extract_tpa_g010,1.95300,0.036421,0.464487,0.301403,0.426871,0.027826,0.035303,0.34605
extract_tpa_g010,1.95750,0.036606,0.475126,0.301768,0.511233,0.027981,0.035526,0.34890
extract_tpa_g010,1.96202,0.036792,0.473460,0.303202,0.495238,0.028191,0.035809,0.35210
extract_tpa_g010,1.96652,0.036978,0.462071,0.306596,0.372261,0.028468,0.036162,0.35570
extract_tpa_g010,1.97100,0.037163,0.449093,0.311618,0.423415,0.028730,0.036490,0.35883
extract_tpa_g010,1.97552,0.037350,0.441470,0.316719,0.358129,0.028948,0.036745,0.36044
extract_tpa_g010,1.98002,0.037537,0.445254,0.320464,0.293324,0.029165,0.036999,0.36204
extract_tpa_g010,1.98450,0.037723,0.460911,0.321749,0.461808,0.029280,0.037141,0.36360
extract_tpa_g010,1.98902,0.037911,0.480615,0.320543,0.458255,0.029397,0.037285,0.36518
extract_tpa_g010,1.99352,0.038098,0.496785,0.318460,0.482512,0.029565,0.037533,0.36867
extract_tpa_g010,1.99800,0.038285,0.502978,0.317960,0.593112,0.029747,0.037809,0.37268
extract_tpa_g010,2.00250,0.038473,0.496285,0.320476,0.499594,0.029984,0.038113,0.37575
extract_tpa_g010,2.00701,0.038662,0.482650,0.326105,0.452218,0.030264,0.038439,0.37807
extract_tpa_g010,2.01152,0.038851,0.470715,0.333370,0.455097,0.030516,0.038728,0.37991
extract_tpa_g010,2.01601,0.039039,0.467476,0.339075,0.408875,0.030714,0.038946,0.38078
extract_tpa_g010,2.02052,0.039229,0.476916,0.341200,0.427030,0.030903,0.039160,0.38192
extract_tpa_g010,2.02502,0.039418,0.496019,0.339700,0.516436,0.031026,0.039349,0.38511
extract_tpa_g010,2.02951,0.039607,0.515860,0.336058,0.587770,0.031149,0.039538,0.38829
extract_tpa_g010,2.03401,0.039797,0.528057,0.333756,0.576953,0.031344,0.039820,0.39214
extract_tpa_g010,2.03852,0.039988,0.528420,0.335442,0.632794,0.031548,0.040113,0.39606
extract_tpa_g010,2.04302,0.040178,0.517311,0.341294,0.586350,0.031798,0.040407,0.39808
extract_tpa_g010,2.04752,0.040369,0.502492,0.349588,0.463062,0.032071,0.040700,0.39916
extract_tpa_g010,2.05200,0.040559,0.494030,0.356841,0.522849,0.032304,0.040964,0.40062
extract_tpa_g010,2.05652,0.040751,0.496613,0.359997,0.472766,0.032491,0.041195,0.40255
extract_tpa_g010,2.06102,0.040943,0.511387,0.358492,0.486864,0.032665,0.041423,0.40500
extract_tpa_g010,2.06551,0.041134,0.532763,0.354356,0.643931,0.032795,0.041643,0.40918
extract_tpa_g010,2.07000,0.041325,0.549897,0.351009,0.612971,0.032926,0.041864,0.41336
extract_tpa_g010,2.07451,0.041518,0.556569,0.351599,0.642979,0.033145,0.042133,0.41567
extract_tpa_g010,2.07901,0.041711,0.550950,0.357198,0.662788,0.033364,0.042401,0.41797
extract_tpa_g010,2.08352,0.041904,0.536642,0.365620,0.535737,0.033624,0.042686,0.41918
extract_tpa_g010,2.08801,0.042096,0.523628,0.373437,0.504649,0.033893,0.042975,0.42009
extract_tpa_g010,2.09251,0.042289,0.520253,0.377664,0.501329,0.034113,0.043243,0.42235
extract_tpa_g010,2.09700,0.042482,0.529234,0.376840,0.491628,0.034292,0.043493,0.42566
extract_tpa_g010,2.10153,0.042677,0.548001,0.372983,0.537810,0.034457,0.043732,0.42909
extract_tpa_g010,2.10602,0.042871,0.568681,0.369563,0.631810,0.034590,0.043944,0.43269
extract_tpa_g010,2.11052,0.043065,0.581390,0.369361,0.643352,0.034735,0.044163,0.43602
extract_tpa_g010,2.11502,0.043259,0.581569,0.373905,0.586291,0.034969,0.044420,0.43728
extract_tpa_g010,2.11952,0.043453,0.571428,0.381641,0.618827,0.035203,0.044677,0.43854
extract_tpa_g010,2.12402,0.043648,0.556744,0.389222,0.505852,0.035469,0.044996,0.44081
extract_tpa_g010,2.12852,0.043843,0.547482,0.393935,0.422456,0.035738,0.045322,0.44319
extract_tpa_g010,2.13302,0.044038,0.550581,0.394496,0.530212,0.035938,0.045594,0.44652
extract_tpa_g010,2.13751,0.044233,0.564626,0.391906,0.475755,0.036103,0.045838,0.45030
extract_tpa_g010,2.14201,0.044429,0.585016,0.389009,0.537426,0.036256,0.046057,0.45340
extract_tpa_g010,2.14651,0.044625,0.602929,0.388603,0.675016,0.036392,0.046244,0.45564
extract_tpa_g010,2.15101,0.044821,0.609621,0.391675,0.594095,0.036556,0.046452,0.45773
extract_tpa_g010,2.15551,0.045017,0.604455,0.397576,0.594425,0.036813,0.046737,0.45928
extract_tpa_g010,2.16000,0.045213,0.591629,0.404315,0.584664,0.037069,0.047022,0.46084
extract_tpa_g010,2.16450,0.045409,0.578719,0.409154,0.477297,0.037334,0.047370,0.46428
extract_tpa_g010,2.16901,0.045607,0.574781,0.411156,0.465842,0.037600,0.047719,0.46773
extract_tpa_g010,2.17350,0.045803,0.583409,0.410841,0.524998,0.037771,0.047946,0.47052
extract_tpa_g010,2.17802,0.046001,0.601117,0.409325,0.561132,0.037919,0.048143,0.47316
extract_tpa_g010,2.18252,0.046199,0.620828,0.408857,0.589460,0.038067,0.048335,0.47530
extract_tpa_g010,2.18700,0.046395,0.634397,0.410562,0.698415,0.038217,0.048524,0.47706
extract_tpa_g010,2.19152,0.046594,0.635574,0.414137,0.671190,0.038412,0.048767,0.47926
extract_tpa_g010,2.19601,0.046791,0.625986,0.419044,0.582256,0.038691,0.049111,0.48226
extract_tpa_g010,2.20050,0.046989,0.612775,0.423902,0.637213,0.038966,0.049452,0.48529
extract_tpa_g010,2.20502,0.047188,0.603102,0.427465,0.534525,0.039213,0.049779,0.48860
extract_tpa_g010,2.20951,0.047386,0.604555,0.429469,0.510782,0.039459,0.050103,0.49188
extract_tpa_g010,2.21402,0.047585,0.618255,0.430124,0.658070,0.039600,0.050275,0.49367
extract_tpa_g010,2.21851,0.047783,0.637506,0.429938,0.629580,0.039728,0.050428,0.49527
extract_tpa_g010,2.22300,0.047982,0.655252,0.429925,0.703589,0.039889,0.050640,0.49767
extract_tpa_g010,2.22751,0.048181,0.663812,0.431145,0.789943,0.040067,0.050882,0.50047
extract_tpa_g010,2.23202,0.048381,0.659533,0.433811,0.701621,0.040298,0.051182,0.50359
extract_tpa_g010,2.23651,0.048580,0.647295,0.438027,0.680959,0.040591,0.051551,0.50710
extract_tpa_g010,2.24100,0.048779,0.634810,0.443231,0.654945,0.040867,0.051896,0.51020
extract_tpa_g010,2.24551,0.048979,0.629643,0.447712,0.604274,0.041087,0.052156,0.51195
extract_tpa_g010,2.25000,0.049178,0.636783,0.450547,0.610516,0.041306,0.052415,0.51369
extract_tpa_g010,2.25452,0.049379,0.654295,0.451217,0.698523,0.041431,0.052572,0.51552
extract_tpa_g010,2.25902,0.049579,0.674124,0.449914,0.746170,0.041556,0.052728,0.51734
extract_tpa_g010,2.26352,0.049780,0.688146,0.448638,0.743965,0.041748,0.052998,0.52092
extract_tpa_g010,2.26800,0.049979,0.691124,0.449201,0.820452,0.041957,0.053296,0.52495
extract_tpa_g010,2.27251,0.050180,0.682068,0.452592,0.733744,0.042212,0.053625,0.52821
extract_tpa_g010,2.27700,0.050380,0.668094,0.458720,0.640595,0.042500,0.053975,0.53082
extract_tpa_g010,2.28152,0.050582,0.658433,0.465578,0.688309,0.042758,0.054281,0.53295
extract_tpa_g010,2.28602,0.050783,0.658525,0.470548,0.592174,0.042952,0.054497,0.53407
extract_tpa_g010,2.29051,0.050984,0.671225,0.471994,0.633530,0.043138,0.054711,0.53546
extract_tpa_g010,2.29501,0.051185,0.691519,0.470105,0.758629,0.043272,0.054917,0.53895
extract_tpa_g010,2.29950,0.051386,0.709480,0.466840,0.719408,0.043406,0.055123,0.54243
extract_tpa_g010,2.30400,0.051587,0.718622,0.465347,0.781248,0.043629,0.055432,0.54630
extract_tpa_g010,2.30851,0.051789,0.715400,0.468004,0.779653,0.043863,0.055753,0.55022
extract_tpa_g010,2.31300,0.051990,0.702526,0.474538,0.669830,0.044125,0.056062,0.55225
extract_tpa_g010,2.31752,0.052193,0.689254,0.482926,0.638598,0.044403,0.056368,0.55335
extract_tpa_g010,2.32202,0.052395,0.683935,0.489780,0.614967,0.044636,0.056631,0.55478
extract_tpa_g010,2.32650,0.052596,0.690579,0.492076,0.608056,0.044816,0.056843,0.55663
extract_tpa_g010,2.33101,0.052798,0.707985,0.489955,0.645495,0.044989,0.057065,0.55908
extract_tpa_g010,2.33551,0.053000,0.728878,0.485650,0.749067,0.045137,0.057311,0.56358
extract_tpa_g010,2.34000,0.053202,0.743246,0.482629,0.758801,0.045285,0.057557,0.56807
extract_tpa_g010,2.34452,0.053405,0.745892,0.484254,0.730970,0.045532,0.057855,0.57047
extract_tpa_g010,2.34901,0.053607,0.737396,0.490785,0.773646,0.045777,0.058152,0.57284
extract_tpa_g010,2.35350,0.053810,0.722751,0.499779,0.638266,0.046038,0.058444,0.57412
extract_tpa_g010,2.35801,0.054013,0.712365,0.507625,0.598978,0.046304,0.058737,0.57510
extract_tpa_g010,2.36252,0.054216,0.713380,0.511046,0.677792,0.046517,0.059002,0.57756
extract_tpa_g010,2.36702,0.054419,0.725820,0.509289,0.610769,0.046689,0.059246,0.58116
extract_tpa_g010,2.37152,0.054621,0.746172,0.504739,0.725794,0.046856,0.059490,0.58491
extract_tpa_g010,2.37602,0.054824,0.765037,0.501273,0.832830,0.047010,0.059734,0.58895
extract_tpa_g010,2.38051,0.055027,0.773485,0.501871,0.767250,0.047176,0.059981,0.59263
extract_tpa_g010,2.38502,0.055230,0.769931,0.507578,0.807826,0.047433,0.060260,0.59369
extract_tpa_g010,2.38950,0.055433,0.757405,0.516437,0.773780,0.047689,0.060537,0.59473
extract_tpa_g010,2.39401,0.055636,0.743741,0.524377,0.673394,0.047950,0.060848,0.59683
extract_tpa_g010,2.39851,0.055840,0.738505,0.528595,0.674331,0.048210,0.061163,0.59904
extract_tpa_g010,2.40301,0.056043,0.745881,0.528083,0.724373,0.048404,0.061427,0.60248
extract_tpa_g010,2.40752,0.056247,0.763163,0.524238,0.751303,0.048566,0.061666,0.60652
extract_tpa_g010,2.41201,0.056450,0.783544,0.520910,0.798195,0.048726,0.061894,0.60980
extract_tpa_g010,2.41651,0.056653,0.798173,0.520950,0.918809,0.048887,0.062109,0.61217
extract_tpa_g010,2.42102,0.056857,0.800209,0.525232,0.862992,0.049075,0.062345,0.61432
extract_tpa_g010,2.42552,0.057061,0.791149,0.532713,0.805363,0.049348,0.062647,0.61569
extract_tpa_g010,2.43001,0.057264,0.777513,0.540261,0.851264,0.049621,0.062950,0.61707
extract_tpa_g010,2.43450,0.057467,0.766997,0.544989,0.707936,0.049871,0.063284,0.62069
extract_tpa_g010,2.43901,0.057671,0.768021,0.545935,0.724380,0.050123,0.063619,0.62433
extract_tpa_g010,2.44352,0.057875,0.781392,0.544038,0.841349,0.050288,0.063850,0.62760
extract_tpa_g010,2.44801,0.058079,0.800885,0.541528,0.800595,0.050428,0.064051,0.63075
extract_tpa_g010,2.45251,0.058283,0.819299,0.541003,0.904796,0.050589,0.064262,0.63313
extract_tpa_g010,2.45702,0.058487,0.828052,0.543768,0.956399,0.050767,0.064481,0.63492
extract_tpa_g010,2.46151,0.058690,0.823802,0.549001,0.867919,0.050983,0.064745,0.63703
extract_tpa_g010,2.46602,0.058895,0.811443,0.555226,0.848193,0.051275,0.065099,0.63980
extract_tpa_g010,2.47052,0.059099,0.798583,0.560476,0.802271,0.051560,0.065447,0.64263
extract_tpa_g010,2.47501,0.059302,0.793316,0.563122,0.748501,0.051788,0.065748,0.64594
extract_tpa_g010,2.47952,0.059506,0.800681,0.563570,0.756639,0.052016,0.066050,0.64927
extract_tpa_g010,2.48402,0.059710,0.818342,0.562738,0.839493,0.052153,0.066223,0.65129
extract_tpa_g010,2.48851,0.059914,0.838178,0.561890,0.872446,0.052279,0.066380,0.65315
extract_tpa_g010,2.49302,0.060118,0.852165,0.562692,0.881212,0.052461,0.066612,0.65547
extract_tpa_g010,2.49752,0.060322,0.854714,0.565470,0.949156,0.052671,0.066880,0.65801
extract_tpa_g010,2.50201,0.060526,0.845231,0.569863,0.839390,0.052919,0.067196,0.66095
extract_tpa_g010,2.50650,0.060729,0.831399,0.575139,0.777178,0.053216,0.067572,0.66436
extract_tpa_g010,2.51100,0.060933,0.821928,0.579872,0.805462,0.053490,0.067917,0.66748
extract_tpa_g010,2.51552,0.061138,0.822484,0.582926,0.698438,0.053685,0.068152,0.66959
extract_tpa_g010,2.52002,0.061342,0.835796,0.583938,0.781869,0.053879,0.068387,0.67169
extract_tpa_g010,2.52451,0.061545,0.855942,0.583310,0.872547,0.054006,0.068559,0.67394
extract_tpa_g010,2.52901,0.061749,0.873472,0.582120,0.843602,0.054133,0.068732,0.67619
extract_tpa_g010,2.53351,0.061953,0.882092,0.582161,0.929814,0.054351,0.069027,0.67963
extract_tpa_g010,2.53801,0.062157,0.878176,0.584708,0.899441,0.054594,0.069356,0.68340
extract_tpa_g010,2.54252,0.062362,0.865227,0.589628,0.804483,0.054860,0.069693,0.68645
extract_tpa_g010,2.54701,0.062565,0.852492,0.596074,0.790333,0.055142,0.070033,0.68893
extract_tpa_g010,2.55151,0.062769,0.847804,0.601839,0.763986,0.055386,0.070321,0.69101
extract_tpa_g010,2.55601,0.062972,0.855036,0.604704,0.761019,0.055553,0.070507,0.69231
extract_tpa_g010,2.56051,0.063176,0.872650,0.604414,0.820937,0.055718,0.070699,0.69389
extract_tpa_g010,2.56502,0.063380,0.892928,0.601820,0.924015,0.055866,0.070926,0.69749
extract_tpa_g010,2.56950,0.063583,0.906264,0.599349,0.918911,0.056012,0.071152,0.70108
extract_tpa_g010,2.57400,0.063787,0.908133,0.599964,0.926139,0.056264,0.071479,0.70451
extract_tpa_g010,2.57850,0.063990,0.899077,0.604562,0.953306,0.056528,0.071818,0.70793
extract_tpa_g010,2.58300,0.064194,0.884702,0.612120,0.808358,0.056788,0.072121,0.70981
extract_tpa_g010,2.58751,0.064398,0.875455,0.619974,0.817298,0.057046,0.072407,0.71094
extract_tpa_g010,2.59201,0.064601,0.877321,0.624778,0.870979,0.057258,0.072654,0.71265
extract_tpa_g010,2.59651,0.064805,0.890321,0.624857,0.806922,0.057412,0.072853,0.71508
extract_tpa_g010,2.60100,0.065008,0.910599,0.621332,0.953673,0.057569,0.073068,0.71801
extract_tpa_g010,2.60552,0.065212,0.928222,0.617278,1.024393,0.057739,0.073344,0.72265
extract_tpa_g010,2.61002,0.065415,0.935183,0.616116,0.976032,0.057909,0.073618,0.72726
extract_tpa_g010,2.61452,0.065618,0.930342,0.620159,1.022149,0.058180,0.073929,0.72915
extract_tpa_g010,2.61902,0.065821,0.917313,0.628471,0.947112,0.058451,0.074240,0.73105
extract_tpa_g010,2.62351,0.066024,0.904918,0.637474,0.876207,0.058692,0.074510,0.73227
extract_tpa_g010,2.62800,0.066226,0.901860,0.643671,0.877773,0.058925,0.074767,0.73330
extract_tpa_g010,2.63251,0.066430,0.911055,0.644452,0.918033,0.059112,0.075011,0.73602
extract_tpa_g010,2.63701,0.066632,0.929105,0.640416,0.944163,0.059263,0.075243,0.74005
extract_tpa_g010,2.64150,0.066835,0.948566,0.635404,1.002370,0.059428,0.075490,0.74398
extract_tpa_g010,2.64600,0.067037,0.960345,0.633226,1.107696,0.059620,0.075768,0.74773
extract_tpa_g010,2.65050,0.067240,0.958888,0.636501,1.006715,0.059821,0.076046,0.75109
extract_tpa_g010,2.65502,0.067443,0.947766,0.644867,0.973639,0.060096,0.076326,0.75153
extract_tpa_g010,2.65950,0.067645,0.934670,0.654655,0.965386,0.060369,0.076604,0.75196
extract_tpa_g010,2.66401,0.067847,0.928098,0.661571,0.837094,0.060584,0.076867,0.75408
extract_tpa_g010,2.66850,0.068049,0.934468,0.662951,0.909911,0.060791,0.077126,0.75639
extract_tpa_g010,2.67302,0.068252,0.951138,0.659163,0.967878,0.060960,0.077381,0.76044
extract_tpa_g010,2.67751,0.068453,0.970443,0.653554,0.956475,0.061107,0.077631,0.76531
extract_tpa_g010,2.68200,0.068655,0.983798,0.650739,1.092965,0.061291,0.077898,0.76912
extract_tpa_g010,2.68651,0.068857,0.983758,0.653621,1.045127,0.061523,0.078188,0.77165
extract_tpa_g010,2.69100,0.069058,0.972622,0.661693,0.946903,0.061760,0.078469,0.77363
extract_tpa_g010,2.69552,0.069261,0.959971,0.671916,0.907572,0.062017,0.078729,0.77379
extract_tpa_g010,2.70002,0.069462,0.954676,0.679490,0.873200,0.062273,0.078987,0.77397
extract_tpa_g010,2.70452,0.069663,0.961524,0.681062,0.878085,0.062436,0.079229,0.77764
extract_tpa_g010,2.70901,0.069864,0.978665,0.677171,0.917123,0.062598,0.079470,0.78130
extract_tpa_g010,2.71351,0.070065,0.997468,0.671013,1.037366,0.062779,0.079755,0.78614
extract_tpa_g010,2.71801,0.070266,1.007286,0.667501,1.060202,0.062964,0.080052,0.79131
extract_tpa_g010,2.72251,0.070467,1.003994,0.670300,1.019021,0.063197,0.080340,0.79386
extract_tpa_g010,2.72701,0.070668,0.992164,0.679042,0.953761,0.063466,0.080621,0.79438
extract_tpa_g010,2.73150,0.070868,0.982028,0.690126,0.846879,0.063704,0.080865,0.79470
extract_tpa_g010,2.73601,0.071069,0.982520,0.698229,0.917162,0.063885,0.081042,0.79462
extract_tpa_g010,2.74051,0.071269,0.993831,0.699381,0.927313,0.064066,0.081235,0.79533
extract_tpa_g010,2.74500,0.071469,1.010560,0.693983,0.978252,0.064241,0.081553,0.80191
extract_tpa_g010,2.74951,0.071669,1.023695,0.686574,1.138505,0.064417,0.081872,0.80853
extract_tpa_g010,2.75400,0.071868,1.025636,0.682946,1.031915,0.064667,0.082223,0.81285
extract_tpa_g010,2.75850,0.072068,1.018990,0.687024,1.010002,0.064927,0.082579,0.81693
extract_tpa_g010,2.76300,0.072268,1.011369,0.698157,0.968303,0.065137,0.082758,0.81585
extract_tpa_g010,2.76752,0.072468,1.009626,0.710502,0.955245,0.065322,0.082852,0.81225
extract_tpa_g010,2.77201,0.072667,1.016235,0.717684,0.982089,0.065503,0.083031,0.81243
extract_tpa_g010,2.77651,0.072866,1.027763,0.716295,1.092648,0.065680,0.083317,0.81721
extract_tpa_g010,2.78101,0.073065,1.037105,0.708056,1.115340,0.065877,0.083642,0.82284
extract_tpa_g010,2.78550,0.073263,1.040900,0.699852,1.039196,0.066141,0.084097,0.83130
extract_tpa_g010,2.79001,0.073462,1.040952,0.698535,1.113955,0.066406,0.084552,0.83972
extract_tpa_g010,2.79450,0.073660,1.039642,0.706381,1.012386,0.066574,0.084634,0.83612
extract_tpa_g010,2.79902,0.073859,1.040454,0.719898,1.051516,0.066743,0.084717,0.83250
extract_tpa_g010,2.80352,0.074057,1.043069,0.731704,1.124437,0.066930,0.084886,0.83205
extract_tpa_g010,2.80801,0.074255,1.045545,0.735127,1.073898,0.067122,0.085079,0.83249
extract_tpa_g010,2.81252,0.074453,1.048668,0.729524,1.071507,0.067352,0.085443,0.83846
extract_tpa_g010,2.81701,0.074650,1.053731,0.720091,1.051975,0.067609,0.085939,0.84873
extract_tpa_g010,2.82150,0.074847,1.061095,0.714134,1.082662,0.067833,0.086316,0.85544
extract_tpa_g010,2.82600,0.075044,1.068624,0.717149,1.068028,0.067992,0.086463,0.85517
extract_tpa_g010,2.83052,0.075242,1.072363,0.728226,1.174035,0.068158,0.086612,0.85468
extract_tpa_g010,2.83500,0.075438,1.069265,0.741282,1.104227,0.068365,0.086764,0.85242
extract_tpa_g010,2.83951,0.075635,1.063242,0.749490,1.037189,0.068573,0.086917,0.85014
extract_tpa_g010,2.84401,0.075832,1.061093,0.749110,1.025710,0.068812,0.087301,0.85663
extract_tpa_g010,2.84851,0.076028,1.067624,0.741958,0.949636,0.069054,0.087713,0.86416
extract_tpa_g010,2.85302,0.076224,1.082378,0.734188,1.088764,0.069239,0.088008,0.86929
extract_tpa_g010,2.85751,0.076420,1.096199,0.731843,1.130723,0.069394,0.088246,0.87322
extract_tpa_g010,2.86200,0.076615,1.100328,0.737263,1.170104,0.069581,0.088466,0.87475
extract_tpa_g010,2.86650,0.076810,1.093218,0.748474,1.102574,0.069809,0.088665,0.87334
extract_tpa_g010,2.87101,0.077006,1.082076,0.759645,1.004317,0.070035,0.088879,0.87277
extract_tpa_g010,2.87551,0.077201,1.077798,0.765345,0.937604,0.070251,0.089141,0.87511
extract_tpa_g010,2.88002,0.077396,1.086618,0.763709,0.984867,0.070468,0.089405,0.87749
extract_tpa_g010,2.88452,0.077590,1.103888,0.756719,1.126037,0.070627,0.089705,0.88386
extract_tpa_g010,2.88901,0.077784,1.118229,0.749911,1.128376,0.070785,0.090005,0.89022
extract_tpa_g010,2.89351,0.077978,1.121850,0.748801,1.221840,0.071015,0.090299,0.89320
extract_tpa_g010,2.89801,0.078172,1.114158,0.755352,1.087643,0.071264,0.090592,0.89524
extract_tpa_g010,2.90252,0.078366,1.104347,0.767060,0.999393,0.071475,0.090794,0.89487
extract_tpa_g010,2.90701,0.078559,1.102292,0.778257,1.043709,0.071656,0.090924,0.89264
extract_tpa_g010,2.91151,0.078753,1.110196,0.782868,1.063815,0.071836,0.091112,0.89312
extract_tpa_g010,2.91602,0.078946,1.123330,0.779053,1.162765,0.072013,0.091413,0.89894
extract_tpa_g010,2.92052,0.079139,1.133625,0.770485,1.196857,0.072199,0.091726,0.90485
extract_tpa_g010,2.92502,0.079331,1.136526,0.763615,1.205127,0.072453,0.092135,0.91156
extract_tpa_g010,2.92951,0.079523,1.133983,0.764612,1.091470,0.072706,0.092543,0.91825
extract_tpa_g010,2.93400,0.079714,1.131739,0.774452,1.146955,0.072874,0.092629,0.91496
extract_tpa_g010,2.93852,0.079907,1.132297,0.788032,1.140559,0.073033,0.092678,0.91045
extract_tpa_g010,2.94302,0.080099,1.135788,0.797938,1.153785,0.073215,0.092866,0.91088
extract_tpa_g010,2.94751,0.080289,1.140176,0.798970,1.230999,0.073408,0.093122,0.91370
extract_tpa_g010,2.95201,0.080480,1.143816,0.791610,1.142605,0.073626,0.093473,0.91959
extract_tpa_g010,2.95650,0.080671,1.148793,0.782183,1.166253,0.073873,0.093939,0.92918
extract_tpa_g010,2.96102,0.080862,1.155421,0.778318,1.155651,0.074099,0.094320,0.93607
extract_tpa_g010,2.96552,0.081052,1.161565,0.783540,1.215040,0.074244,0.094400,0.93356
extract_tpa_g010,2.97002,0.081242,1.163756,0.795843,1.226787,0.074390,0.094480,0.93106
extract_tpa_g010,2.97452,0.081432,1.160489,0.808338,1.223437,0.074603,0.094674,0.93025
extract_tpa_g010,2.97902,0.081621,1.154876,0.814222,1.142788,0.074816,0.094869,0.92944
extract_tpa_g010,2.98351,0.081810,1.154257,0.811540,1.074884,0.075040,0.095234,0.93580
extract_tpa_g010,2.98801,0.081999,1.162948,0.803422,1.144066,0.075267,0.095647,0.94415
extract_tpa_g010,2.99250,0.082187,1.177390,0.796348,1.133969,0.075447,0.095939,0.94915
extract_tpa_g010,2.99702,0.082376,1.189768,0.795991,1.288261,0.075592,0.096138,0.95156
extract_tpa_g010,3.00151,0.082564,1.191412,0.803451,1.262644,0.075766,0.096331,0.95251
extract_tpa_g010,3.00601,0.082751,1.182432,0.815060,1.157722,0.076000,0.096516,0.95060
extract_tpa_g010,3.01050,0.082938,1.172049,0.825198,1.101658,0.076228,0.096711,0.94933
extract_tpa_g010,3.01500,0.083126,1.170395,0.828883,1.040238,0.076420,0.096981,0.95281
extract_tpa_g010,3.01950,0.083312,1.181425,0.825143,1.096952,0.076613,0.097250,0.95629
extract_tpa_g010,3.02402,0.083500,1.199040,0.817701,1.200182,0.076778,0.097543,0.96216
extract_tpa_g010,3.02852,0.083686,1.211523,0.811888,1.312647,0.076939,0.097837,0.96831
extract_tpa_g010,3.03302,0.083872,1.211123,0.812510,1.208797,0.077154,0.098112,0.97095
extract_tpa_g010,3.03751,0.084057,1.201068,0.820638,1.189974,0.077394,0.098378,0.97188
extract_tpa_g010,3.04201,0.084243,1.190341,0.832437,1.106838,0.077599,0.098574,0.97148
extract_tpa_g010,3.04651,0.084428,1.188281,0.841818,1.063755,0.077763,0.098683,0.96947
extract_tpa_g010,3.05100,0.084612,1.197251,0.844011,1.207515,0.077929,0.098842,0.96949
extract_tpa_g010,3.05552,0.084798,1.211053,0.838355,1.239580,0.078109,0.099176,0.97641
extract_tpa_g010,3.06001,0.084981,1.224070,0.829660,1.290294,0.078288,0.099506,0.98328
extract_tpa_g010,3.06451,0.085165,1.235415,0.825546,1.243887,0.078512,0.099808,0.98720
extract_tpa_g010,3.06900,0.085348,1.250336,0.831103,1.218686,0.078736,0.100109,0.99112
extract_tpa_g010,3.07352,0.085532,1.275750,0.846484,1.235344,0.078875,0.100181,0.98814
extract_tpa_g010,3.07802,0.085715,1.314662,0.865675,1.442159,0.078989,0.100188,0.98327
extract_tpa_g010,3.08251,0.085897,1.369071,0.880904,1.292670,0.079088,0.100208,0.98052
extract_tpa_g010,3.08701,0.086080,1.447053,0.891441,1.209574,0.079175,0.100237,0.97941
extract_tpa_g010,3.09151,0.086262,1.545133,0.899142,1.763259,0.079262,0.100277,0.97870
extract_tpa_g010,3.09600,0.086443,1.643349,0.905606,1.727354,0.079350,0.100334,0.97879
extract_tpa_g010,3.10052,0.086625,1.732522,0.915103,1.759962,0.079437,0.100385,0.97844
extract_tpa_g010,3.10502,0.086806,1.810991,0.930618,1.910202,0.079524,0.100388,0.97477
extract_tpa_g010,3.10951,0.086986,1.878305,0.948850,2.026221,0.079611,0.100391,0.97110
extract_tpa_g010,3.11401,0.087166,1.941967,0.965455,1.829311,0.079729,0.100411,0.96785
extract_tpa_g010,3.11850,0.087346,2.016670,0.979525,1.874269,0.079849,0.100434,0.96466
extract_tpa_g010,3.12301,0.087526,2.104199,0.989321,2.270816,0.079940,0.100476,0.96378
extract_tpa_g010,3.12750,0.087705,2.193673,0.995556,2.141999,0.080015,0.100528,0.96405
extract_tpa_g010,3.13202,0.087884,2.280782,1.002850,2.282033,0.080082,0.100556,0.96314
extract_tpa_g010,3.13652,0.088063,2.360052,1.015655,2.462168,0.080139,0.100554,0.96077
extract_tpa_g010,3.14102,0.088241,2.425979,1.031747,2.534262,0.080217,0.100559,0.95801
extract_tpa_g010,3.14551,0.088419,2.484792,1.049086,2.319397,0.080366,0.100592,0.95390
extract_tpa_g010,3.15002,0.088596,2.551814,1.065604,2.425437,0.080514,0.100624,0.94980
extract_tpa_g010,3.15450,0.088773,2.630635,1.077902,2.722587,0.080597,0.100670,0.94925
extract_tpa_g010,3.15902,0.088950,2.715936,1.084796,2.551862,0.080681,0.100716,0.94871
extract_tpa_g010,3.16350,0.089126,2.806143,1.091145,2.773514,0.080723,0.100728,0.94805
extract_tpa_g010,3.16802,0.089303,2.891912,1.100987,3.006937,0.080754,0.100731,0.94736
extract_tpa_g010,3.17250,0.089478,2.963018,1.114237,3.055856,0.080854,0.100760,0.94505
extract_tpa_g010,3.17702,0.089654,3.023143,1.130777,2.842847,0.081010,0.100810,0.94143
extract_tpa_g010,3.18151,0.089828,3.085754,1.149030,3.035058,0.081148,0.100855,0.93833
extract_tpa_g010,3.18601,0.090003,3.155464,1.163818,3.213326,0.081253,0.100888,0.93619
extract_tpa_g010,3.19050,0.090177,3.233508,1.172840,2.993133,0.081348,0.100920,0.93434
extract_tpa_g010,3.19502,0.090352,3.322632,1.179552,3.310788,0.081371,0.100936,0.93465
extract_tpa_g010,3.19952,0.090525,3.412110,1.187192,3.544026,0.081394,0.100951,0.93495
extract_tpa_g010,3.20402,0.090698,3.489043,1.197119,3.591915,0.081521,0.101008,0.93309
extract_tpa_g010,3.20851,0.090870,3.553712,1.211583,3.440861,0.081659,0.101070,0.93097
extract_tpa_g010,3.21302,0.091043,3.614947,1.229983,3.693368,0.081784,0.101104,0.92783
extract_tpa_g010,3.21750,0.091214,3.676489,1.246492,3.764198,0.081903,0.101125,0.92420
extract_tpa_g010,3.22202,0.091387,3.745382,1.258373,3.522276,0.081987,0.101146,0.92213
extract_tpa_g010,3.22652,0.091558,3.829072,1.266832,3.860691,0.082026,0.101169,0.92201
extract_tpa_g010,3.23101,0.091728,3.918194,1.273804,4.056899,0.082081,0.101200,0.92179
extract_tpa_g010,3.23551,0.091899,4.000376,1.280840,4.096710,0.082189,0.101261,0.92123
extract_tpa_g010,3.24000,0.092068,4.072793,1.292625,4.007197,0.082297,0.101322,0.92065
extract_tpa_g010,3.24450,0.092238,4.137792,1.309115,4.310290,0.082408,0.101333,0.91668
extract_tpa_g010,3.24900,0.092407,4.196305,1.326045,4.252180,0.082520,0.101344,0.91270
extract_tpa_g010,3.25352,0.092577,4.258757,1.340257,4.041276,0.082600,0.101363,0.91053
extract_tpa_g010,3.25801,0.092745,4.335528,1.351503,4.370270,0.082670,0.101384,0.90887
extract_tpa_g010,3.26251,0.092913,4.420274,1.358949,4.496260,0.082750,0.101423,0.90824
extract_tpa_g010,3.26700,0.093080,4.503818,1.364561,4.528860,0.082836,0.101476,0.90840
extract_tpa_g010,3.27152,0.093248,4.581936,1.373718,4.529190,0.082923,0.101514,0.90745
extract_tpa_g010,3.27602,0.093414,4.650896,1.387770,4.853720,0.083007,0.101520,0.90430
extract_tpa_g010,3.28052,0.093581,4.708061,1.403803,4.712920,0.083093,0.101527,0.90115
extract_tpa_g010,3.28500,0.093746,4.765020,1.419682,4.541650,0.083194,0.101544,0.89791
extract_tpa_g010,3.28952,0.093912,4.833647,1.433570,4.847140,0.083297,0.101561,0.89465
extract_tpa_g010,3.29402,0.094077,4.911414,1.442544,4.893210,0.083383,0.101604,0.89417
extract_tpa_g010,3.29851,0.094242,4.994335,1.448007,4.917420,0.083467,0.101650,0.89403
extract_tpa_g010,3.30301,0.094406,5.078594,1.455278,5.017440,0.083526,0.101669,0.89299
extract_tpa_g010,3.30752,0.094570,5.155819,1.466621,5.350300,0.083573,0.101674,0.89152
extract_tpa_g010,3.31202,0.094733,5.219841,1.480960,5.178010,0.083649,0.101682,0.88893
extract_tpa_g010,3.31652,0.094896,5.280608,1.497961,5.109800,0.083761,0.101694,0.88499
extract_tpa_g010,3.32102,0.095059,5.348092,1.514437,5.429610,0.083871,0.101710,0.88164
extract_tpa_g010,3.32551,0.095221,5.422613,1.525989,5.312960,0.083970,0.101741,0.88026
extract_tpa_g010,3.33001,0.095382,5.507331,1.533285,5.400970,0.084069,0.101771,0.87889
extract_tpa_g010,3.33451,0.095544,5.598979,1.540434,5.647250,0.084097,0.101784,0.87899
extract_tpa_g010,3.33901,0.095705,5.685269,1.548955,5.866670,0.084124,0.101797,0.87908
extract_tpa_g010,3.34350,0.095865,5.759937,1.560675,5.671520,0.084202,0.101804,0.87635
extract_tpa_g010,3.34802,0.096025,5.830265,1.577093,5.827120,0.084294,0.101808,0.87282
extract_tpa_g010,3.35252,0.096185,5.901285,1.594344,6.046210,0.084401,0.101816,0.86933
extract_tpa_g010,3.35702,0.096344,5.977638,1.608273,5.802040,0.084520,0.101828,0.86589
extract_tpa_g010,3.36151,0.096502,6.068547,1.618886,6.015680,0.084611,0.101844,0.86373
extract_tpa_g010,3.36601,0.096660,6.169979,1.627497,6.263540,0.084650,0.101869,0.86408
extract_tpa_g010,3.37051,0.096818,6.269164,1.634883,6.436610,0.084693,0.101894,0.86418
extract_tpa_g010,3.37501,0.096975,6.359968,1.645223,6.251460,0.084772,0.101912,0.86238
extract_tpa_g010,3.37952,0.097132,6.443416,1.660469,6.639930,0.084851,0.101930,0.86058
extract_tpa_g010,3.38402,0.097289,6.518204,1.677312,6.548760,0.084976,0.101939,0.85641
extract_tpa_g010,3.38852,0.097445,6.593888,1.692743,6.452680,0.085106,0.101946,0.85197
extract_tpa_g010,3.39302,0.097600,6.682146,1.706024,6.636460,0.085182,0.101958,0.85005
extract_tpa_g010,3.39752,0.097755,6.780557,1.715461,6.834760,0.085231,0.101972,0.84936
extract_tpa_g010,3.40202,0.097910,6.880751,1.722156,6.860930,0.085284,0.101993,0.84889
extract_tpa_g010,3.40652,0.098064,6.978538,1.731123,6.924030,0.085343,0.102024,0.84868
extract_tpa_g010,3.41102,0.098218,7.067387,1.744139,7.316910,0.085418,0.102050,0.84756
extract_tpa_g010,3.41552,0.098371,7.142647,1.759384,7.036160,0.085550,0.102060,0.84334
extract_tpa_g010,3.42002,0.098523,7.215864,1.775689,7.087680,0.085682,0.102070,0.83914
extract_tpa_g010,3.42452,0.098676,7.297113,1.791004,7.266960,0.085748,0.102073,0.83690
extract_tpa_g010,3.42901,0.098827,7.386686,1.801448,7.396460,0.085814,0.102075,0.83467
extract_tpa_g010,3.43351,0.098978,7.482901,1.808656,7.265040,0.085862,0.102102,0.83464
extract_tpa_g010,3.43801,0.099129,7.582988,1.816702,7.672440,0.085905,0.102136,0.83521
extract_tpa_g010,3.44250,0.099279,7.674279,1.827208,7.803810,0.085991,0.102162,0.83378
extract_tpa_g010,3.44702,0.099430,7.752536,1.840394,7.710480,0.086112,0.102181,0.83077
extract_tpa_g010,3.45152,0.099579,7.826107,1.856774,7.750090,0.086220,0.102193,0.82762
extract_tpa_g010,3.45602,0.099728,7.901605,1.872797,7.985610,0.086302,0.102189,0.82417
extract_tpa_g010,3.46052,0.099876,7.982187,1.884586,7.890210,0.086380,0.102188,0.82114
extract_tpa_g010,3.46501,0.100024,8.073394,1.893432,7.961390,0.086422,0.102213,0.82130
extract_tpa_g010,3.46951,0.100172,8.171588,1.901414,8.340900,0.086464,0.102238,0.82146
extract_tpa_g010,3.47401,0.100318,8.264007,1.909812,8.295140,0.086558,0.102270,0.82016
extract_tpa_g010,3.47850,0.100465,8.347621,1.920995,8.392720,0.086657,0.102303,0.81869
extract_tpa_g010,3.48300,0.100611,8.424768,1.936018,8.446540,0.086751,0.102311,0.81574
extract_tpa_g010,3.48752,0.100757,8.498019,1.951262,8.642800,0.086843,0.102306,0.81206
extract_tpa_g010,3.49201,0.100902,8.573545,1.964263,8.358630,0.086915,0.102309,0.80960
extract_tpa_g010,3.49651,0.101046,8.660298,1.974984,8.693970,0.086964,0.102323,0.80859
extract_tpa_g010,3.50101,0.101190,8.753378,1.983314,8.833520,0.087020,0.102342,0.80773
extract_tpa_g010,3.50550,0.101333,8.844524,1.990400,8.834360,0.087104,0.102381,0.80739
extract_tpa_g010,3.51002,0.101477,8.930691,2.000313,8.918850,0.087188,0.102420,0.80703
extract_tpa_g010,3.51451,0.101619,9.009406,2.013786,9.130020,0.087279,0.102423,0.80378
extract_tpa_g010,3.51900,0.101761,9.080071,2.028389,9.071690,0.087371,0.102426,0.80052
extract_tpa_g010,3.52351,0.101903,9.152553,2.042633,8.956000,0.087436,0.102426,0.79805
extract_tpa_g010,3.52801,0.102044,9.235603,2.055150,9.258360,0.087494,0.102425,0.79579
extract_tpa_g010,3.53250,0.102184,9.326094,2.063994,9.291190,0.087559,0.102441,0.79476
extract_tpa_g010,3.53702,0.102325,9.420520,2.070731,9.344140,0.087630,0.102473,0.79467
extract_tpa_g010,3.54152,0.102465,9.514393,2.079500,9.526540,0.087701,0.102494,0.79379
extract_tpa_g010,3.54601,0.102603,9.599485,2.090728,9.770040,0.087775,0.102496,0.79137
extract_tpa_g010,3.55050,0.102742,9.673528,2.104144,9.502220,0.087849,0.102498,0.78888
extract_tpa_g010,3.55501,0.102880,9.746772,2.119255,9.752960,0.087920,0.102495,0.78589
extract_tpa_g010,3.55951,0.103017,9.824291,2.133098,9.805620,0.087992,0.102492,0.78290
extract_tpa_g010,3.56401,0.103155,9.908313,2.142836,9.862960,0.088062,0.102511,0.78200
extract_tpa_g010,3.56850,0.103291,10.000839,2.150483,9.900670,0.088131,0.102531,0.78135
extract_tpa_g010,3.57300,0.103427,10.097126,2.158274,10.251180,0.088192,0.102542,0.78018
extract_tpa_g010,3.57752,0.103563,10.186448,2.167261,10.265900,0.088248,0.102547,0.77874
extract_tpa_g010,3.58202,0.103698,10.268368,2.179256,10.226390,0.088314,0.102551,0.77671
extract_tpa_g010,3.58651,0.103832,10.347769,2.194197,10.439160,0.088393,0.102555,0.77395
extract_tpa_g010,3.59100,0.103966,10.427201,2.208349,10.451570,0.088469,0.102558,0.77138
extract_tpa_g010,3.59552,0.104100,10.513310,2.219669,10.392040,0.088535,0.102560,0.76945
extract_tpa_g010,3.60002,0.104232,10.610538,2.229027,10.601360,0.088600,0.102563,0.76754
extract_tpa_g010,3.60452,0.104365,10.712338,2.236441,10.892640,0.088660,0.102575,0.76684
extract_tpa_g010,3.60902,0.104497,10.810311,2.243921,10.719320,0.088720,0.102587,0.76614
extract_tpa_g010,3.61352,0.104628,10.903287,2.254533,11.005480,0.088783,0.102591,0.76413
extract_tpa_g010,3.61801,0.104759,10.988579,2.267942,11.066140,0.088848,0.102593,0.76177
extract_tpa_g010,3.62251,0.104889,11.069385,2.281461,11.015930,0.088917,0.102594,0.75926
extract_tpa_g010,3.62701,0.105019,11.155494,2.294443,10.995090,0.088992,0.102593,0.75665
extract_tpa_g010,3.63152,0.105148,11.252005,2.305106,11.372000,0.089064,0.102599,0.75469
extract_tpa_g010,3.63601,0.105276,11.354319,2.312609,11.226920,0.089130,0.102616,0.75402
extract_tpa_g010,3.64052,0.105405,11.460117,2.319607,11.450630,0.089195,0.102631,0.75326
extract_tpa_g010,3.64502,0.105533,11.563460,2.328987,11.637640,0.089243,0.102635,0.75185
extract_tpa_g010,3.64952,0.105660,11.657821,2.340247,11.712150,0.089291,0.102639,0.75043
extract_tpa_g010,3.65402,0.105786,11.745689,2.353408,11.584660,0.089370,0.102642,0.74779
extract_tpa_g010,3.65850,0.105912,11.835922,2.367301,11.894710,0.089452,0.102646,0.74502
extract_tpa_g010,3.66300,0.106037,11.930765,2.378762,11.869930,0.089524,0.102653,0.74323
extract_tpa_g010,3.66752,0.106163,12.032271,2.386859,11.937520,0.089591,0.102661,0.74192
extract_tpa_g010,3.67202,0.106287,12.140060,2.394134,12.161630,0.089650,0.102672,0.74102
extract_tpa_g010,3.67652,0.106411,12.245726,2.401764,12.381800,0.089698,0.102686,0.74060
extract_tpa_g010,3.68102,0.106534,12.341827,2.410991,12.309290,0.089750,0.102696,0.73971
extract_tpa_g010,3.68550,0.106657,12.431225,2.423412,12.478440,0.089813,0.102695,0.73722
extract_tpa_g010,3.69000,0.106779,12.517370,2.437307,12.591750,0.089876,0.102694,0.73472
extract_tpa_g010,3.69452,0.106901,12.604133,2.449290,12.529500,0.089965,0.102707,0.73280
extract_tpa_g010,3.69902,0.107022,12.698996,2.458982,12.645580,0.090053,0.102720,0.73089
extract_tpa_g010,3.70350,0.107143,12.802369,2.466818,12.872730,0.090102,0.102731,0.73031
extract_tpa_g010,3.70802,0.107263,12.905917,2.473164,12.945750,0.090142,0.102742,0.73010
extract_tpa_g010,3.71251,0.107383,13.004821,2.480901,12.991500,0.090190,0.102751,0.72914
extract_tpa_g010,3.71702,0.107502,13.097734,2.491972,13.208520,0.090246,0.102757,0.72759
extract_tpa_g010,3.72152,0.107620,13.182781,2.504631,13.169080,0.090311,0.102761,0.72559
extract_tpa_g010,3.72602,0.107738,13.266166,2.516997,13.182180,0.090396,0.102763,0.72274
extract_tpa_g010,3.73051,0.107855,13.356617,2.528310,13.280410,0.090477,0.102765,0.72014
extract_tpa_g010,3.73501,0.107972,13.454396,2.536646,13.478710,0.090533,0.102779,0.71947
extract_tpa_g010,3.73950,0.108088,13.555115,2.542604,13.450920,0.090589,0.102792,0.71881
extract_tpa_g010,3.74400,0.108204,13.656235,2.549442,13.707970,0.090624,0.102795,0.71800
extract_tpa_g010,3.74850,0.108319,13.750443,2.558673,13.790830,0.090655,0.102798,0.71718
extract_tpa_g010,3.75302,0.108434,13.834453,2.569613,13.861740,0.090723,0.102801,0.71499
extract_tpa_g010,3.75752,0.108548,13.914556,2.582352,13.799270,0.090808,0.102805,0.71215
extract_tpa_g010,3.76202,0.108662,13.997814,2.594643,14.060370,0.090886,0.102811,0.70991
extract_tpa_g010,3.76651,0.108775,14.085320,2.603846,13.998470,0.090955,0.102820,0.70843
extract_tpa_g010,3.77101,0.108887,14.180015,2.610635,14.185550,0.091014,0.102829,0.70723
extract_tpa_g010,3.77551,0.108999,14.278814,2.617448,14.304210,0.091042,0.102837,0.70702
extract_tpa_g010,3.78000,0.109110,14.373793,2.624836,14.529710,0.091071,0.102845,0.70679
extract_tpa_g010,3.78452,0.109221,14.461611,2.634227,14.415980,0.091137,0.102850,0.70478
extract_tpa_g010,3.78901,0.109331,14.545962,2.645758,14.636750,0.091202,0.102854,0.70278
extract_tpa_g010,3.79351,0.109441,14.628498,2.657237,14.599310,0.091276,0.102861,0.70076
extract_tpa_g010,3.79800,0.109550,14.714306,2.666713,14.696050,0.091351,0.102869,0.69875
extract_tpa_g010,3.80250,0.109658,14.807236,2.674769,14.715070,0.091404,0.102877,0.69779
extract_tpa_g010,3.80701,0.109767,14.904221,2.681356,15.002210,0.091438,0.102886,0.69765
extract_tpa_g010,3.81151,0.109874,14.998549,2.687724,14.941360,0.091475,0.102893,0.69714
extract_tpa_g010,3.81602,0.109981,15.089132,2.696122,15.127770,0.091518,0.102897,0.69591
extract_tpa_g010,3.82052,0.110087,15.174111,2.706800,15.164250,0.091565,0.102900,0.69454
extract_tpa_g010,3.82502,0.110193,15.254928,2.717676,15.253970,0.091648,0.102902,0.69208
extract_tpa_g010,3.82952,0.110298,15.338094,2.728073,15.190120,0.091731,0.102903,0.68963
extract_tpa_g010,3.83402,0.110403,15.427966,2.736833,15.451550,0.091772,0.102908,0.68872
extract_tpa_g010,3.83851,0.110507,15.521302,2.743173,15.469170,0.091809,0.102913,0.68799
extract_tpa_g010,3.84301,0.110610,15.616029,2.748854,15.625400,0.091844,0.102918,0.68741
extract_tpa_g010,3.84751,0.110713,15.708198,2.756256,15.738470,0.091877,0.102923,0.68689
extract_tpa_g010,3.85202,0.110816,15.792908,2.765198,15.889970,0.091926,0.102924,0.68546
extract_tpa_g010,3.85651,0.110917,15.871623,2.775567,15.819880,0.091993,0.102922,0.68294
extract_tpa_g010,3.86101,0.111019,15.951160,2.786597,15.970150,0.092059,0.102921,0.68065
extract_tpa_g010,3.86552,0.111120,16.033802,2.795919,16.037540,0.092122,0.102926,0.67912
extract_tpa_g010,3.87002,0.111220,16.121157,2.802643,16.104020,0.092185,0.102930,0.67760
extract_tpa_g010,3.87452,0.111319,16.213236,2.808587,16.225070,0.092199,0.102933,0.67744
extract_tpa_g010,3.87900,0.111418,16.303919,2.814743,16.413020,0.092213,0.102936,0.67729
extract_tpa_g010,3.88350,0.111516,16.387515,2.822035,16.412180,0.092266,0.102939,0.67584
extract_tpa_g010,3.88802,0.111615,16.465750,2.831743,16.465880,0.092329,0.102942,0.67403
extract_tpa_g010,3.89252,0.111712,16.541128,2.842606,16.571620,0.092393,0.102943,0.67203
extract_tpa_g010,3.89701,0.111809,16.616601,2.852097,16.557650,0.092458,0.102943,0.66988
extract_tpa_g010,3.90151,0.111905,16.698047,2.859852,16.623690,0.092511,0.102946,0.66844
extract_tpa_g010,3.90601,0.112000,16.785809,2.866134,16.784670,0.092539,0.102954,0.66837
extract_tpa_g010,3.91051,0.112095,16.874107,2.871188,16.894910,0.092568,0.102962,0.66822
extract_tpa_g010,3.91500,0.112190,16.959639,2.877304,16.908690,0.092602,0.102965,0.66744
extract_tpa_g010,3.91950,0.112284,17.041318,2.885842,17.097940,0.092636,0.102968,0.66667
extract_tpa_g010,3.92402,0.112377,17.117650,2.895507,17.090930,0.092709,0.102972,0.66463
extract_tpa_g010,3.92852,0.112470,17.193665,2.905009,17.143380,0.092786,0.102977,0.66246
extract_tpa_g010,3.93302,0.112562,17.275336,2.913678,17.217550,0.092834,0.102982,0.66138
extract_tpa_g010,3.93752,0.112654,17.362609,2.919938,17.406530,0.092868,0.102987,0.66085
extract_tpa_g010,3.94201,0.112745,17.452846,2.924532,17.396340,0.092897,0.102993,0.66052
extract_tpa_g010,3.94652,0.112836,17.544168,2.929861,17.636720,0.092918,0.102998,0.66045
extract_tpa_g010,3.95102,0.112926,17.630596,2.936775,17.675070,0.092949,0.103003,0.65993
extract_tpa_g010,3.95551,0.113015,17.710428,2.944947,17.754820,0.093016,0.103004,0.65787
extract_tpa_g010,3.96001,0.113104,17.788287,2.954502,17.756170,0.093083,0.103004,0.65581
extract_tpa_g010,3.96452,0.113192,17.868196,2.963405,17.934440,0.093130,0.103007,0.65439
extract_tpa_g010,3.96901,0.113280,17.951179,2.969976,17.860820,0.093177,0.103009,0.65298
extract_tpa_g010,3.97352,0.113367,18.039726,2.975088,18.076960,0.093203,0.103013,0.65263
extract_tpa_g010,3.97801,0.113454,18.130388,2.980114,18.133510,0.093222,0.103016,0.65257
extract_tpa_g010,3.98250,0.113539,18.217832,2.985478,18.251100,0.093254,0.103019,0.65183
extract_tpa_g010,3.98701,0.113625,18.300821,2.992586,18.230950,0.093295,0.103020,0.65055
extract_tpa_g010,3.99150,0.113710,18.381210,3.001048,18.447890,0.093343,0.103021,0.64910
extract_tpa_g010,3.99600,0.113794,18.459832,3.009114,18.325780,0.093403,0.103021,0.64733
extract_tpa_g010,4.00051,0.113878,18.541440,3.015937,18.511170,0.093459,0.103022,0.64574
extract_tpa_g010,4.00501,0.113961,18.627537,3.021748,18.585100,0.093477,0.103027,0.64565
extract_tpa_g010,4.00952,0.114044,18.715121,3.026228,18.764490,0.093495,0.103031,0.64555
extract_tpa_g010,4.01401,0.114126,18.800818,3.030987,18.713800,0.093525,0.103034,0.64506
extract_tpa_g010,4.01851,0.114207,18.883915,3.037389,19.025020,0.093556,0.103037,0.64453
extract_tpa_g010,4.02301,0.114288,18.961999,3.044956,18.947070,0.093604,0.103039,0.64323
extract_tpa_g010,4.02751,0.114369,19.038039,3.052650,19.040930,0.093660,0.103040,0.64155
extract_tpa_g010,4.03201,0.114449,19.116551,3.060175,19.102750,0.093705,0.103042,0.64039
extract_tpa_g010,4.03652,0.114528,19.198772,3.066000,19.310020,0.093737,0.103045,0.63984
extract_tpa_g010,4.04101,0.114606,19.282984,3.070282,19.181380,0.093765,0.103049,0.63940
extract_tpa_g010,4.04551,0.114685,19.368787,3.074691,19.470360,0.093785,0.103051,0.63930
extract_tpa_g010,4.05001,0.114762,19.451697,3.080138,19.478380,0.093804,0.103054,0.63919
extract_tpa_g010,4.05450,0.114839,19.530037,3.086428,19.538900,0.093849,0.103054,0.63771
extract_tpa_g010,4.05900,0.114916,19.606145,3.093889,19.507180,0.093893,0.103055,0.63622
extract_tpa_g010,4.06350,0.114991,19.683008,3.101048,19.775800,0.093937,0.103053,0.63494
extract_tpa_g010,4.06802,0.115067,19.761222,3.106664,19.621030,0.093981,0.103051,0.63370
extract_tpa_g010,4.07252,0.115142,19.843025,3.111122,19.825810,0.094007,0.103052,0.63315
extract_tpa_g010,4.07702,0.115216,19.925737,3.115381,19.912650,0.094019,0.103056,0.63314
extract_tpa_g010,4.08152,0.115290,20.005486,3.119709,20.064610,0.094039,0.103058,0.63275
extract_tpa_g010,4.08602,0.115363,20.081030,3.125501,19.974980,0.094075,0.103057,0.63163
extract_tpa_g010,4.09052,0.115435,20.153950,3.132579,20.267750,0.094112,0.103056,0.63048
extract_tpa_g010,4.09502,0.115507,20.224670,3.139501,20.181930,0.094158,0.103054,0.62908
extract_tpa_g010,4.09952,0.115579,20.297535,3.145394,20.298190,0.094204,0.103052,0.62769
extract_tpa_g010,4.10402,0.115650,20.374039,3.150373,20.340680,0.094226,0.103056,0.62750
extract_tpa_g010,4.10851,0.115720,20.452002,3.154018,20.574040,0.094246,0.103061,0.62746
extract_tpa_g010,4.11301,0.115790,20.528436,3.157765,20.466630,0.094268,0.103064,0.62719
extract_tpa_g010,4.11751,0.115859,20.602552,3.162885,20.708370,0.094290,0.103066,0.62683
extract_tpa_g010,4.12201,0.115927,20.671774,3.169147,20.665000,0.094322,0.103067,0.62601
extract_tpa_g010,4.12651,0.115996,20.738503,3.175690,20.771980,0.094366,0.103066,0.62464
extract_tpa_g010,4.13103,0.116063,20.806417,3.182213,20.707320,0.094407,0.103066,0.62345
extract_tpa_g010,4.13551,0.116130,20.876808,3.187251,20.923110,0.094439,0.103068,0.62291
extract_tpa_g010,4.14001,0.116197,20.948255,3.190895,20.838410,0.094472,0.103070,0.62238
extract_tpa_g010,4.14451,0.116263,21.020218,3.194463,21.068590,0.094483,0.103073,0.62229
extract_tpa_g010,4.14901,0.116328,21.088176,3.198787,21.047140,0.094494,0.103076,0.62221
extract_tpa_g010,4.15350,0.116393,21.150233,3.203763,21.201860,0.094526,0.103076,0.62114
extract_tpa_g010,4.15802,0.116457,21.208040,3.209742,21.150170,0.094565,0.103075,0.61980
extract_tpa_g010,4.16252,0.116521,21.264586,3.215484,21.310600,0.094600,0.103075,0.61868
extract_tpa_g010,4.16702,0.116584,21.321323,3.219923,21.226810,0.094634,0.103078,0.61775
extract_tpa_g010,4.17150,0.116646,21.380920,3.223294,21.450360,0.094660,0.103081,0.61715
extract_tpa_g010,4.17600,0.116709,21.441828,3.226298,21.443850,0.094673,0.103086,0.61721
extract_tpa_g010,4.18052,0.116770,21.501437,3.229242,21.552110,0.094688,0.103091,0.61719
extract_tpa_g010,4.18503,0.116832,21.558763,3.233352,21.534320,0.094715,0.103093,0.61651
extract_tpa_g010,4.18952,0.116892,21.614560,3.238477,21.705810,0.094742,0.103095,0.61583
extract_tpa_g010,4.19402,0.116952,21.669358,3.243514,21.587580,0.094774,0.103098,0.61507
extract_tpa_g010,4.19852,0.117011,21.726492,3.247849,21.699670,0.094807,0.103102,0.61430
extract_tpa_g010,4.20302,0.117070,21.787048,3.251261,21.790850,0.094832,0.103107,0.61405
extract_tpa_g010,4.20752,0.117128,21.849325,3.253433,21.854130,0.094854,0.103113,0.61406
extract_tpa_g010,4.21202,0.117186,21.911482,3.255617,21.857880,0.094872,0.103118,0.61398
extract_tpa_g010,4.21650,0.117243,21.971948,3.258876,22.037080,0.094887,0.103123,0.61380
extract_tpa_g010,4.22100,0.117300,22.028877,3.262955,22.074350,0.094906,0.103127,0.61341
extract_tpa_g010,4.22550,0.117356,22.083974,3.267555,22.044570,0.094935,0.103128,0.61234
extract_tpa_g010,4.23000,0.117412,22.140187,3.272093,22.171050,0.094964,0.103129,0.61128
extract_tpa_g010,4.23451,0.117467,22.198138,3.275363,22.217190,0.094989,0.103132,0.61088
extract_tpa_g010,4.23901,0.117522,22.258270,3.277455,22.250650,0.095013,0.103135,0.61048
extract_tpa_g010,4.24352,0.117576,22.319650,3.279535,22.283180,0.095027,0.103140,0.61042
extract_tpa_g010,4.24800,0.117629,22.379612,3.281943,22.437390,0.095038,0.103145,0.61046
extract_tpa_g010,4.25252,0.117682,22.436712,3.285166,22.387200,0.095058,0.103149,0.61015
extract_tpa_g010,4.25702,0.117735,22.492404,3.289178,22.525150,0.095083,0.103153,0.60957
extract_tpa_g010,4.26152,0.117787,22.547314,3.293075,22.477110,0.095108,0.103156,0.60911
extract_tpa_g010,4.26602,0.117838,22.603397,3.296033,22.643390,0.095130,0.103160,0.60889
extract_tpa_g010,4.27052,0.117889,22.661376,3.298383,22.623970,0.095151,0.103165,0.60871
extract_tpa_g010,4.27502,0.117940,22.720117,3.300112,22.801140,0.095168,0.103173,0.60886
extract_tpa_g010,4.27951,0.117989,22.777322,3.302038,22.726020,0.095184,0.103181,0.60900
extract_tpa_g010,4.28402,0.118039,22.832929,3.304867,22.933730,0.095204,0.103183,0.60848
extract_tpa_g010,4.28852,0.118088,22.885967,3.308416,22.822560,0.095225,0.103184,0.60789
extract_tpa_g010,4.29300,0.118136,22.938003,3.311862,22.923030,0.095242,0.103184,0.60729
extract_tpa_g010,4.29750,0.118184,22.990933,3.315075,22.921910,0.095257,0.103184,0.60669
extract_tpa_g010,4.30201,0.118231,23.045614,3.317329,23.112230,0.095273,0.103186,0.60633
extract_tpa_g010,4.30651,0.118278,23.100817,3.318859,23.022280,0.095289,0.103192,0.60628
extract_tpa_g010,4.31101,0.118324,23.156133,3.320487,23.218020,0.095306,0.103197,0.60617
extract_tpa_g010,4.31551,0.118370,23.209413,3.322753,23.227520,0.095323,0.103199,0.60592
extract_tpa_g010,4.32001,0.118415,23.260224,3.325526,23.299820,0.095340,0.103202,0.60566
extract_tpa_g010,4.32451,0.118460,23.309622,3.328828,23.262270,0.095360,0.103207,0.60537
extract_tpa_g010,4.32901,0.118505,23.359061,3.331850,23.384100,0.095380,0.103211,0.60507
extract_tpa_g010,4.33350,0.118548,23.408997,3.334038,23.358240,0.095395,0.103216,0.60507
extract_tpa_g010,4.33800,0.118592,23.460031,3.335680,23.418830,0.095408,0.103220,0.60513
extract_tpa_g010,4.34252,0.118635,23.510846,3.337243,23.515550,0.095422,0.103224,0.60507
extract_tpa_g010,4.34702,0.118677,23.559771,3.339096,23.566850,0.095437,0.103227,0.60490
extract_tpa_g010,4.35152,0.118719,23.606778,3.341719,23.649270,0.095454,0.103229,0.60452
extract_tpa_g010,4.35602,0.118760,23.652209,3.344821,23.649440,0.095473,0.103227,0.60372
extract_tpa_g010,4.36051,0.118801,23.697166,3.347603,23.719320,0.095490,0.103227,0.60300
extract_tpa_g010,4.36502,0.118841,23.743160,3.349924,23.706670,0.095501,0.103231,0.60293
extract_tpa_g010,4.36951,0.118881,23.790695,3.351593,23.824120,0.095512,0.103236,0.60286
extract_tpa_g010,4.37401,0.118920,23.838385,3.352853,23.759770,0.095522,0.103238,0.60283
extract_tpa_g010,4.37852,0.118959,23.885766,3.354319,23.927770,0.095531,0.103240,0.60280
extract_tpa_g010,4.38302,0.118998,23.931486,3.356372,23.891640,0.095549,0.103243,0.60258
extract_tpa_g010,4.38750,0.119036,23.975612,3.358676,24.005020,0.095570,0.103246,0.60226
extract_tpa_g010,4.39202,0.119073,24.018870,3.361187,23.964840,0.095587,0.103250,0.60205
extract_tpa_g010,4.39651,0.119110,24.062526,3.363319,24.163890,0.095598,0.103254,0.60197
extract_tpa_g010,4.40101,0.119147,24.106220,3.364879,24.052080,0.095608,0.103258,0.60193
extract_tpa_g010,4.40551,0.119183,24.150435,3.366124,24.179680,0.095618,0.103260,0.60200
extract_tpa_g010,4.41002,0.119218,24.194055,3.367607,24.147080,0.095628,0.103263,0.60208
extract_tpa_g010,4.41452,0.119254,24.236397,3.369252,24.274400,0.095642,0.103264,0.60171
extract_tpa_g010,4.41902,0.119288,24.277177,3.371278,24.201260,0.095657,0.103266,0.60134
extract_tpa_g010,4.42352,0.119322,24.317412,3.373432,24.348100,0.095670,0.103268,0.60096
extract_tpa_g010,4.42802,0.119356,24.357100,3.375334,24.339210,0.095682,0.103271,0.60057
extract_tpa_g010,4.43252,0.119389,24.397041,3.376823,24.433500,0.095691,0.103272,0.60034
extract_tpa_g010,4.43702,0.119422,24.437028,3.378181,24.433300,0.095699,0.103272,0.60025
extract_tpa_g010,4.44152,0.119455,24.476374,3.379445,24.508950,0.095707,0.103274,0.60017
extract_tpa_g010,4.44602,0.119486,24.514559,3.380967,24.517560,0.095718,0.103278,0.60016
extract_tpa_g010,4.45052,0.119518,24.551732,3.382833,24.543260,0.095730,0.103282,0.60012
extract_tpa_g010,4.45502,0.119549,24.587928,3.384720,24.552060,0.095746,0.103286,0.59993
extract_tpa_g010,4.45952,0.119579,24.623846,3.386443,24.585750,0.095762,0.103289,0.59973
extract_tpa_g010,4.46401,0.119609,24.660080,3.387906,24.693630,0.095772,0.103290,0.59974
extract_tpa_g010,4.46851,0.119639,24.696074,3.389050,24.678120,0.095780,0.103292,0.59976
extract_tpa_g010,4.47302,0.119668,24.731602,3.390126,24.778820,0.095787,0.103295,0.59971
extract_tpa_g010,4.47752,0.119697,24.766109,3.391558,24.767790,0.095794,0.103299,0.59963
extract_tpa_g010,4.48200,0.119725,24.799390,3.393165,24.850430,0.095803,0.103300,0.59936
extract_tpa_g010,4.48650,0.119753,24.831562,3.394948,24.757340,0.095815,0.103298,0.59885
extract_tpa_g010,4.49100,0.119781,24.863807,3.396665,24.905230,0.095827,0.103297,0.59843
extract_tpa_g010,4.49552,0.119808,24.895958,3.398087,24.834780,0.095837,0.103299,0.59827
extract_tpa_g010,4.50002,0.119835,24.928532,3.399106,24.948840,0.095846,0.103300,0.59812
extract_tpa_g010,4.50452,0.119861,24.960949,3.400142,24.915580,0.095852,0.103304,0.59820
extract_tpa_g010,4.50902,0.119887,24.992747,3.401158,25.082750,0.095858,0.103308,0.59829
extract_tpa_g010,4.51352,0.119912,25.023157,3.402434,24.999340,0.095868,0.103310,0.59821
extract_tpa_g010,4.51801,0.119937,25.052959,3.403956,25.110210,0.095879,0.103311,0.59809
extract_tpa_g010,4.52251,0.119962,25.082079,3.405522,25.043470,0.095888,0.103313,0.59798
extract_tpa_g010,4.52701,0.119986,25.111264,3.406728,25.138790,0.095897,0.103315,0.59788
extract_tpa_g010,4.53152,0.120010,25.140513,3.407696,25.088010,0.095906,0.103317,0.59784
extract_tpa_g010,4.53602,0.120033,25.169687,3.408459,25.177700,0.095913,0.103320,0.59791
extract_tpa_g010,4.54052,0.120056,25.198000,3.409348,25.188070,0.095920,0.103323,0.59793
extract_tpa_g010,4.54502,0.120078,25.225412,3.410527,25.258260,0.095926,0.103322,0.59761
extract_tpa_g010,4.54950,0.120100,25.251817,3.411925,25.258940,0.095932,0.103321,0.59729
extract_tpa_g010,4.55401,0.120122,25.277720,3.413260,25.291610,0.095940,0.103322,0.59704
extract_tpa_g010,4.55850,0.120143,25.303684,3.414385,25.326610,0.095948,0.103323,0.59679
extract_tpa_g010,4.56301,0.120164,25.329867,3.415227,25.311290,0.095954,0.103324,0.59672
extract_tpa_g010,4.56750,0.120185,25.356117,3.415882,25.351210,0.095959,0.103326,0.59673
extract_tpa_g010,4.57200,0.120205,25.381870,3.416592,25.347740,0.095965,0.103328,0.59676
extract_tpa_g010,4.57650,0.120225,25.406819,3.417441,25.436310,0.095972,0.103330,0.59681
extract_tpa_g010,4.58100,0.120244,25.430641,3.418502,25.406860,0.095979,0.103332,0.59682
extract_tpa_g010,4.58551,0.120263,25.453846,3.419616,25.508760,0.095987,0.103333,0.59671
extract_tpa_g010,4.59001,0.120282,25.476513,3.420680,25.456240,0.095994,0.103334,0.59659
extract_tpa_g010,4.59451,0.120300,25.499155,3.421485,25.549970,0.096000,0.103337,0.59663
extract_tpa_g010,4.59901,0.120318,25.521471,3.422195,25.478520,0.096005,0.103339,0.59668
extract_tpa_g010,4.60352,0.120336,25.543494,3.422833,25.584300,0.096009,0.103340,0.59653
extract_tpa_g010,4.60801,0.120353,25.564610,3.423646,25.508270,0.096013,0.103339,0.59633
extract_tpa_g010,4.61252,0.120370,25.585170,3.424584,25.612850,0.096019,0.103339,0.59611
extract_tpa_g010,4.61702,0.120387,25.604992,3.425617,25.563210,0.096026,0.103338,0.59586
extract_tpa_g010,4.62152,0.120403,25.624638,3.426463,25.672990,0.096032,0.103339,0.59570
extract_tpa_g010,4.62602,0.120419,25.643977,3.427171,25.629550,0.096036,0.103341,0.59568
extract_tpa_g010,4.63051,0.120434,25.663246,3.427737,25.702700,0.096040,0.103343,0.59567
extract_tpa_g010,4.63502,0.120449,25.682018,3.428391,25.663740,0.096045,0.103344,0.59569
extract_tpa_g010,4.63952,0.120464,25.700312,3.429108,25.705870,0.096051,0.103345,0.59571
extract_tpa_g010,4.64401,0.120478,25.718026,3.429918,25.687490,0.096056,0.103346,0.59568
extract_tpa_g010,4.64851,0.120492,25.735477,3.430673,25.722590,0.096061,0.103347,0.59565
extract_tpa_g010,4.65301,0.120506,25.752682,3.431296,25.742570,0.096066,0.103349,0.59569
extract_tpa_g010,4.65751,0.120520,25.769659,3.431784,25.773100,0.096071,0.103352,0.59575
extract_tpa_g010,4.66200,0.120533,25.786233,3.432251,25.813960,0.096074,0.103353,0.59571
extract_tpa_g010,4.66650,0.120546,25.802144,3.432813,25.796080,0.096077,0.103352,0.59555
extract_tpa_g010,4.67100,0.120558,25.817451,3.433496,25.837920,0.096080,0.103351,0.59538
extract_tpa_g010,4.67551,0.120570,25.832136,3.434245,25.805830,0.096085,0.103351,0.59519
extract_tpa_g010,4.68000,0.120582,25.846581,3.434893,25.854210,0.096090,0.103351,0.59500
extract_tpa_g010,4.68452,0.120594,25.860750,3.435428,25.808460,0.096092,0.103351,0.59496
extract_tpa_g010,4.68900,0.120605,25.874817,3.435819,25.895850,0.096095,0.103352,0.59494
extract_tpa_g010,4.69352,0.120616,25.888439,3.436259,25.861980,0.096099,0.103353,0.59497
extract_tpa_g010,4.69800,0.120626,25.901735,3.436756,25.948960,0.096104,0.103355,0.59501
extract_tpa_g010,4.70250,0.120637,25.914448,3.437352,25.892990,0.096107,0.103356,0.59501
extract_tpa_g010,4.70702,0.120647,25.926987,3.437892,25.966050,0.096111,0.103357,0.59497
extract_tpa_g010,4.71152,0.120657,25.939201,3.438344,25.903520,0.096114,0.103358,0.59496
extract_tpa_g010,4.71600,0.120666,25.951308,3.438648,25.959650,0.096117,0.103359,0.59501
extract_tpa_g010,4.72051,0.120675,25.962968,3.438976,25.925870,0.096119,0.103361,0.59504
extract_tpa_g010,4.72501,0.120684,25.974165,3.439347,25.982230,0.096122,0.103360,0.59494
extract_tpa_g010,4.72951,0.120693,25.984695,3.439859,25.968740,0.096124,0.103359,0.59484
extract_tpa_g010,4.73402,0.120702,25.994805,3.440400,26.018670,0.096127,0.103360,0.59470
extract_tpa_g010,4.73851,0.120710,26.004527,3.440894,26.006880,0.096131,0.103361,0.59455
extract_tpa_g010,4.74302,0.120718,26.014110,3.441267,26.030780,0.096133,0.103361,0.59448
extract_tpa_g010,4.74752,0.120725,26.023483,3.441567,26.026120,0.096134,0.103361,0.59446
extract_tpa_g010,4.75202,0.120733,26.032561,3.441853,26.016710,0.096137,0.103361,0.59445
extract_tpa_g010,4.75651,0.120740,26.041298,3.442215,26.036540,0.096140,0.103362,0.59444
extract_tpa_g010,4.76100,0.120747,26.049647,3.442619,26.028840,0.096142,0.103363,0.59444
extract_tpa_g010,4.76551,0.120753,26.057772,3.442997,26.066550,0.096145,0.103364,0.59446
extract_tpa_g010,4.77001,0.120760,26.065702,3.443298,26.062430,0.096147,0.103364,0.59448
extract_tpa_g010,4.77451,0.120766,26.073514,3.443495,26.103450,0.096149,0.103365,0.59454
extract_tpa_g010,4.77901,0.120772,26.081026,3.443690,26.077110,0.096151,0.103367,0.59460
extract_tpa_g010,4.78351,0.120777,26.088217,3.443916,26.110850,0.096153,0.103367,0.59453
extract_tpa_g010,4.78802,0.120783,26.094906,3.444227,26.071530,0.096154,0.103366,0.59441
extract_tpa_g010,4.79252,0.120788,26.101292,3.444555,26.106760,0.096155,0.103366,0.59433
extract_tpa_g010,4.79702,0.120793,26.107325,3.444857,26.074100,0.096157,0.103365,0.59426
extract_tpa_g010,4.80152,0.120798,26.113241,3.445074,26.125300,0.096159,0.103365,0.59422
extract_tpa_g010,4.80602,0.120803,26.118917,3.445264,26.115360,0.096160,0.103366,0.59422
extract_tpa_g010,4.81051,0.120807,26.124409,3.445430,26.154340,0.096162,0.103367,0.59422
extract_tpa_g010,4.81501,0.120811,26.129588,3.445659,26.135470,0.096163,0.103367,0.59419
extract_tpa_g010,4.81951,0.120815,26.134552,3.445897,26.147600,0.096165,0.103367,0.59417
extract_tpa_g010,4.82400,0.120819,26.139293,3.446132,26.129070,0.096166,0.103367,0.59415
extract_tpa_g010,4.82851,0.120823,26.143972,3.446297,26.136390,0.096167,0.103367,0.59413
extract_tpa_g010,4.83300,0.120826,26.148551,3.446407,26.136500,0.096168,0.103368,0.59416
extract_tpa_g010,4.83751,0.120830,26.153004,3.446473,26.147430,0.096170,0.103369,0.59421
extract_tpa_g010,4.84201,0.120833,26.157235,3.446567,26.164150,0.096170,0.103370,0.59423
extract_tpa_g010,4.84651,0.120836,26.161179,3.446689,26.175420,0.096171,0.103369,0.59421
extract_tpa_g010,4.85102,0.120839,26.164850,3.446838,26.181330,0.096172,0.103369,0.59418
extract_tpa_g010,4.85552,0.120841,26.168272,3.446965,26.169260,0.096173,0.103370,0.59413
extract_tpa_g010,4.86002,0.120844,26.171512,3.447052,26.166800,0.096173,0.103370,0.59408
extract_tpa_g010,4.86452,0.120846,26.174583,3.447115,26.158390,0.096174,0.103370,0.59409
extract_tpa_g010,4.86901,0.120848,26.177489,3.447175,26.168120,0.096174,0.103370,0.59410
extract_tpa_g010,4.87351,0.120850,26.180185,3.447250,26.166240,0.096175,0.103370,0.59409
extract_tpa_g010,4.87801,0.120852,26.182696,3.447337,26.190990,0.096176,0.103370,0.59407
extract_tpa_g010,4.88251,0.120854,26.185008,3.447422,26.195270,0.096177,0.103370,0.59407
extract_tpa_g010,4.88700,0.120856,26.187178,3.447487,26.202630,0.096177,0.103370,0.59408
extract_tpa_g010,4.89151,0.120857,26.189186,3.447532,26.194550,0.096177,0.103370,0.59409
extract_tpa_g010,4.89602,0.120859,26.191039,3.447568,26.191440,0.096178,0.103371,0.59409
extract_tpa_g010,4.90051,0.120860,26.192705,3.447619,26.178370,0.096178,0.103371,0.59410
extract_tpa_g010,4.90502,0.120861,26.194191,3.447685,26.183490,0.096178,0.103371,0.59408
extract_tpa_g010,4.90951,0.120862,26.195491,3.447758,26.189580,0.096179,0.103371,0.59406
extract_tpa_g010,4.91400,0.120863,26.196648,3.447817,26.201380,0.096179,0.103371,0.59406
extract_tpa_g010,4.91850,0.120864,26.197689,3.447865,26.204910,0.096179,0.103371,0.59406
extract_tpa_g010,4.92302,0.120865,26.198643,3.447905,26.213400,0.096180,0.103371,0.59405
extract_tpa_g010,4.92750,0.120866,26.199506,3.447946,26.208540,0.096180,0.103371,0.59404
extract_tpa_g010,4.93200,0.120866,26.200275,3.447980,26.196360,0.096180,0.103371,0.59403
extract_tpa_g010,4.93651,0.120867,26.200946,3.448009,26.190000,0.096180,0.103371,0.59404
extract_tpa_g010,4.94101,0.120867,26.201519,3.448033,26.187480,0.096180,0.103371,0.59405
extract_tpa_g010,4.94551,0.120868,26.201994,3.448057,26.196010,0.096181,0.103372,0.59404
extract_tpa_g010,4.95002,0.120868,26.202376,3.448081,26.205060,0.096181,0.103372,0.59404
extract_tpa_g010,4.95452,0.120868,26.202677,3.448104,26.213230,0.096181,0.103372,0.59404
extract_tpa_g010,4.95901,0.120869,26.202918,3.448121,26.216070,0.096181,0.103371,0.59404
extract_tpa_g010,4.96351,0.120869,26.203123,3.448132,26.212280,0.096181,0.103371,0.59403
extract_tpa_g010,4.96802,0.120869,26.203296,3.448137,26.202490,0.096181,0.103371,0.59403
extract_tpa_g010,4.97251,0.120869,26.203433,3.448137,26.194890,0.096181,0.103371,0.59402
extract_tpa_g010,4.97702,0.120869,26.203531,3.448135,26.191240,0.096181,0.103371,0.59402
extract_tpa_g010,4.98151,0.120869,26.203592,3.448136,26.194590,0.096181,0.103371,0.59402
extract_tpa_g010,4.98600,0.120869,26.203622,3.448142,26.207070,0.096181,0.103371,0.59403
extract_tpa_g010,4.99052,0.120869,26.203627,3.448149,26.215050,0.096181,0.103371,0.59403
extract_tpa_g010,4.99502,0.120869,26.203613,3.448155,26.213380,0.096181,0.103371,0.59403
extract_tpa_g010,4.99952,0.120869,26.203587,3.448161,26.210090,0.096181,0.103371,0.59402
extract_tpa_g010,5.00400,0.120869,26.203551,3.448168,26.203430,0.096181,0.103371,0.59402
extract_tpa_g010,5.00853,0.120869,26.203512,3.448176,26.192410,0.096181,0.103371,0.59401
extract_tpa_g010,5.01302,0.120869,26.203479,3.448183,26.189620,0.096181,0.103371,0.59401
extract_tpa_g010,5.01751,0.120869,26.203455,3.448188,26.195930,0.096182,0.103371,0.59400
extract_tpa_g010,5.02200,0.120869,26.203435,3.448191,26.204030,0.096182,0.103371,0.59400
extract_tpa_g010,5.02652,0.120869,26.203418,3.448193,26.212170,0.096182,0.103371,0.59401
extract_tpa_g010,5.03101,0.120869,26.203401,3.448195,26.216710,0.096182,0.103371,0.59401
extract_tpa_g010,5.03551,0.120869,26.203384,3.448196,26.212470,0.096182,0.103371,0.59402
extract_tpa_g010,5.04002,0.120869,26.203371,3.448198,26.201150,0.096182,0.103371,0.59403
extract_tpa_g010,5.04452,0.120869,26.203361,3.448200,26.194210,0.096182,0.103371,0.59403
extract_tpa_g010,5.04901,0.120869,26.203352,3.448202,26.192150,0.096182,0.103371,0.59402
extract_tpa_g010,5.05351,0.120869,26.203342,3.448203,26.195570,0.096181,0.103371,0.59402
extract_tpa_g010,5.05802,0.120869,26.203335,3.448203,26.204000,0.096181,0.103371,0.59403
extract_tpa_g010,5.06251,0.120869,26.203328,3.448200,26.213710,0.096181,0.103371,0.59403
extract_tpa_g010,5.06702,0.120869,26.203326,3.448199,26.215850,0.096181,0.103371,0.59402
extract_tpa_g010,5.07150,0.120869,26.203329,3.448199,26.211030,0.096182,0.103371,0.59401
extract_tpa_g010,5.07601,0.120869,26.203334,3.448201,26.201250,0.096182,0.103371,0.59401
extract_tpa_g010,5.08050,0.120869,26.203337,3.448201,26.194410,0.096182,0.103371,0.59401
extract_tpa_g010,5.08500,0.120869,26.203338,3.448201,26.192470,0.096182,0.103371,0.59401
extract_tpa_g010,5.08952,0.120869,26.203331,3.448202,26.194670,0.096182,0.103371,0.59401
extract_tpa_g010,5.09400,0.120869,26.203316,3.448204,26.204150,0.096182,0.103371,0.59400
extract_tpa_g010,5.09851,0.120869,26.203302,3.448206,26.213920,0.096182,0.103371,0.59400
extract_tpa_g010,5.10301,0.120869,26.203290,3.448208,26.215030,0.096182,0.103371,0.59400
extract_tpa_g010,5.10752,0.120869,26.203284,3.448208,26.211670,0.096182,0.103371,0.59401
extract_tpa_g010,5.11201,0.120869,26.203282,3.448209,26.204150,0.096182,0.103371,0.59401
extract_tpa_g010,5.11651,0.120869,26.203281,3.448209,26.194360,0.096182,0.103371,0.59402
extract_tpa_g010,5.12102,0.120869,26.203276,3.448208,26.190530,0.096182,0.103371,0.59402
extract_tpa_g010,5.12552,0.120869,26.203266,3.448205,26.196670,0.096182,0.103371,0.59402
extract_tpa_g010,5.13000,0.120869,26.203250,3.448203,26.204250,0.096182,0.103371,0.59402
extract_tpa_g010,5.13450,0.120869,26.203236,3.448203,26.210220,0.096182,0.103371,0.59402
extract_tpa_g010,5.13901,0.120869,26.203228,3.448204,26.215040,0.096182,0.103371,0.59402
extract_tpa_g010,5.14351,0.120869,26.203227,3.448203,26.212570,0.096182,0.103371,0.59402
extract_tpa_g010,5.14801,0.120869,26.203228,3.448202,26.202070,0.096182,0.103371,0.59403
extract_tpa_g010,5.15252,0.120869,26.203233,3.448202,26.192750,0.096182,0.103371,0.59403
extract_tpa_g010,5.15702,0.120869,26.203240,3.448204,26.191490,0.096182,0.103371,0.59402
extract_tpa_g010,5.16152,0.120869,26.203244,3.448206,26.195910,0.096182,0.103371,0.59402
extract_tpa_g010,5.16600,0.120869,26.203245,3.448207,26.202130,0.096182,0.103371,0.59402
extract_tpa_g010,5.17051,0.120869,26.203247,3.448207,26.210810,0.096182,0.103371,0.59402
extract_tpa_g010,5.17502,0.120869,26.203250,3.448208,26.214880,0.096181,0.103371,0.59402
extract_tpa_g010,5.17951,0.120869,26.203256,3.448210,26.211610,0.096181,0.103371,0.59401
extract_tpa_g010,5.18401,0.120869,26.203259,3.448211,26.202810,0.096182,0.103371,0.59401
extract_tpa_g010,5.18852,0.120869,26.203257,3.448211,26.194830,0.096182,0.103371,0.59401
extract_tpa_g010,5.19302,0.120869,26.203250,3.448211,26.191110,0.096182,0.103371,0.59401
extract_tpa_g010,5.19751,0.120869,26.203244,3.448211,26.193920,0.096182,0.103371,0.59401
extract_tpa_g010,5.20201,0.120869,26.203239,3.448213,26.203210,0.096182,0.103371,0.59401
extract_tpa_g010,5.20652,0.120869,26.203233,3.448214,26.213290,0.096182,0.103371,0.59401
extract_tpa_g010,5.21102,0.120869,26.203224,3.448214,26.213910,0.096181,0.103371,0.59401
extract_tpa_g010,5.21551,0.120869,26.203217,3.448212,26.209960,0.096181,0.103371,0.59401
extract_tpa_g010,5.22000,0.120869,26.203208,3.448211,26.204400,0.096181,0.103371,0.59401
extract_tpa_g010,5.22451,0.120869,26.203198,3.448210,26.195420,0.096181,0.103371,0.59401
extract_tpa_g010,5.22901,0.120869,26.203188,3.448209,26.189700,0.096182,0.103371,0.59401
extract_tpa_g010,5.23351,0.120869,26.203180,3.448206,26.195100,0.096182,0.103371,0.59402
extract_tpa_g010,5.23800,0.120869,26.203177,3.448206,26.203050,0.096182,0.103371,0.59402
extract_tpa_g010,5.24250,0.120869,26.203180,3.448206,26.211070,0.096182,0.103371,0.59402
extract_tpa_g010,5.24702,0.120869,26.203187,3.448208,26.215160,0.096182,0.103371,0.59402
extract_tpa_g010,5.25151,0.120869,26.203196,3.448208,26.212490,0.096182,0.103371,0.59402
extract_tpa_g010,5.25601,0.120869,26.203202,3.448209,26.203640,0.096182,0.103371,0.59402
extract_tpa_g010,5.26051,0.120869,26.203206,3.448210,26.195370,0.096182,0.103371,0.59401
extract_tpa_g010,5.26501,0.120869,26.203205,3.448213,26.192730,0.096182,0.103371,0.59401
extract_tpa_g010,5.26952,0.120869,26.203200,3.448214,26.196260,0.096182,0.103371,0.59400
extract_tpa_g010,5.27401,0.120869,26.203191,3.448214,26.201810,0.096182,0.103371,0.59400
extract_tpa_g010,5.27850,0.120869,26.203180,3.448211,26.210090,0.096182,0.103371,0.59400
extract_tpa_g010,5.28300,0.120869,26.203168,3.448212,26.216030,0.096182,0.103371,0.59400
extract_tpa_g010,5.28751,0.120869,26.203156,3.448212,26.213020,0.096182,0.103371,0.59400
extract_tpa_g010,5.29202,0.120869,26.203148,3.448213,26.202190,0.096182,0.103371,0.59401
extract_tpa_g010,5.29652,0.120869,26.203149,3.448212,26.194240,0.096182,0.103371,0.59401
extract_tpa_g010,5.30101,0.120869,26.203159,3.448212,26.191820,0.096182,0.103371,0.59402
extract_tpa_g010,5.30552,0.120869,26.203178,3.448213,26.194100,0.096182,0.103371,0.59402
extract_tpa_g010,5.31002,0.120869,26.203194,3.448215,26.201640,0.096182,0.103371,0.59402
extract_tpa_g010,5.31451,0.120869,26.203200,3.448215,26.211300,0.096182,0.103371,0.59403
extract_tpa_g010,5.31902,0.120869,26.203199,3.448215,26.214620,0.096182,0.103371,0.59403
extract_tpa_g010,5.32351,0.120869,26.203197,3.448214,26.210420,0.096182,0.103371,0.59402
extract_tpa_g010,5.32800,0.120869,26.203197,3.448214,26.204850,0.096182,0.103371,0.59402
extract_tpa_g010,5.33252,0.120869,26.203198,3.448215,26.196460,0.096182,0.103371,0.59401
extract_tpa_g010,5.33702,0.120869,26.203195,3.448215,26.190290,0.096182,0.103371,0.59402
extract_tpa_g010,5.34152,0.120869,26.203190,3.448214,26.194510,0.096182,0.103371,0.59402
extract_tpa_g010,5.34600,0.120869,26.203185,3.448214,26.202730,0.096182,0.103371,0.59402
extract_tpa_g010,5.35052,0.120869,26.203181,3.448216,26.210380,0.096182,0.103371,0.59402
extract_tpa_g010,5.35500,0.120869,26.203174,3.448217,26.213490,0.096182,0.103371,0.59402
extract_tpa_g010,5.35951,0.120869,26.203165,3.448216,26.212900,0.096182,0.103371,0.59401
extract_tpa_g010,5.36401,0.120869,26.203152,3.448215,26.203850,0.096182,0.103371,0.59402
extract_tpa_g010,5.36851,0.120869,26.203141,3.448214,26.194930,0.096182,0.103371,0.59402
extract_tpa_g010,5.37301,0.120869,26.203135,3.448215,26.191260,0.096182,0.103371,0.59401
extract_tpa_g010,5.37751,0.120869,26.203138,3.448217,26.195120,0.096182,0.103371,0.59400
extract_tpa_g010,5.38201,0.120869,26.203144,3.448218,26.201530,0.096182,0.103371,0.59400
extract_tpa_g010,5.38652,0.120869,26.203148,3.448218,26.210160,0.096182,0.103371,0.59402
extract_tpa_g010,5.39102,0.120869,26.203146,3.448219,26.215430,0.096182,0.103371,0.59403
extract_tpa_g010,5.39552,0.120869,26.203139,3.448220,26.213270,0.096182,0.103371,0.59402
extract_tpa_g010,5.40001,0.120869,26.203130,3.448220,26.203670,0.096182,0.103371,0.59401
extract_tpa_g010,5.40452,0.120869,26.203125,3.448218,26.195590,0.096182,0.103371,0.59401
extract_tpa_g010,5.40901,0.120869,26.203123,3.448218,26.193550,0.096182,0.103371,0.59400
extract_tpa_g010,5.41351,0.120869,26.203124,3.448217,26.194970,0.096182,0.103371,0.59400
extract_tpa_g010,5.41801,0.120869,26.203127,3.448218,26.201120,0.096181,0.103371,0.59400
extract_tpa_g010,5.42252,0.120869,26.203132,3.448216,26.210890,0.096182,0.103371,0.59400
extract_tpa_g010,5.42700,0.120869,26.203131,3.448215,26.214090,0.096182,0.103371,0.59401
extract_tpa_g010,5.43152,0.120869,26.203127,3.448213,26.211120,0.096182,0.103371,0.59401
extract_tpa_g010,5.43602,0.120869,26.203120,3.448214,26.204230,0.096182,0.103371,0.59402
extract_tpa_g010,5.44051,0.120869,26.203115,3.448214,26.196870,0.096182,0.103371,0.59403
extract_tpa_g010,5.44500,0.120869,26.203114,3.448213,26.190730,0.096182,0.103371,0.59402
extract_tpa_g010,5.44951,0.120869,26.203122,3.448213,26.193380,0.096182,0.103371,0.59401
extract_tpa_g010,5.45402,0.120869,26.203133,3.448214,26.202370,0.096182,0.103371,0.59401
extract_tpa_g010,5.45851,0.120869,26.203144,3.448216,26.209900,0.096182,0.103371,0.59400
extract_tpa_g010,5.46300,0.120869,26.203152,3.448218,26.213360,0.096182,0.103371,0.59401
extract_tpa_g010,5.46750,0.120869,26.203155,3.448218,26.212740,0.096182,0.103371,0.59402
extract_tpa_g010,5.47202,0.120869,26.203146,3.448217,26.204580,0.096182,0.103371,0.59403
extract_tpa_g010,5.47651,0.120869,26.203124,3.448214,26.196330,0.096182,0.103371,0.59402
extract_tpa_g010,5.48100,0.120869,26.203087,3.448212,26.192350,0.096182,0.103371,0.59401
extract_tpa_g010,5.48551,0.120869,26.203044,3.448206,26.195010,0.096182,0.103371,0.59402
extract_tpa_g010,5.49002,0.120869,26.203011,3.448199,26.201920,0.096182,0.103371,0.59402
extract_tpa_g010,5.49452,0.120869,26.203016,3.448195,26.209300,0.096182,0.103371,0.59403
extract_tpa_g010,5.49902,0.120869,26.203102,3.448201,26.213970,0.096182,0.103371,0.59403
extract_tpa_g085,0.00000,0.000000,0.000000,0.000000,0.000000,0.000000,0.000000,0.00000
extract_tpa_g085,0.00452,0.000000,0.000000,0.000000,0.000000,0.000000,0.000000,0.00000
extract_tpa_g085,0.00901,0.000000,0.000000,0.000000,0.000000,0.000000,0.000000,0.00000
extract_tpa_g085,0.01351,0.000000,0.000000,0.000000,0.000000,0.000000,0.000000,0.00000
extract_tpa_g085,0.01800,0.000001,0.000000,0.000000,0.000000,0.000000,0.000000,0.00000
extract_tpa_g085,0.02252,0.000001,0.000000,0.000000,0.000000,0.000000,0.000000,0.00000
extract_tpa_g085,0.02702,0.000002,0.000000,0.000000,0.000000,0.000000,0.000000,0.00000
extract_tpa_g085,0.03151,0.000003,0.000000,0.000000,0.000000,0.000000,0.000000,0.00000
extract_tpa_g085,0.03600,0.000004,0.000000,0.000000,0.000000,0.000000,0.000000,0.00000
extract_tpa_g085,0.04052,0.000006,0.000000,0.000000,0.000000,0.000000,0.000000,0.00000
extract_tpa_g085,0.04502,0.000009,0.000000,0.000000,0.000000,0.000000,0.000000,0.00000
extract_tpa_g085,0.04951,0.000011,0.000000,0.000000,0.000000,0.000000,0.000000,0.00000
extract_tpa_g085,0.05401,0.000015,0.000000,0.000000,0.000000,0.000000,0.000000,0.00000
extract_tpa_g085,0.05852,0.000019,0.000000,0.000000,0.000000,0.000000,0.000000,0.00000
extract_tpa_g085,0.06302,0.000024,0.000000,0.000000,0.000000,0.000000,0.000000,0.00000
extract_tpa_g085,0.06751,0.000029,0.000000,0.000000,0.000000,0.000000,0.000000,0.00000
extract_tpa_g085,0.07201,0.000035,0.000000,0.000000,0.000000,0.000000,0.000000,0.00000
extract_tpa_g085,0.07650,0.000042,0.000000,0.000000,0.000000,0.000000,0.000000,0.00000
extract_tpa_g085,0.08102,0.000050,0.000000,0.000000,0.000000,0.000000,0.000000,0.00000
extract_tpa_g085,0.08551,0.000059,0.000000,0.000000,0.000000,0.000000,0.000000,0.00000
extract_tpa_g085,0.09001,0.000068,0.000000,0.000000,0.000000,0.000000,0.000000,0.00000
extract_tpa_g085,0.09450,0.000079,0.000000,0.000000,0.000000,0.000000,0.000000,0.00000
extract_tpa_g085,0.09902,0.000090,0.000000,0.000000,0.000000,0.000000,0.000000,0.00000
extract_tpa_g085,0.10352,0.000103,0.000000,0.000000,0.000000,0.000000,0.000000,0.00000
extract_tpa_g085,0.10801,0.000117,0.000000,0.000000,0.000000,0.000000,0.000000,0.00000
extract_tpa_g085,0.11250,0.000132,0.000000,0.000000,0.000000,0.000000,0.000000,0.00000
extract_tpa_g085,0.11702,0.000148,0.000000,0.000000,0.000000,0.000000,0.000000,-0.00000
extract_tpa_g085,0.12152,0.000166,0.000000,0.000000,0.000000,0.000000,0.000000,-0.00000
extract_tpa_g085,0.12601,0.000185,0.000000,0.000000,0.000000,0.000000,0.000000,-0.00000
extract_tpa_g085,0.13051,0.000205,0.000000,0.000000,0.000000,0.000000,0.000000,-0.00000
extract_tpa_g085,0.13500,0.000227,0.000000,0.000000,0.000000,0.000000,0.000000,-0.00000
extract_tpa_g085,0.13952,0.000250,0.000000,0.000000,0.000000,0.000000,0.000000,0.00000
extract_tpa_g085,0.14401,0.000274,0.000000,0.000000,0.000000,0.000000,0.000000,0.00000
extract_tpa_g085,0.14851,0.000301,0.000000,0.000000,0.000000,0.000000,0.000000,0.00000
extract_tpa_g085,0.15300,0.000328,0.000000,0.000000,0.000000,0.000000,0.000000,0.00000
extract_tpa_g085,0.15752,0.000358,0.000000,0.000000,0.000000,0.000000,0.000000,0.00000
extract_tpa_g085,0.16202,0.000389,0.000000,0.000000,0.000000,0.000000,0.000000,0.00000
extract_tpa_g085,0.16651,0.000421,0.000000,0.000000,0.000000,0.000000,0.000000,0.00000
extract_tpa_g085,0.17101,0.000456,0.000000,0.000000,0.000000,0.000000,0.000000,0.00000
extract_tpa_g085,0.17552,0.000492,-0.000000,0.000000,0.000000,0.000000,0.000000,0.00000
extract_tpa_g085,0.18002,0.000530,-0.000000,0.000000,0.000000,0.000000,0.000000,0.00000
extract_tpa_g085,0.18451,0.000570,-0.000000,-0.000000,0.000000,0.000000,0.000000,0.00000
extract_tpa_g085,0.18901,0.000612,-0.000000,-0.000000,0.000000,0.000000,0.000000,0.00000
extract_tpa_g085,0.19350,0.000656,-0.000000,-0.000000,0.000000,0.000000,0.000000,0.00000
extract_tpa_g085,0.19802,0.000702,-0.000000,-0.000000,0.000000,0.000000,0.000000,0.00000
extract_tpa_g085,0.20251,0.000750,-0.000000,-0.000000,0.000000,0.000000,0.000000,0.00000
extract_tpa_g085,0.20701,0.000800,0.000000,-0.000000,0.000000,0.000000,0.000000,0.00000
extract_tpa_g085,0.21150,0.000852,0.000000,0.000000,0.000000,0.000000,0.000000,0.00000
extract_tpa_g085,0.21602,0.000906,0.000000,0.000000,0.000000,0.000000,0.000000,0.00000
extract_tpa_g085,0.22052,0.000963,0.000000,0.000000,0.000000,0.000000,0.000000,0.00000
extract_tpa_g085,0.22501,0.001021,0.000000,0.000000,0.000000,0.000000,0.000000,0.00000
extract_tpa_g085,0.22950,0.001082,0.000000,0.000000,0.000000,0.000000,0.000000,0.00000
extract_tpa_g085,0.23402,0.001146,0.000000,0.000000,0.000000,0.000000,0.000000,0.00000
extract_tpa_g085,0.23852,0.001211,0.000000,0.000000,0.000000,0.000000,0.000000,0.00000
extract_tpa_g085,0.24301,0.001279,-0.000000,0.000000,0.000000,0.000000,0.000000,0.00000
extract_tpa_g085,0.24751,0.001350,-0.000000,-0.000000,0.000000,0.000000,0.000000,0.00000
extract_tpa_g085,0.25200,0.001422,-0.000000,-0.000000,0.000000,0.000000,0.000000,0.00000
extract_tpa_g085,0.25652,0.001498,-0.000000,-0.000000,0.000000,0.000000,0.000000,0.00000
extract_tpa_g085,0.26101,0.001576,-0.000000,-0.000000,0.000000,0.000000,0.000000,0.00000
extract_tpa_g085,0.26551,0.001657,-0.000000,-0.000000,0.000000,0.000000,0.000000,0.00000
extract_tpa_g085,0.27000,0.001740,-0.000000,-0.000000,0.000000,0.000000,0.000000,0.00000
extract_tpa_g085,0.27452,0.001826,0.000000,-0.000000,0.000000,0.000000,0.000000,0.00000
extract_tpa_g085,0.27902,0.001915,0.000000,-0.000000,0.000000,0.000000,0.000000,0.00000
extract_tpa_g085,0.28351,0.002006,0.000000,0.000000,0.000000,0.000000,0.000000,0.00000
extract_tpa_g085,0.28800,0.002100,0.000000,0.000000,0.000000,0.000000,0.000000,0.00000
extract_tpa_g085,0.29252,0.002197,0.000000,0.000000,0.000000,0.000000,0.000000,0.00000
extract_tpa_g085,0.29702,0.002297,0.000000,0.000000,0.000000,0.000000,0.000000,0.00000
extract_tpa_g085,0.30151,0.002399,0.000000,0.000000,0.000000,0.000000,0.000000,0.00000
extract_tpa_g085,0.30600,0.002504,0.000000,0.000000,0.000000,0.000000,0.000000,0.00000
extract_tpa_g085,0.31053,0.002613,-0.000000,0.000000,0.000000,0.000000,0.000000,0.00000
extract_tpa_g085,0.31502,0.002725,-0.000000,-0.000000,0.000000,0.000000,0.000000,0.00000
extract_tpa_g085,0.31951,0.002839,-0.000000,-0.000000,0.000000,0.000000,0.000000,0.00000
extract_tpa_g085,0.32401,0.002956,-0.000000,-0.000000,0.000000,0.000000,0.000000,0.00000
extract_tpa_g085,0.32850,0.003077,-0.000000,-0.000000,0.000000,0.000000,0.000000,0.00000
extract_tpa_g085,0.33302,0.003201,-0.000000,-0.000000,0.000000,0.000000,0.000000,0.00000
extract_tpa_g085,0.33752,0.003327,-0.000000,-0.000000,0.000000,0.000000,0.000000,0.00000
extract_tpa_g085,0.34201,0.003457,0.000000,-0.000000,0.000000,0.000000,0.000000,0.00000
extract_tpa_g085,0.34650,0.003590,0.000000,-0.000000,0.000000,0.000000,0.000000,0.00000
extract_tpa_g085,0.35102,0.003727,0.000000,0.000000,0.000000,0.000000,0.000000,0.00000
extract_tpa_g085,0.35552,0.003867,0.000000,0.000000,0.000000,0.000000,0.000000,0.00000
extract_tpa_g085,0.36001,0.004010,0.000000,0.000000,0.000000,0.000000,0.000000,0.00000
extract_tpa_g085,0.36450,0.004156,0.000000,0.000000,0.000000,0.000000,0.000000,-0.00000
extract_tpa_g085,0.36902,0.004306,0.000000,0.000000,0.000000,0.000000,0.000000,-0.00000
extract_tpa_g085,0.37352,0.004459,0.000000,0.000000,0.000000,0.000000,0.000000,-0.00000
extract_tpa_g085,0.37801,0.004615,-0.000000,0.000000,0.000000,0.000000,0.000000,-0.00000
extract_tpa_g085,0.38251,0.004775,-0.000001,-0.000000,0.000000,0.000000,0.000000,0.00000
extract_tpa_g085,0.38700,0.004938,-0.000003,-0.000000,0.000000,0.000000,0.000000,0.00000
extract_tpa_g085,0.39152,0.005106,-0.000005,-0.000001,0.000000,0.000000,0.000000,0.00000
extract_tpa_g085,0.39601,0.005276,-0.000008,-0.000002,0.000000,0.000000,0.000000,0.00000
extract_tpa_g085,0.40051,0.005450,-0.000009,-0.000003,0.000000,0.000000,0.000000,0.00000
extract_tpa_g085,0.40500,0.005628,-0.000007,-0.000003,0.000000,0.000000,0.000000,0.00000
extract_tpa_g085,0.40952,0.005810,0.000001,-0.000003,0.000000,0.000000,0.000000,0.00000
extract_tpa_g085,0.41402,0.005995,0.000019,-0.000001,0.000000,0.000000,0.000000,0.00000
extract_tpa_g085,0.41851,0.006183,0.000050,0.000004,0.000000,0.000000,0.000000,0.00000
extract_tpa_g085,0.42301,0.006375,0.000095,0.000014,0.000000,0.000000,0.000000,0.00000
extract_tpa_g085,0.42752,0.006572,0.000150,0.000030,0.000000,0.000000,0.000000,0.00000
extract_tpa_g085,0.43202,0.006772,0.000198,0.000050,0.000000,0.000000,0.000000,0.00000
extract_tpa_g085,0.43651,0.006976,0.000203,0.000069,0.000000,0.000000,0.000000,0.00000
extract_tpa_g085,0.44101,0.007183,0.000109,0.000078,0.000000,0.000000,0.000000,0.00000
extract_tpa_g085,0.44550,0.007394,-0.000164,0.000056,0.000000,0.000000,0.000000,0.00000
extract_tpa_g085,0.45002,0.007611,-0.000705,-0.000022,0.000000,0.000000,0.000000,0.00000
extract_tpa_g085,0.45451,0.007830,-0.001577,-0.000190,0.000000,0.000000,0.000000,0.00000
extract_tpa_g085,0.45901,0.008052,-0.002753,-0.000476,0.000000,0.000000,0.000000,0.00000
extract_tpa_g085,0.46350,0.008279,-0.004013,-0.000884,0.000000,0.000000,0.000000,0.00000
extract_tpa_g085,0.46802,0.008512,-0.004804,-0.001358,0.000000,0.000000,0.000000,0.00000
extract_tpa_g085,0.47252,0.008747,-0.004107,-0.001735,0.000000,0.000000,0.000000,0.00000
extract_tpa_g085,0.47701,0.008985,-0.000358,-0.001692,0.000000,0.000000,0.000000,0.00000
extract_tpa_g085,0.48150,0.009229,0.008432,-0.000709,0.000000,0.000000,0.000000,0.00000
extract_tpa_g085,0.48602,0.009477,0.024193,0.001919,0.000000,0.000000,0.000000,0.00000
extract_tpa_g085,0.49052,0.009728,0.047709,0.006946,0.000000,0.000009,0.000013,0.00017
extract_tpa_g085,0.49501,0.009984,0.076720,0.014849,0.000000,0.000090,0.000126,0.00161
extract_tpa_g085,0.49951,0.010243,0.103180,0.025218,0.437316,0.000170,0.000239,0.00306
extract_tpa_g085,0.50400,0.010507,0.114468,0.036018,0.170332,0.000527,0.000706,0.00811
extract_tpa_g085,0.50852,0.010777,0.111387,0.045013,0.018038,0.000918,0.001217,0.01362
extract_tpa_g085,0.51302,0.011049,0.102525,0.050987,0.186272,0.001331,0.001693,0.01693
extract_tpa_g085,0.51751,0.011325,0.093236,0.054216,0.119262,0.001756,0.002154,0.01918
extract_tpa_g085,0.52201,0.011606,0.086424,0.055560,0.018732,0.002156,0.002644,0.02326
extract_tpa_g085,0.52651,0.011891,0.083481,0.055414,0.162985,0.002525,0.003171,0.02956
extract_tpa_g085,0.53102,0.012182,0.085373,0.053641,0.173015,0.002877,0.003672,0.03577
extract_tpa_g085,0.53552,0.012476,0.093120,0.051769,0.002555,0.003162,0.004080,0.04156
extract_tpa_g085,0.54002,0.012775,0.107558,0.050624,0.129638,0.003447,0.004486,0.04731
extract_tpa_g085,0.54452,0.013077,0.128763,0.050806,0.210353,0.003575,0.004593,0.04653
extract_tpa_g085,0.54901,0.013384,0.155253,0.052484,0.022418,0.003703,0.004700,0.04574
extract_tpa_g085,0.55350,0.013696,0.181669,0.054104,0.191764,0.003862,0.004852,0.04624
extract_tpa_g085,0.55800,0.014012,0.196329,0.054560,0.540393,0.004029,0.005017,0.04710
extract_tpa_g085,0.56252,0.014334,0.189500,0.055064,0.212205,0.004418,0.005558,0.05386
extract_tpa_g085,0.56700,0.014658,0.167539,0.057361,0.197726,0.004974,0.006382,0.06509
extract_tpa_g085,0.57150,0.014988,0.143240,0.062773,0.001804,0.005498,0.007104,0.07341
extract_tpa_g085,0.57602,0.015323,0.127251,0.071584,0.059016,0.005958,0.007616,0.07582
extract_tpa_g085,0.58052,0.015662,0.125125,0.082041,0.082952,0.006390,0.008094,0.07799
extract_tpa_g085,0.58502,0.016006,0.138192,0.089930,0.076168,0.006629,0.008327,0.07840
extract_tpa_g085,0.58952,0.016354,0.164445,0.091047,0.096962,0.006867,0.008560,0.07881
extract_tpa_g085,0.59401,0.016706,0.197069,0.085950,0.118395,0.007063,0.008891,0.08519
extract_tpa_g085,0.59852,0.017064,0.222253,0.078791,0.258504,0.007254,0.009234,0.09231
extract_tpa_g085,0.60302,0.017426,0.225619,0.075311,0.351220,0.007674,0.009832,0.10013
extract_tpa_g085,0.60751,0.017793,0.204933,0.080549,0.061517,0.008203,0.010553,0.10827
extract_tpa_g085,0.61202,0.018165,0.175432,0.094399,0.011517,0.008732,0.011195,0.11309
extract_tpa_g085,0.61652,0.018541,0.154336,0.112100,0.068304,0.009256,0.011738,0.11381
extract_tpa_g085,0.62102,0.018922,0.151587,0.125471,0.261032,0.009723,0.012236,0.11533
extract_tpa_g085,0.62552,0.019308,0.169723,0.127926,0.059540,0.009996,0.012581,0.11955
extract_tpa_g085,0.63001,0.019698,0.205074,0.120193,0.002911,0.010269,0.012926,0.12378
extract_tpa_g085,0.63452,0.020093,0.244628,0.108217,0.186469,0.010561,0.013439,0.13339
extract_tpa_g085,0.63901,0.020493,0.268192,0.101547,0.335554,0.010852,0.013953,0.14299
extract_tpa_g085,0.64350,0.020897,0.263269,0.106898,0.305781,0.011382,0.014577,0.14761
extract_tpa_g085,0.64801,0.021307,0.234918,0.123655,0.199695,0.011980,0.015235,0.15086
extract_tpa_g085,0.65250,0.021721,0.201411,0.145608,0.066301,0.012544,0.015858,0.15353
extract_tpa_g085,0.65702,0.022143,0.184493,0.162538,0.012957,0.013085,0.016459,0.15576
extract_tpa_g085,0.66150,0.022566,0.195272,0.166796,0.015617,0.013538,0.017016,0.16037
extract_tpa_g085,0.66602,0.022997,0.232205,0.158716,0.033527,0.013837,0.017503,0.16972
extract_tpa_g085,0.67052,0.023432,0.280388,0.145518,0.400297,0.014143,0.017995,0.17881
extract_tpa_g085,0.67502,0.023871,0.315717,0.137562,0.464701,0.014511,0.018537,0.18630
extract_tpa_g085,0.67952,0.024315,0.322541,0.142236,0.474046,0.014879,0.019080,0.19380
extract_tpa_g085,0.68402,0.024764,0.299014,0.159870,0.518774,0.015501,0.019733,0.19555
extract_tpa_g085,0.68852,0.025218,0.258194,0.182929,0.246043,0.016153,0.020398,0.19661
extract_tpa_g085,0.69302,0.025678,0.225745,0.201063,0.171010,0.016748,0.021120,0.20227
extract_tpa_g085,0.69752,0.026142,0.221107,0.207561,0.171726,0.017315,0.021869,0.21016
extract_tpa_g085,0.70202,0.026612,0.249303,0.201566,0.223285,0.017772,0.022520,0.21906
extract_tpa_g085,0.70650,0.027085,0.300132,0.190145,0.407304,0.018095,0.023049,0.22918
extract_tpa_g085,0.71102,0.027566,0.351517,0.183315,0.554230,0.018446,0.023575,0.23761
extract_tpa_g085,0.71552,0.028050,0.380654,0.187131,0.689723,0.018881,0.024074,0.24020
extract_tpa_g085,0.72002,0.028540,0.376545,0.202390,0.578653,0.019317,0.024576,0.24281
extract_tpa_g085,0.72452,0.029035,0.346257,0.222972,0.502361,0.020041,0.025377,0.24690
extract_tpa_g085,0.72902,0.029535,0.308369,0.239954,0.378236,0.020768,0.026181,0.25099
extract_tpa_g085,0.73352,0.030040,0.286505,0.247789,0.167168,0.021388,0.027026,0.26106
extract_tpa_g085,0.73802,0.030550,0.296956,0.245915,0.328980,0.021981,0.027884,0.27279
extract_tpa_g085,0.74252,0.031066,0.336227,0.239441,0.340342,0.022429,0.028522,0.28145
extract_tpa_g085,0.74701,0.031586,0.389610,0.235500,0.455438,0.022764,0.028987,0.28766
extract_tpa_g085,0.75151,0.032111,0.434853,0.239101,0.712812,0.023161,0.029486,0.29258
extract_tpa_g085,0.75601,0.032642,0.451770,0.250596,0.585871,0.023684,0.030054,0.29500
extract_tpa_g085,0.76051,0.033178,0.438522,0.265854,0.557714,0.024238,0.030675,0.29833
extract_tpa_g085,0.76501,0.033720,0.406213,0.279897,0.446855,0.025037,0.031704,0.30863
extract_tpa_g085,0.76951,0.034267,0.375027,0.288659,0.233558,0.025835,0.032733,0.31893
extract_tpa_g085,0.77401,0.034819,0.366516,0.291895,0.230802,0.026442,0.033572,0.32933
extract_tpa_g085,0.77852,0.035377,0.388822,0.292583,0.239752,0.027028,0.034391,0.33977
extract_tpa_g085,0.78302,0.035940,0.434880,0.293488,0.357757,0.027461,0.034937,0.34516
extract_tpa_g085,0.78752,0.036508,0.486290,0.297294,0.481283,0.027821,0.035349,0.34808
extract_tpa_g085,0.79201,0.037079,0.522120,0.304218,0.575646,0.028306,0.035927,0.35274
extract_tpa_g085,0.79650,0.037657,0.528558,0.312628,0.593827,0.028951,0.036711,0.35957
extract_tpa_g085,0.80101,0.038242,0.507255,0.321868,0.391079,0.029643,0.037577,0.36770
extract_tpa_g085,0.80551,0.038832,0.474933,0.330993,0.374035,0.030493,0.038714,0.38018
extract_tpa_g085,0.81001,0.039425,0.451262,0.339869,0.225389,0.031338,0.039844,0.39258
extract_tpa_g085,0.81451,0.040025,0.453957,0.348529,0.124536,0.031897,0.040504,0.39788
extract_tpa_g085,0.81901,0.040631,0.487554,0.355689,0.382310,0.032456,0.041164,0.40319
extract_tpa_g085,0.82351,0.041242,0.537976,0.360348,0.386841,0.032908,0.041725,0.40818
extract_tpa_g085,0.82801,0.041857,0.586433,0.362390,0.576377,0.033330,0.042257,0.41307
extract_tpa_g085,0.83251,0.042478,0.613113,0.363709,0.735071,0.033948,0.043072,0.42222
extract_tpa_g085,0.83700,0.043104,0.608032,0.367331,0.555921,0.034719,0.044104,0.43466
extract_tpa_g085,0.84151,0.043737,0.580611,0.376082,0.551653,0.035517,0.045150,0.44610
extract_tpa_g085,0.84601,0.044375,0.549282,0.390596,0.422935,0.036367,0.046219,0.45554
extract_tpa_g085,0.85051,0.045018,0.535142,0.407051,0.314885,0.037181,0.047234,0.46427
extract_tpa_g085,0.85501,0.045665,0.551822,0.420536,0.393030,0.037721,0.047834,0.46761
extract_tpa_g085,0.85952,0.046322,0.596059,0.426794,0.530422,0.038265,0.048437,0.47097
extract_tpa_g085,0.86402,0.046981,0.650357,0.424680,0.720794,0.038797,0.049203,0.48147
extract_tpa_g085,0.86852,0.047645,0.692221,0.419416,0.795959,0.039328,0.049988,0.49280
extract_tpa_g085,0.87302,0.048315,0.706010,0.418061,0.907562,0.040085,0.050997,0.50478
extract_tpa_g085,0.87751,0.048990,0.688897,0.426114,0.829436,0.040949,0.052114,0.51704
extract_tpa_g085,0.88201,0.049671,0.655626,0.444821,0.601030,0.041799,0.053148,0.52562
extract_tpa_g085,0.88652,0.050359,0.630163,0.468192,0.660472,0.042630,0.054081,0.52966
extract_tpa_g085,0.89100,0.051048,0.629673,0.487187,0.512592,0.043398,0.054961,0.53445
extract_tpa_g085,0.89552,0.051749,0.661744,0.494860,0.589489,0.043973,0.055681,0.54192
extract_tpa_g085,0.90002,0.052451,0.715869,0.490367,0.933779,0.044545,0.056399,0.54940
extract_tpa_g085,0.90451,0.053159,0.767826,0.480157,0.896483,0.045187,0.057391,0.56506
extract_tpa_g085,0.90902,0.053874,0.798285,0.474567,1.066286,0.045832,0.058385,0.58075
extract_tpa_g085,0.91350,0.054591,0.796427,0.482160,1.092649,0.046681,0.059428,0.58987
extract_tpa_g085,0.91802,0.055320,0.768356,0.503360,0.848563,0.047595,0.060492,0.59724
extract_tpa_g085,0.92251,0.056048,0.736218,0.531096,0.779212,0.048457,0.061478,0.60293
extract_tpa_g085,0.92702,0.056786,0.722199,0.554395,0.671035,0.049289,0.062412,0.60737
extract_tpa_g085,0.93151,0.057527,0.739765,0.563597,0.690700,0.050048,0.063344,0.61522
extract_tpa_g085,0.93602,0.058275,0.786287,0.558208,0.788023,0.050674,0.064281,0.62975
extract_tpa_g085,0.94051,0.059028,0.843552,0.545893,0.985046,0.051311,0.065227,0.64414
extract_tpa_g085,0.94502,0.059786,0.886991,0.538040,1.118663,0.052042,0.066250,0.65756
extract_tpa_g085,0.94951,0.060549,0.899610,0.544642,1.031799,0.052771,0.067271,0.67094
extract_tpa_g085,0.95401,0.061318,0.881274,0.566648,1.021002,0.053708,0.068293,0.67532
extract_tpa_g085,0.95850,0.062093,0.847933,0.596161,0.763488,0.054668,0.069314,0.67861
extract_tpa_g085,0.96301,0.062875,0.825952,0.621400,0.627122,0.055550,0.070356,0.68594
extract_tpa_g085,0.96751,0.063661,0.833375,0.632520,0.720955,0.056389,0.071404,0.69523
extract_tpa_g085,0.97201,0.064453,0.871597,0.627979,0.681517,0.057149,0.072450,0.70817
extract_tpa_g085,0.97651,0.065250,0.928537,0.615635,0.872842,0.057809,0.073489,0.72552
extract_tpa_g085,0.98101,0.066053,0.978282,0.607569,1.087902,0.058518,0.074535,0.74111
extract_tpa_g085,0.98551,0.066863,0.996966,0.613280,1.157028,0.059395,0.075608,0.75074
extract_tpa_g085,0.99001,0.067676,0.980895,0.634822,1.006334,0.060270,0.076679,0.76031
extract_tpa_g085,0.99451,0.068496,0.949351,0.664804,0.701957,0.061261,0.077754,0.76391
extract_tpa_g085,0.99901,0.069323,0.930472,0.691084,0.724110,0.062253,0.078830,0.76752
extract_tpa_g085,1.00351,0.070153,0.941536,0.703798,0.669653,0.063066,0.079879,0.77864
extract_tpa_g085,1.00801,0.070989,0.983756,0.700082,0.767919,0.063830,0.080923,0.79185
extract_tpa_g085,1.01251,0.071831,1.039535,0.687545,0.997969,0.064618,0.082067,0.80828
extract_tpa_g085,1.01702,0.072681,1.080344,0.678799,1.326974,0.065425,0.083293,0.82728
extract_tpa_g085,1.02152,0.073535,1.085390,0.684226,1.205199,0.066315,0.084503,0.84192
extract_tpa_g085,1.02601,0.074392,1.062636,0.707027,0.870808,0.067369,0.085686,0.84815
extract_tpa_g085,1.03051,0.075256,1.040402,0.739782,0.917312,0.068396,0.086833,0.85398
extract_tpa_g085,1.03501,0.076127,1.041018,0.768242,0.776782,0.069201,0.087691,0.85668
extract_tpa_g085,1.03951,0.077002,1.072684,0.780337,0.861103,0.070006,0.088548,0.85939
extract_tpa_g085,1.04400,0.077882,1.121159,0.773774,1.304358,0.070868,0.089853,0.88015
extract_tpa_g085,1.04852,0.078773,1.157862,0.757437,1.388890,0.071742,0.091220,0.90317
extract_tpa_g085,1.05302,0.079666,1.167961,0.747535,1.286039,0.072760,0.092668,0.92222
extract_tpa_g085,1.05752,0.080564,1.159259,0.757615,1.167299,0.073849,0.094158,0.93937
extract_tpa_g085,1.06202,0.081468,1.151643,0.787935,1.061504,0.074810,0.095257,0.94584
extract_tpa_g085,1.06652,0.082377,1.160449,0.825858,1.068033,0.075614,0.095877,0.93920
extract_tpa_g085,1.07101,0.083291,1.184609,0.853201,1.302702,0.076455,0.096677,0.93861
extract_tpa_g085,1.07552,0.084213,1.210563,0.857426,1.464780,0.077432,0.098101,0.95859
extract_tpa_g085,1.08001,0.085138,1.228860,0.842003,1.308542,0.078405,0.099520,0.97852
extract_tpa_g085,1.08451,0.086070,1.242187,0.823728,1.304793,0.079510,0.101212,1.00488
extract_tpa_g085,1.08901,0.087007,1.256891,0.821154,1.248221,0.080615,0.102903,1.03123
extract_tpa_g085,1.09350,0.087948,1.276332,0.842822,1.294308,0.081486,0.103784,1.03273
extract_tpa_g085,1.09802,0.088901,1.293852,0.880958,1.504383,0.082297,0.104448,1.02735
extract_tpa_g085,1.10252,0.089856,1.299876,0.916577,1.456748,0.083261,0.105502,1.03184
extract_tpa_g085,1.10700,0.090811,1.297839,0.933343,1.367127,0.084343,0.106859,1.04398
extract_tpa_g085,1.11150,0.091777,1.301586,0.927865,1.152237,0.085425,0.108333,1.06154
extract_tpa_g085,1.11602,0.092753,1.325011,0.910795,1.154284,0.086503,0.110031,1.08974
extract_tpa_g085,1.12052,0.093729,1.367119,0.900420,1.328808,0.087552,0.111634,1.11506
extract_tpa_g085,1.12502,0.094712,1.408194,0.909238,1.578039,0.088414,0.112573,1.11958
extract_tpa_g085,1.12952,0.095700,1.424514,0.936999,1.628839,0.089277,0.113513,1.12410
extract_tpa_g085,1.13400,0.096689,1.411922,0.972624,1.442824,0.090420,0.114782,1.13004
extract_tpa_g085,1.13852,0.097692,1.390718,1.000533,1.249969,0.091607,0.116102,1.13621
extract_tpa_g085,1.14302,0.098697,1.389853,1.010953,0.934532,0.092676,0.117531,1.15242
extract_tpa_g085,1.14750,0.099703,1.426101,1.005089,1.239562,0.093685,0.119009,1.17345
extract_tpa_g085,1.15200,0.100719,1.483790,0.992995,1.485889,0.094678,0.120422,1.19291
extract_tpa_g085,1.15652,0.101745,1.530309,0.987754,1.673532,0.095650,0.121752,1.21043
extract_tpa_g085,1.16102,0.102772,1.542170,0.999160,1.744253,0.096677,0.123093,1.22550
extract_tpa_g085,1.16552,0.103805,1.522960,1.026862,1.451954,0.097906,0.124490,1.23251
extract_tpa_g085,1.17001,0.104841,1.501684,1.061308,1.199730,0.099130,0.125882,1.23951
extract_tpa_g085,1.17451,0.105884,1.507775,1.089323,1.156546,0.100108,0.126993,1.24685
extract_tpa_g085,1.17900,0.106931,1.547148,1.099735,1.532936,0.101083,0.128102,1.25417
extract_tpa_g085,1.18352,0.107991,1.598575,1.092179,1.622331,0.102144,0.129671,1.27723
extract_tpa_g085,1.18802,0.109051,1.636281,1.077752,1.888156,0.103222,0.131357,1.30449
extract_tpa_g085,1.19252,0.110117,1.646433,1.072446,1.770785,0.104397,0.132977,1.32470
extract_tpa_g085,1.19702,0.111189,1.639951,1.087688,1.502544,0.105649,0.134545,1.33942
extract_tpa_g085,1.20152,0.112266,1.638444,1.122436,1.547278,0.106800,0.135868,1.34788
extract_tpa_g085,1.20602,0.113348,1.652861,1.161946,1.590096,0.107758,0.136722,1.34435
extract_tpa_g085,1.21052,0.114436,1.680530,1.187749,1.833477,0.108746,0.137685,1.34429
extract_tpa_g085,1.21502,0.115530,1.709288,1.190368,1.825727,0.109950,0.139480,1.37076
extract_tpa_g085,1.21952,0.116629,1.732601,1.174796,1.886792,0.111155,0.141275,1.39722
extract_tpa_g085,1.22401,0.117731,1.753532,1.159241,1.693684,0.112372,0.143040,1.42211
extract_tpa_g085,1.22851,0.118842,1.778700,1.161771,1.776259,0.113593,0.144805,1.44687
extract_tpa_g085,1.23300,0.119955,1.804329,1.188053,1.913148,0.114658,0.145968,1.45219
extract_tpa_g085,1.23752,0.121081,1.820015,1.228545,1.981538,0.115656,0.146846,1.44804
extract_tpa_g085,1.24201,0.122205,1.817626,1.264640,2.059462,0.116790,0.148093,1.45385
extract_tpa_g085,1.24650,0.123334,1.799243,1.281686,1.735789,0.118099,0.149797,1.47174
extract_tpa_g085,1.25102,0.124477,1.780820,1.279031,1.732631,0.119384,0.151527,1.49192
extract_tpa_g085,1.25551,0.125618,1.772412,1.269410,1.717344,0.120553,0.153301,1.51938
extract_tpa_g085,1.26001,0.126766,1.770608,1.269299,1.881050,0.121724,0.155074,1.54676
extract_tpa_g085,1.26450,0.127917,1.764838,1.289091,2.107923,0.122840,0.156268,1.55184
extract_tpa_g085,1.26902,0.129082,1.757926,1.324372,2.057976,0.123964,0.157469,1.55696
extract_tpa_g085,1.27352,0.130247,1.786393,1.358597,0.512294,0.124496,0.157890,1.55106
extract_tpa_g085,1.27801,0.131414,1.902615,1.372458,0.472727,0.124865,0.158097,1.54213
extract_tpa_g085,1.28250,0.132587,2.065127,1.356873,3.103108,0.125364,0.158810,1.55305
extract_tpa_g085,1.28702,0.133774,2.166377,1.317615,1.767470,0.125968,0.159925,1.57968
extract_tpa_g085,1.29152,0.134960,2.173207,1.279955,2.508649,0.127039,0.161675,1.61149
extract_tpa_g085,1.29601,0.136150,2.069490,1.281565,2.455768,0.129021,0.164666,1.65354
extract_tpa_g085,1.30050,0.137344,1.901034,1.330944,0.845630,0.130936,0.167424,1.68856
extract_tpa_g085,1.30502,0.138552,1.774405,1.416128,1.179853,0.132355,0.168427,1.67017
extract_tpa_g085,1.30951,0.139758,1.748930,1.501059,0.854374,0.133765,0.169424,1.65189
extract_tpa_g085,1.31401,0.140971,1.836906,1.531951,1.380396,0.134381,0.170149,1.65813
extract_tpa_g085,1.31850,0.142187,1.996453,1.498745,1.586987,0.134900,0.170840,1.66727
extract_tpa_g085,1.32302,0.143417,2.155692,1.423881,2.308766,0.135923,0.172696,1.70739
extract_tpa_g085,1.32751,0.144643,2.241178,1.351108,2.904331,0.137179,0.175098,1.76212
extract_tpa_g085,1.33201,0.145878,2.225235,1.340429,1.288026,0.138591,0.177098,1.78965
extract_tpa_g085,1.33650,0.147116,2.145720,1.405787,2.689949,0.140188,0.178595,1.78379
extract_tpa_g085,1.34102,0.148367,2.033814,1.516853,1.908622,0.141716,0.179939,1.77499
extract_tpa_g085,1.34551,0.149615,1.959230,1.619911,0.541436,0.142963,0.180723,1.75642
extract_tpa_g085,1.35001,0.150871,1.973276,1.656563,2.795380,0.144212,0.181520,1.73827
extract_tpa_g085,1.35450,0.152129,2.047772,1.611964,1.352480,0.145271,0.183931,1.79694
extract_tpa_g085,1.35902,0.153401,2.179194,1.520103,1.889699,0.146337,0.186358,1.85599
extract_tpa_g085,1.36351,0.154670,2.312974,1.443701,3.905906,0.147347,0.188116,1.89078
extract_tpa_g085,1.36801,0.155948,2.374286,1.434016,1.979040,0.148345,0.189697,1.91902
extract_tpa_g085,1.37250,0.157227,2.365197,1.501954,3.119285,0.149563,0.190825,1.91643
extract_tpa_g085,1.37702,0.158521,2.276822,1.616411,3.149814,0.150964,0.191608,1.88965
extract_tpa_g085,1.38151,0.159811,2.149973,1.711851,1.693855,0.152487,0.192967,1.88224
extract_tpa_g085,1.38601,0.161109,2.071860,1.744607,2.366159,0.154270,0.195465,1.91242
extract_tpa_g085,1.39050,0.162409,2.081381,1.710834,1.582994,0.155944,0.197880,1.94420
extract_tpa_g085,1.39502,0.163723,2.194015,1.635019,2.192568,0.156819,0.199714,1.98894
extract_tpa_g085,1.39951,0.165034,2.370123,1.575696,2.724164,0.157690,0.201537,2.03339
extract_tpa_g085,1.40401,0.166353,2.524854,1.568646,3.200198,0.158419,0.201985,2.02546
extract_tpa_g085,1.40852,0.167680,2.577053,1.612288,3.940575,0.159134,0.202271,2.01128
extract_tpa_g085,1.41302,0.169009,2.499874,1.690217,2.591598,0.160787,0.203950,2.01229
extract_tpa_g085,1.41751,0.170340,2.347093,1.759853,3.254436,0.162894,0.206304,2.02070
extract_tpa_g085,1.42201,0.171680,2.195733,1.794591,1.856252,0.164798,0.208761,2.04329
extract_tpa_g085,1.42652,0.173027,2.153465,1.795446,0.866891,0.166451,0.211343,2.08325
extract_tpa_g085,1.43102,0.174377,2.264488,1.769949,3.030540,0.167772,0.213403,2.11599
extract_tpa_g085,1.43551,0.175729,2.456883,1.739975,1.763833,0.167984,0.213720,2.12461
extract_tpa_g085,1.44000,0.177085,2.654065,1.721983,3.117673,0.168202,0.214045,2.13329
extract_tpa_g085,1.44452,0.178456,2.739795,1.723167,4.602840,0.169747,0.216102,2.15572
extract_tpa_g085,1.44902,0.179826,2.655570,1.747600,2.209615,0.171284,0.218151,2.17805
extract_tpa_g085,1.45351,0.181198,2.487480,1.794298,2.729789,0.173432,0.220757,2.19789
extract_tpa_g085,1.45800,0.182575,2.339547,1.856843,1.205325,0.175750,0.223519,2.21705
extract_tpa_g085,1.46252,0.183967,2.315117,1.912227,0.676642,0.177071,0.224916,2.22118
extract_tpa_g085,1.46702,0.185357,2.438235,1.936813,2.198524,0.177604,0.225237,2.21355
extract_tpa_g085,1.47151,0.186749,2.622895,1.915627,1.988360,0.178356,0.226203,2.22512
extract_tpa_g085,1.47600,0.188146,2.765379,1.855774,3.850190,0.179538,0.228431,2.27409
extract_tpa_g085,1.48052,0.189557,2.784630,1.800815,2.700407,0.180829,0.230721,2.32067
extract_tpa_g085,1.48502,0.190967,2.710994,1.793541,1.831198,0.182886,0.233368,2.34635
extract_tpa_g085,1.48951,0.192379,2.628401,1.855455,2.379793,0.184937,0.236010,2.37199
extract_tpa_g085,1.49400,0.193795,2.590341,1.964835,1.290708,0.185935,0.236135,2.33642
extract_tpa_g085,1.49852,0.195226,2.618506,2.056278,2.756236,0.186814,0.235962,2.29334
extract_tpa_g085,1.50302,0.196656,2.666080,2.080412,2.680601,0.188243,0.238028,2.32060
extract_tpa_g085,1.50751,0.198087,2.704317,2.026378,2.885004,0.189939,0.241179,2.38197
extract_tpa_g085,1.51201,0.199527,2.746424,1.935309,2.402492,0.191484,0.243966,2.43711
extract_tpa_g085,1.51652,0.200974,2.823361,1.880708,1.400205,0.192845,0.246304,2.48456
extract_tpa_g085,1.52102,0.202423,2.918827,1.900958,4.282270,0.194146,0.248198,2.51374
extract_tpa_g085,1.52551,0.203874,2.942015,1.984354,3.386352,0.195253,0.248607,2.48156
extract_tpa_g085,1.53001,0.205333,2.865589,2.084841,4.186920,0.196370,0.249034,2.44970
extract_tpa_g085,1.53452,0.206800,2.733203,2.150624,2.839353,0.198642,0.251857,2.47598
extract_tpa_g085,1.53902,0.208268,2.675415,2.158731,1.309093,0.200908,0.254674,2.50220
extract_tpa_g085,1.54351,0.209738,2.780266,2.122922,2.850668,0.201857,0.256302,2.53432
extract_tpa_g085,1.54801,0.211216,2.981447,2.067540,3.036546,0.202445,0.257605,2.56815
extract_tpa_g085,1.55250,0.212695,3.145666,2.022859,5.377810,0.203689,0.259616,2.60316
extract_tpa_g085,1.55702,0.214190,3.154717,2.020273,4.188340,0.205459,0.262198,2.63938
extract_tpa_g085,1.56151,0.215678,3.035994,2.067654,3.399550,0.207246,0.264460,2.65982
extract_tpa_g085,1.56601,0.217175,2.912859,2.158124,2.119646,0.209090,0.266135,2.64984
extract_tpa_g085,1.57052,0.218680,2.895316,2.253940,2.194844,0.210831,0.267713,2.64127
extract_tpa_g085,1.57502,0.220186,2.979409,2.299483,3.797253,0.211739,0.268521,2.64367
extract_tpa_g085,1.57951,0.221694,3.083287,2.271800,3.210364,0.212646,0.269326,2.64607
extract_tpa_g085,1.58401,0.223209,3.157378,2.190078,4.318880,0.214517,0.272854,2.71757
extract_tpa_g085,1.58852,0.224733,3.191384,2.113972,1.815772,0.216507,0.276712,2.79742
extract_tpa_g085,1.59302,0.226257,3.237977,2.106128,2.830324,0.217863,0.278349,2.81145
extract_tpa_g085,1.59751,0.227783,3.283569,2.178812,3.566402,0.218910,0.278906,2.79350
extract_tpa_g085,1.60200,0.229314,3.277610,2.288794,3.115904,0.220345,0.280099,2.78409
extract_tpa_g085,1.60650,0.230852,3.212455,2.377010,4.193470,0.222261,0.282074,2.78511
extract_tpa_g085,1.61102,0.232402,3.135003,2.400687,1.446462,0.224124,0.284246,2.79802
extract_tpa_g085,1.61551,0.233946,3.157108,2.361746,1.940903,0.225769,0.287039,2.85101
extract_tpa_g085,1.62000,0.235495,3.305437,2.302534,2.073881,0.227410,0.289824,2.90383
extract_tpa_g085,1.62452,0.237058,3.488302,2.257450,4.090330,0.228183,0.290926,2.92168
extract_tpa_g085,1.62902,0.238619,3.546813,2.253305,4.657730,0.228952,0.292023,2.93944
extract_tpa_g085,1.63351,0.240181,3.405359,2.301186,3.651915,0.231068,0.294429,2.95275
extract_tpa_g085,1.63800,0.241748,3.134177,2.386657,3.289874,0.233554,0.297196,2.96484
extract_tpa_g085,1.64252,0.243329,2.889690,2.488218,0.946537,0.235018,0.298507,2.95743
extract_tpa_g085,1.64701,0.244904,2.823543,2.566586,3.300625,0.235653,0.298646,2.93464
extract_tpa_g085,1.65150,0.246484,2.964834,2.579596,1.377397,0.235913,0.298698,2.92613
extract_tpa_g085,1.65602,0.248078,3.239691,2.516105,4.881730,0.235435,0.298576,2.94570
extract_tpa_g085,1.66052,0.249670,3.440914,2.406371,5.727160,0.235358,0.299058,2.97354
extract_tpa_g085,1.66501,0.251263,3.458787,2.311947,3.531875,0.238274,0.304073,3.06403
extract_tpa_g085,1.66952,0.252867,3.341258,2.301652,4.793900,0.241203,0.309111,3.15491
extract_tpa_g085,1.67402,0.254472,3.176127,2.403837,2.186357,0.243008,0.309997,3.11636
extract_tpa_g085,1.67851,0.256078,3.103184,2.573951,2.479769,0.244676,0.310389,3.06253
extract_tpa_g085,1.68300,0.257688,3.153602,2.718200,4.114760,0.245689,0.310787,3.03736
extract_tpa_g085,1.68752,0.259312,3.259236,2.744069,2.942152,0.246387,0.311192,3.02609
extract_tpa_g085,1.69201,0.260931,3.389256,2.634568,4.360710,0.247666,0.313641,3.07764
extract_tpa_g085,1.69651,0.262557,3.501662,2.468195,4.092500,0.249667,0.318608,3.20624
extract_tpa_g085,1.70102,0.264191,3.588886,2.352597,2.530750,0.251411,0.322517,3.30035
extract_tpa_g085,1.70551,0.265822,3.658847,2.372307,3.818019,0.252262,0.322775,3.27586
extract_tpa_g085,1.71001,0.267461,3.663999,2.522100,4.009750,0.253121,0.323037,3.25119
extract_tpa_g085,1.71452,0.269107,3.567374,2.703604,4.025308,0.254981,0.323792,3.20689
extract_tpa_g085,1.71902,0.270754,3.386110,2.821081,3.584808,0.256836,0.324546,3.16268
extract_tpa_g085,1.72351,0.272401,3.216033,2.822497,2.338192,0.259339,0.328398,3.22298
extract_tpa_g085,1.72800,0.274053,3.178074,2.729806,1.876155,0.262021,0.333106,3.31206
extract_tpa_g085,1.73252,0.275720,3.338622,2.628911,1.460260,0.263068,0.335111,3.35444
extract_tpa_g085,1.73701,0.277379,3.647788,2.578661,4.141430,0.262806,0.334950,3.35932
extract_tpa_g085,1.74150,0.279043,3.912979,2.592924,4.817470,0.263132,0.335297,3.36203
extract_tpa_g085,1.74602,0.280722,3.973397,2.650582,4.269700,0.264616,0.336643,3.36048
extract_tpa_g085,1.75051,0.282393,3.796195,2.712285,5.342040,0.266328,0.338389,3.36536
extract_tpa_g085,1.75501,0.284073,3.481585,2.768630,1.508010,0.269864,0.343257,3.41931
extract_tpa_g085,1.75952,0.285760,3.265327,2.825576,0.890769,0.273409,0.348137,3.47338
extract_tpa_g085,1.76402,0.287447,3.287989,2.876919,2.621838,0.273856,0.348073,3.45350
extract_tpa_g085,1.76851,0.289134,3.518493,2.899169,1.809309,0.273936,0.347425,3.42491
extract_tpa_g085,1.77300,0.290826,3.830975,2.863618,5.055150,0.274502,0.348549,3.45247
extract_tpa_g085,1.77752,0.292532,4.019157,2.775559,5.452860,0.275311,0.350550,3.50773
extract_tpa_g085,1.78201,0.294231,4.004257,2.685571,3.510089,0.277106,0.353627,3.56598
extract_tpa_g085,1.78650,0.295934,3.864150,2.668694,4.320570,0.280110,0.358034,3.62834
extract_tpa_g085,1.79102,0.297652,3.699010,2.764853,2.502432,0.282660,0.361275,3.65910
extract_tpa_g085,1.79551,0.299363,3.619800,2.932868,2.371709,0.283588,0.360442,3.58129
extract_tpa_g085,1.80000,0.301077,3.636415,3.081985,4.475900,0.284520,0.359627,3.50409
extract_tpa_g085,1.80452,0.302806,3.686716,3.119100,3.787692,0.286224,0.362354,3.55319
extract_tpa_g085,1.80901,0.304528,3.756822,3.021391,4.371630,0.287916,0.365063,3.60197
extract_tpa_g085,1.81351,0.306257,3.851276,2.866363,3.485666,0.289563,0.368581,3.68434
extract_tpa_g085,1.81802,0.307994,3.993680,2.756915,3.564865,0.291199,0.372330,3.77620
extract_tpa_g085,1.82251,0.309727,4.146618,2.764412,5.070340,0.292357,0.373776,3.79000
extract_tpa_g085,1.82700,0.311463,4.195186,2.882092,5.550740,0.293145,0.373433,3.74298
extract_tpa_g085,1.83152,0.313215,4.050295,3.027564,7.237240,0.294771,0.374534,3.72124
extract_tpa_g085,1.83601,0.314959,3.765749,3.132590,2.259778,0.298015,0.378464,3.74977
extract_tpa_g085,1.84051,0.316710,3.580353,3.172226,2.191615,0.300959,0.382057,3.77763
extract_tpa_g085,1.84502,0.318469,3.621359,3.149792,3.644979,0.301593,0.383060,3.80013
extract_tpa_g085,1.84951,0.320223,3.851183,3.089165,1.919317,0.302225,0.384058,3.82253
extract_tpa_g085,1.85401,0.321985,4.131701,3.016705,7.816790,0.303396,0.386326,3.87198
extract_tpa_g085,1.85852,0.323754,4.238922,2.961831,5.336140,0.304634,0.388751,3.92475
extract_tpa_g085,1.86301,0.325519,4.175563,2.959653,4.141450,0.306734,0.391393,3.94885
extract_tpa_g085,1.86751,0.327291,4.080021,3.034259,3.259681,0.309265,0.394154,3.95905
extract_tpa_g085,1.87202,0.329071,4.062730,3.163713,1.820785,0.311116,0.395782,3.94993
extract_tpa_g085,1.87651,0.330846,4.120360,3.270280,6.696400,0.312135,0.396035,3.91761
extract_tpa_g085,1.88101,0.332629,4.141585,3.287458,3.040497,0.313487,0.397257,3.91366
extract_tpa_g085,1.88552,0.334419,4.161310,3.213883,4.342990,0.315960,0.401770,4.00623
extract_tpa_g085,1.89001,0.336204,4.244069,3.112953,1.675205,0.318414,0.406245,4.09799
extract_tpa_g085,1.89451,0.337997,4.433787,3.059436,3.206044,0.318937,0.406946,4.10624
extract_tpa_g085,1.89900,0.339789,4.610226,3.079216,7.077140,0.319459,0.407645,4.11446
extract_tpa_g085,1.90352,0.341597,4.600234,3.147769,4.381310,0.321773,0.410249,4.12658
extract_tpa_g085,1.90801,0.343395,4.426669,3.233038,6.060620,0.324575,0.413372,4.13970
extract_tpa_g085,1.91250,0.345197,4.240171,3.314791,0.428131,0.326691,0.415580,4.14438
extract_tpa_g085,1.91702,0.347014,4.252503,3.373989,3.164798,0.328283,0.417082,4.14245
extract_tpa_g085,1.92151,0.348823,4.442252,3.385508,4.486870,0.329716,0.418811,4.15829
extract_tpa_g085,1.92600,0.350634,4.653094,3.327591,5.332250,0.330859,0.421002,4.20871
extract_tpa_g085,1.93052,0.352461,4.754819,3.227580,6.927550,0.332139,0.423364,4.26010
extract_tpa_g085,1.93501,0.354279,4.745199,3.160134,2.240146,0.334384,0.426887,4.31602
extract_tpa_g085,1.93952,0.356108,4.733732,3.185806,5.708410,0.336640,0.430425,4.37218
extract_tpa_g085,1.94401,0.357932,4.694605,3.306465,4.382000,0.337933,0.430867,4.33652
extract_tpa_g085,1.94851,0.359763,4.571615,3.454923,7.283690,0.339114,0.430942,4.28986
extract_tpa_g085,1.95302,0.361601,4.324897,3.556267,5.636450,0.340874,0.432724,4.29255
extract_tpa_g085,1.95751,0.363435,4.102287,3.588615,2.000690,0.342904,0.435318,4.31901
extract_tpa_g085,1.96201,0.365275,4.119699,3.573317,2.326793,0.343456,0.436063,4.32821
extract_tpa_g085,1.96652,0.367122,4.339601,3.527307,7.073390,0.342195,0.434536,4.31623
extract_tpa_g085,1.97101,0.368964,4.553726,3.450664,5.088680,0.341822,0.434427,4.32698
extract_tpa_g085,1.97550,0.370809,4.638602,3.367788,7.458760,0.344451,0.439119,4.41492
extract_tpa_g085,1.98002,0.372670,4.526106,3.321662,5.933720,0.347095,0.443827,4.50292
extract_tpa_g085,1.98451,0.374521,4.341603,3.364987,1.684071,0.349469,0.445988,4.49934
extract_tpa_g085,1.98900,0.376374,4.273645,3.508393,6.240260,0.351842,0.448148,4.49576
extract_tpa_g085,1.99352,0.378244,4.293394,3.667470,4.466320,0.352841,0.448109,4.45613
extract_tpa_g085,1.99801,0.380103,4.357893,3.739611,3.219608,0.353441,0.447446,4.40660
extract_tpa_g085,2.00250,0.381965,4.434321,3.687555,6.926840,0.355040,0.449984,4.44759
extract_tpa_g085,2.00702,0.383843,4.475594,3.541780,2.643305,0.357437,0.455059,4.56009
extract_tpa_g085,2.01151,0.385711,4.571560,3.411186,1.598228,0.359167,0.458536,4.63449
extract_tpa_g085,2.01602,0.387589,4.742690,3.394881,4.898450,0.359633,0.458971,4.63629
extract_tpa_g085,2.02051,0.389463,4.857014,3.481184,3.757313,0.360280,0.459555,4.63647
extract_tpa_g085,2.02500,0.391339,4.826211,3.610203,4.526420,0.362319,0.461298,4.62442
extract_tpa_g085,2.02952,0.393230,4.623591,3.714158,5.489350,0.364372,0.463052,4.61229
extract_tpa_g085,2.03401,0.395111,4.347208,3.746876,1.703594,0.367433,0.467249,4.66227
extract_tpa_g085,2.03850,0.396995,4.228529,3.744305,0.315472,0.370616,0.471736,4.71957
extract_tpa_g085,2.04302,0.398894,4.375471,3.737604,3.082928,0.371252,0.472297,4.71984
extract_tpa_g085,2.04751,0.400783,4.674052,3.711878,3.779775,0.370617,0.470905,4.69180
extract_tpa_g085,2.05200,0.402674,4.939640,3.667827,4.387030,0.371234,0.471807,4.70933
extract_tpa_g085,2.05652,0.404581,5.008017,3.607389,6.123910,0.373396,0.475540,4.78304
extract_tpa_g085,2.06101,0.406478,4.854432,3.569908,3.183239,0.375656,0.479135,4.84413
extract_tpa_g085,2.06552,0.408385,4.661670,3.627304,1.870913,0.378310,0.482367,4.86448
extract_tpa_g085,2.07001,0.410287,4.566413,3.772383,4.543660,0.380943,0.485565,4.88436
extract_tpa_g085,2.07450,0.412191,4.559169,3.928722,3.242195,0.381547,0.484983,4.83093
extract_tpa_g085,2.07902,0.414110,4.613718,4.008263,5.348500,0.382155,0.484397,4.77713
extract_tpa_g085,2.08351,0.416018,4.648941,3.951789,7.050020,0.384204,0.488011,4.84785
extract_tpa_g085,2.08800,0.417930,4.671245,3.808031,2.059027,0.386654,0.492786,4.95293
extract_tpa_g085,2.09252,0.419856,4.804686,3.691155,4.739550,0.387940,0.494988,4.99886
extract_tpa_g085,2.09701,0.421771,5.000495,3.669100,6.133270,0.388288,0.495124,4.99737
extract_tpa_g085,2.10152,0.423698,5.134722,3.742980,4.728470,0.389239,0.495936,4.99489
extract_tpa_g085,2.10602,0.425623,5.109062,3.855506,10.134960,0.391342,0.498042,4.99054
extract_tpa_g085,2.11051,0.427545,4.862028,3.938700,5.178200,0.393557,0.500396,4.99265
extract_tpa_g085,2.11502,0.429478,4.609776,3.988145,2.882973,0.396673,0.504673,5.04340
extract_tpa_g085,2.11951,0.431405,4.550587,4.020878,7.042460,0.399775,0.508931,5.09393
extract_tpa_g085,2.12400,0.433334,4.670041,4.025750,3.648933,0.400033,0.509008,5.09305
extract_tpa_g085,2.12852,0.435278,4.910542,3.996456,7.959060,0.399954,0.508585,5.08603
extract_tpa_g085,2.13301,0.437212,5.067259,3.929663,9.206270,0.401632,0.511247,5.13445
extract_tpa_g085,2.13750,0.439147,5.071031,3.854172,3.787951,0.404167,0.515412,5.20987
extract_tpa_g085,2.14202,0.441097,5.056286,3.843551,6.416500,0.406076,0.517993,5.23953
extract_tpa_g085,2.14650,0.443033,5.071445,3.923760,2.930025,0.407181,0.518580,5.21242
extract_tpa_g085,2.15102,0.444987,5.123977,4.045478,7.650210,0.408571,0.519661,5.19634
extract_tpa_g085,2.15551,0.446931,5.086979,4.132897,7.514500,0.410886,0.522395,5.21867
extract_tpa_g085,2.16000,0.448876,4.976577,4.139145,2.917850,0.413197,0.525128,5.24114
extract_tpa_g085,2.16452,0.450837,4.972031,4.094335,4.803100,0.414724,0.527739,5.29119
extract_tpa_g085,2.16901,0.452786,5.142180,4.053247,1.026087,0.416242,0.530333,5.34090
extract_tpa_g085,2.17350,0.454737,5.414854,4.023522,8.464160,0.417344,0.532019,5.36787
extract_tpa_g085,2.17802,0.456703,5.536740,3.996703,5.587350,0.418338,0.533465,5.38870
extract_tpa_g085,2.18251,0.458658,5.471927,3.988144,4.216820,0.420332,0.535973,5.41151
extract_tpa_g085,2.18702,0.460624,5.359910,4.027393,2.521866,0.423123,0.539332,5.43609
extract_tpa_g085,2.19151,0.462582,5.346034,4.130528,0.907019,0.425309,0.541625,5.44302
extract_tpa_g085,2.19600,0.464543,5.427518,4.237285,7.682490,0.426336,0.541866,5.41571
extract_tpa_g085,2.20052,0.466518,5.449291,4.268817,3.640982,0.427559,0.542615,5.40105
extract_tpa_g085,2.20501,0.468482,5.436546,4.221799,5.608140,0.430201,0.547193,5.48351
extract_tpa_g085,2.20952,0.470456,5.480374,4.143113,1.521422,0.432856,0.551792,5.56630
extract_tpa_g085,2.21401,0.472423,5.664100,4.103293,4.732450,0.433542,0.552839,5.58238
extract_tpa_g085,2.21850,0.474392,5.842119,4.114869,7.981900,0.433996,0.553465,5.59055
extract_tpa_g085,2.22302,0.476375,5.818037,4.144853,6.046170,0.436200,0.556297,5.62107
extract_tpa_g085,2.22751,0.478347,5.587894,4.191431,7.277960,0.439232,0.560170,5.66212
extract_tpa_g085,2.23202,0.480330,5.284456,4.266236,1.517426,0.441510,0.562723,5.67753
extract_tpa_g085,2.23651,0.482305,5.094920,4.369761,7.076290,0.442855,0.563654,5.66178
extract_tpa_g085,2.24101,0.484286,4.987535,4.459864,7.009250,0.443774,0.564088,5.64184
extract_tpa_g085,2.24552,0.486273,4.960382,4.480970,1.777612,0.443241,0.562833,5.60772
extract_tpa_g085,2.25001,0.488252,5.083438,4.432262,6.467000,0.442723,0.561610,5.57441
extract_tpa_g085,2.25452,0.490242,5.209634,4.330027,8.412200,0.444475,0.565185,5.66181
extract_tpa_g085,2.25901,0.492224,5.246633,4.220747,2.212122,0.446221,0.568743,5.74879
extract_tpa_g085,2.26350,0.494208,5.295350,4.192614,6.916680,0.447827,0.570905,5.77211
extract_tpa_g085,2.26802,0.496207,5.328084,4.267934,6.109840,0.449405,0.572690,5.77779
extract_tpa_g085,2.27250,0.498189,5.339496,4.402213,3.880500,0.451086,0.574278,5.77330
extract_tpa_g085,2.27702,0.500190,5.314680,4.522793,8.377920,0.452874,0.575737,5.76079
extract_tpa_g085,2.28151,0.502179,5.188690,4.554831,5.230170,0.454921,0.578143,5.77586
extract_tpa_g085,2.28602,0.504178,5.112301,4.512900,3.224404,0.457509,0.582433,5.84482
extract_tpa_g085,2.29051,0.506170,5.209095,4.461498,6.564070,0.459750,0.586108,5.90356
extract_tpa_g085,2.29500,0.508163,5.415658,4.422740,3.862019,0.459432,0.585254,5.88697
extract_tpa_g085,2.29951,0.510166,5.643872,4.407069,6.873580,0.459112,0.584396,5.87031
extract_tpa_g085,2.30400,0.512161,5.716354,4.402669,9.082740,0.461260,0.587359,5.90625
extract_tpa_g085,2.30852,0.514170,5.573518,4.401502,3.902901,0.463717,0.590799,5.94874
extract_tpa_g085,2.31301,0.516168,5.392673,4.452099,4.785010,0.465910,0.593280,5.96292
extract_tpa_g085,2.31752,0.518175,5.288136,4.558246,4.797300,0.467992,0.595314,5.96347
extract_tpa_g085,2.32201,0.520175,5.287619,4.664292,2.916842,0.469600,0.597045,5.96828
extract_tpa_g085,2.32652,0.522184,5.361603,4.717195,7.401350,0.470647,0.598422,5.97833
extract_tpa_g085,2.33101,0.524186,5.399375,4.666220,6.310190,0.471938,0.600395,6.00613
extract_tpa_g085,2.33550,0.526188,5.421393,4.550342,2.841288,0.474071,0.604416,6.09446
extract_tpa_g085,2.34001,0.528201,5.523461,4.470990,5.730450,0.476206,0.608433,6.18259
extract_tpa_g085,2.34450,0.530205,5.663796,4.463460,5.540540,0.476373,0.607687,6.14885
extract_tpa_g085,2.34902,0.532224,5.755360,4.523679,5.127640,0.476542,0.606937,6.11488
extract_tpa_g085,2.35351,0.534230,5.710065,4.608477,8.541520,0.478900,0.609403,6.12356
extract_tpa_g085,2.35802,0.536246,5.500028,4.664095,5.056200,0.481874,0.612768,6.14399
extract_tpa_g085,2.36251,0.538254,5.305102,4.713124,2.351921,0.484112,0.615371,6.16181
extract_tpa_g085,2.36702,0.540272,5.286835,4.766966,5.345030,0.485792,0.617401,6.17774
extract_tpa_g085,2.37151,0.542281,5.412325,4.793631,4.771030,0.487103,0.619189,6.19881
extract_tpa_g085,2.37602,0.544300,5.596620,4.774989,7.115980,0.487709,0.620529,6.23022
extract_tpa_g085,2.38051,0.546311,5.706970,4.694124,7.908130,0.488513,0.622168,6.26604
extract_tpa_g085,2.38500,0.548323,5.700284,4.599188,3.260820,0.490841,0.626129,6.33645
extract_tpa_g085,2.38951,0.550344,5.706830,4.580949,5.174720,0.493179,0.630108,6.40716
extract_tpa_g085,2.39400,0.552357,5.737540,4.653081,7.126180,0.494114,0.630050,6.36544
extract_tpa_g085,2.39852,0.554384,5.721258,4.772361,4.324390,0.494889,0.629511,6.31001
extract_tpa_g085,2.40300,0.556394,5.637491,4.868743,9.252370,0.497019,0.631615,6.31547
extract_tpa_g085,2.40752,0.558422,5.489924,4.892092,3.695550,0.499835,0.635033,6.35065
extract_tpa_g085,2.41201,0.560437,5.463209,4.878532,2.220351,0.501654,0.637379,6.37868
extract_tpa_g085,2.41652,0.562462,5.631265,4.852339,7.946440,0.502281,0.638452,6.39837
extract_tpa_g085,2.42101,0.564478,5.846957,4.808048,4.675730,0.503169,0.639990,6.42660
extract_tpa_g085,2.42552,0.566504,5.999344,4.756368,9.201080,0.504958,0.643131,6.48423
extract_tpa_g085,2.43001,0.568521,6.007647,4.710182,4.196570,0.506739,0.646251,6.54130
extract_tpa_g085,2.43452,0.570547,5.987100,4.727782,5.196960,0.508579,0.648288,6.54874
extract_tpa_g085,2.43901,0.572565,5.993668,4.815567,6.173800,0.510412,0.650316,6.55614
extract_tpa_g085,2.44352,0.574593,5.990805,4.918441,5.356680,0.512449,0.652550,6.56258
extract_tpa_g085,2.44801,0.576611,5.946930,4.983211,9.483460,0.514530,0.654827,6.56872
extract_tpa_g085,2.45252,0.578639,5.890467,4.980263,1.583566,0.516411,0.657281,6.59492
extract_tpa_g085,2.45701,0.580658,5.982785,4.948098,7.330650,0.518121,0.659855,6.63647
extract_tpa_g085,2.46150,0.582678,6.184404,4.906988,4.383664,0.519590,0.662167,6.67521
extract_tpa_g085,2.46601,0.584706,6.403930,4.859870,10.172460,0.520593,0.663979,6.70860
extract_tpa_g085,2.47050,0.586726,6.486127,4.812109,6.976310,0.521751,0.665914,6.74137
extract_tpa_g085,2.47501,0.588755,6.466330,4.801858,3.651630,0.524126,0.668857,6.77061
extract_tpa_g085,2.47952,0.590784,6.464157,4.859390,8.136680,0.526500,0.671800,6.79985
extract_tpa_g085,2.48401,0.592805,6.474698,4.963576,4.536990,0.528131,0.673270,6.79184
extract_tpa_g085,2.48852,0.594834,6.475677,5.052879,10.274310,0.529681,0.674571,6.77935
extract_tpa_g085,2.49301,0.596855,6.400741,5.073539,4.038540,0.531749,0.677324,6.81232
extract_tpa_g085,2.49752,0.598884,6.374613,5.051929,6.668410,0.534084,0.680805,6.86774
extract_tpa_g085,2.50201,0.600904,6.438745,5.015418,4.888870,0.535661,0.683283,6.90944
extract_tpa_g085,2.50652,0.602934,6.536735,4.993951,7.754360,0.536325,0.684554,6.93475
extract_tpa_g085,2.51101,0.604954,6.514553,4.986636,9.194520,0.537433,0.686267,6.96197
extract_tpa_g085,2.51552,0.606984,6.320658,5.003860,4.208820,0.540072,0.689512,6.99622
extract_tpa_g085,2.52001,0.609004,6.097057,5.090953,8.194310,0.542675,0.692698,7.02950
extract_tpa_g085,2.52452,0.611033,5.964488,5.230845,0.757360,0.540924,0.688390,6.92111
extract_tpa_g085,2.52901,0.613053,5.980128,5.359619,10.079930,0.539180,0.684100,6.81314
extract_tpa_g085,2.53352,0.615082,5.870738,5.356455,10.245850,0.541737,0.687982,6.87939
extract_tpa_g085,2.53801,0.617102,5.649727,5.224904,0.088266,0.545461,0.694087,6.99307
extract_tpa_g085,2.54252,0.619130,5.646890,5.107003,7.583750,0.546607,0.695913,7.02362
extract_tpa_g085,2.54701,0.621150,5.851297,5.086620,3.465430,0.545747,0.694408,6.98952
extract_tpa_g085,2.55152,0.623177,6.163122,5.146537,5.775430,0.545854,0.694347,6.97659
extract_tpa_g085,2.55601,0.625196,6.295267,5.191269,15.573990,0.547863,0.697125,7.00545
extract_tpa_g085,2.56052,0.627223,6.055877,5.176791,2.571152,0.550032,0.700113,7.03675
extract_tpa_g085,2.56501,0.629241,5.810045,5.186367,4.000521,0.553338,0.704584,7.08550
extract_tpa_g085,2.56952,0.631268,5.782794,5.280671,6.500070,0.556659,0.709075,7.13445
extract_tpa_g085,2.57401,0.633285,5.938246,5.404897,2.222971,0.556419,0.707742,7.10091
extract_tpa_g085,2.57852,0.635311,6.139668,5.439868,13.147740,0.555758,0.705717,7.05746
extract_tpa_g085,2.58301,0.637327,6.113852,5.325109,8.207560,0.557954,0.709571,7.13158
extract_tpa_g085,2.58752,0.639352,6.026554,5.163711,0.416615,0.561558,0.716314,7.26340
extract_tpa_g085,2.59200,0.641363,6.163109,5.109289,8.024590,0.562861,0.718447,7.29551
extract_tpa_g085,2.59652,0.643391,6.415271,5.187998,4.742920,0.561364,0.714962,7.20588
extract_tpa_g085,2.60100,0.645401,6.621935,5.302366,8.837020,0.561112,0.713568,7.15497
extract_tpa_g085,2.60551,0.647423,6.554362,5.348283,12.734860,0.565064,0.719206,7.23338
extract_tpa_g085,2.61000,0.649436,6.240482,5.335234,0.023176,0.568983,0.724793,7.31089
extract_tpa_g085,2.61451,0.651457,6.080284,5.366345,4.443370,0.570009,0.725420,7.28772
extract_tpa_g085,2.61902,0.653478,6.162569,5.464442,6.472840,0.571034,0.726046,7.26454
extract_tpa_g085,2.62351,0.655489,6.339299,5.529967,4.154790,0.571838,0.727302,7.28855
extract_tpa_g085,2.62802,0.657508,6.434795,5.470780,12.990220,0.572584,0.728741,7.32581
extract_tpa_g085,2.63251,0.659518,6.312541,5.314453,4.149390,0.574481,0.731933,7.39006
extract_tpa_g085,2.63702,0.661536,6.256420,5.211582,1.086932,0.577293,0.736525,7.47595
extract_tpa_g085,2.64151,0.663544,6.434247,5.267474,8.315530,0.578846,0.738566,7.49966
extract_tpa_g085,2.64602,0.665560,6.630495,5.413856,4.907580,0.577967,0.735664,7.40260
extract_tpa_g085,2.65051,0.667566,6.695219,5.515857,9.439680,0.577728,0.733892,7.32989
extract_tpa_g085,2.65502,0.669580,6.531099,5.516864,8.426490,0.582276,0.740529,7.43732
extract_tpa_g085,2.65950,0.671580,6.326417,5.489673,3.394897,0.586793,0.747122,7.54399
extract_tpa_g085,2.66402,0.673597,6.371805,5.526825,5.729200,0.586206,0.745574,7.49436
extract_tpa_g085,2.66850,0.675596,6.558948,5.591083,7.253890,0.585023,0.743083,7.42679
extract_tpa_g085,2.67301,0.677606,6.687295,5.579679,7.458340,0.586641,0.745774,7.47229
extract_tpa_g085,2.67750,0.679607,6.650252,5.466423,10.488620,0.589642,0.751027,7.57377
extract_tpa_g085,2.68201,0.681616,6.523576,5.360700,1.858943,0.591606,0.754061,7.62787
extract_tpa_g085,2.68652,0.683623,6.586684,5.387794,5.558760,0.592271,0.754321,7.62288
extract_tpa_g085,2.69101,0.685621,6.723429,5.511609,10.462370,0.593330,0.755224,7.62445
extract_tpa_g085,2.69552,0.687626,6.688475,5.615810,6.689770,0.595739,0.758318,7.64832
extract_tpa_g085,2.70001,0.689621,6.477400,5.627826,10.087860,0.598133,0.761394,7.67213
extract_tpa_g085,2.70452,0.691624,6.256756,5.613510,1.363112,0.599771,0.763820,7.70374
extract_tpa_g085,2.70901,0.693617,6.299652,5.660595,5.126150,0.601402,0.766235,7.73521
extract_tpa_g085,2.71352,0.695618,6.473727,5.702523,9.778490,0.602349,0.767763,7.75598
extract_tpa_g085,2.71801,0.697608,6.513318,5.674202,8.512140,0.603102,0.769039,7.77370
extract_tpa_g085,2.72252,0.699606,6.414181,5.561333,7.108320,0.604593,0.771374,7.81493
extract_tpa_g085,2.72701,0.701594,6.373722,5.483573,1.521585,0.606653,0.774528,7.87437
extract_tpa_g085,2.73151,0.703585,6.531315,5.532397,7.381960,0.608256,0.776579,7.89999
extract_tpa_g085,2.73600,0.705571,6.704944,5.616295,9.723910,0.608945,0.776444,7.85883
extract_tpa_g085,2.74051,0.707564,6.683273,5.672374,11.679260,0.609918,0.776766,7.82693
extract_tpa_g085,2.74502,0.709555,6.513001,5.668147,2.021177,0.613042,0.780610,7.86774
extract_tpa_g085,2.74951,0.711536,6.505708,5.678860,6.292110,0.616153,0.784436,7.90837
extract_tpa_g085,2.75402,0.713525,6.693515,5.730840,6.766560,0.616364,0.784481,7.89866
extract_tpa_g085,2.75851,0.715503,6.922968,5.739486,9.456760,0.616234,0.784082,7.88308
extract_tpa_g085,2.76302,0.717489,7.008632,5.672301,12.591550,0.617950,0.786899,7.93446
extract_tpa_g085,2.76750,0.719459,6.980380,5.575159,0.409798,0.620538,0.791238,8.01755
extract_tpa_g085,2.77201,0.721442,7.084490,5.544724,9.508250,0.621938,0.793495,8.05388
extract_tpa_g085,2.77652,0.723423,7.201265,5.589046,6.603640,0.621844,0.793139,8.03165
extract_tpa_g085,2.78101,0.725393,7.197629,5.642188,11.117330,0.622484,0.793765,8.02560
extract_tpa_g085,2.78552,0.727371,7.005720,5.653106,8.676790,0.625622,0.797733,8.07428
extract_tpa_g085,2.79000,0.729334,6.849713,5.685640,0.240781,0.628720,0.801642,8.12206
extract_tpa_g085,2.79451,0.731308,7.066483,5.777386,6.432240,0.627304,0.798533,8.04536
extract_tpa_g085,2.79900,0.733272,7.557780,5.882448,9.221460,0.625894,0.795438,7.96897
extract_tpa_g085,2.80351,0.735243,8.092580,5.944716,8.320250,0.626508,0.795746,7.96837
extract_tpa_g085,2.80802,0.737213,8.611802,5.994875,7.973630,0.627697,0.797024,7.98937
extract_tpa_g085,2.81251,0.739171,9.148365,6.194712,10.013200,0.625215,0.791436,7.86507
extract_tpa_g085,2.81702,0.741137,9.615984,6.563868,8.276440,0.619843,0.780437,7.62599
extract_tpa_g085,2.82151,0.743092,9.827256,6.857215,14.118640,0.618131,0.775804,7.49248
extract_tpa_g085,2.82600,0.745045,9.637685,6.936885,13.490870,0.623535,0.783535,7.56389
extract_tpa_g085,2.83052,0.747010,9.012904,6.813221,0.891860,0.627610,0.789659,7.62834
extract_tpa_g085,2.83501,0.748959,8.043059,6.526175,13.511290,0.621378,0.783259,7.63651
extract_tpa_g085,2.83952,0.750916,6.895754,6.166922,7.263020,0.615119,0.776831,7.64472
extract_tpa_g085,2.84401,0.752861,5.828434,5.958355,5.257670,0.619719,0.785151,7.79787
extract_tpa_g085,2.84852,0.754814,4.967372,6.065763,4.948150,0.625629,0.795260,7.96883
extract_tpa_g085,2.85301,0.756756,4.342568,6.385157,5.061788,0.623534,0.789387,7.80588
extract_tpa_g085,2.85750,0.758695,3.910896,6.730914,3.888170,0.617542,0.775724,7.47973
extract_tpa_g085,2.86202,0.760646,3.569220,6.874501,6.537540,0.617093,0.773195,7.39586
extract_tpa_g085,2.86651,0.762582,3.275505,6.687741,2.610725,0.623501,0.784462,7.61293
extract_tpa_g085,2.87102,0.764524,3.043616,6.382127,2.926680,0.626959,0.791248,7.76665
extract_tpa_g085,2.87551,0.766455,2.844168,6.144476,5.558880,0.620555,0.783033,7.70782
extract_tpa_g085,2.88002,0.768393,2.654208,6.048217,3.391558,0.614179,0.774854,7.64928
extract_tpa_g085,2.88451,0.770320,2.547036,6.169346,0.298655,0.620497,0.783159,7.72079
extract_tpa_g085,2.88900,0.772245,2.683711,6.429066,1.316572,0.626814,0.791464,7.79228
extract_tpa_g085,2.89351,0.774176,3.119856,6.700660,2.265291,0.623286,0.784697,7.64182
extract_tpa_g085,2.89800,0.776097,3.752359,6.839036,2.556612,0.616977,0.773682,7.42892
extract_tpa_g085,2.90252,0.778028,4.361857,6.690849,8.867620,0.617168,0.775541,7.49404
extract_tpa_g085,2.90701,0.779944,4.682472,6.345266,0.635689,0.622405,0.787376,7.77417
extract_tpa_g085,2.91152,0.781866,4.640977,6.056666,8.148060,0.624404,0.792769,7.92098
extract_tpa_g085,2.91601,0.783777,4.274859,6.018434,4.637300,0.620137,0.785675,7.80950
extract_tpa_g085,2.92050,0.785686,3.713409,6.222183,0.920666,0.616764,0.779681,7.70559
extract_tpa_g085,2.92502,0.787606,3.168505,6.469162,0.051073,0.620194,0.782053,7.65919
extract_tpa_g085,2.92951,0.789510,2.756838,6.634186,3.302810,0.623602,0.784410,7.61309
extract_tpa_g085,2.93402,0.791420,2.442625,6.652266,5.480425,0.622081,0.782236,7.58172
extract_tpa_g085,2.93851,0.793319,2.182961,6.521735,0.752893,0.619991,0.779544,7.55223
extract_tpa_g085,2.94302,0.795225,1.952644,6.348868,3.883670,0.619399,0.780121,7.60296
extract_tpa_g085,2.94751,0.797119,1.745760,6.184293,0.492713,0.619534,0.782276,7.69215
extract_tpa_g085,2.95200,0.799011,1.622033,6.136771,0.379751,0.620406,0.784139,7.73757
extract_tpa_g085,2.95651,0.800909,1.633046,6.280801,1.595684,0.622187,0.785652,7.72936
extract_tpa_g085,2.96100,0.802795,1.800655,6.504110,0.114715,0.622716,0.785497,7.69883
extract_tpa_g085,2.96552,0.804692,2.107387,6.672484,0.463423,0.618998,0.779667,7.59165
extract_tpa_g085,2.97001,0.806574,2.500467,6.645010,1.483245,0.615356,0.773970,7.48710
extract_tpa_g085,2.97452,0.808461,2.901483,6.426447,1.158608,0.620312,0.783781,7.70529
extract_tpa_g085,2.97901,0.810337,3.232515,6.229457,4.646120,0.625245,0.793548,7.92230
extract_tpa_g085,2.98352,0.812219,3.404883,6.173447,1.966968,0.621863,0.787903,7.83457
extract_tpa_g085,2.98801,0.814090,3.357941,6.257493,6.650630,0.616216,0.778057,7.66355
extract_tpa_g085,2.99250,0.815958,3.141196,6.393638,0.016827,0.617084,0.778077,7.62552
extract_tpa_g085,2.99702,0.817836,2.962086,6.486499,3.880100,0.623101,0.785883,7.69225
extract_tpa_g085,3.00150,0.819694,2.880672,6.541726,0.606103,0.625243,0.788186,7.69648
extract_tpa_g085,3.00602,0.821566,2.841266,6.528634,2.287595,0.619867,0.779794,7.57865
extract_tpa_g085,3.01051,0.823423,2.725544,6.426098,7.871270,0.615622,0.773384,7.49569
extract_tpa_g085,3.01502,0.825285,2.443455,6.274870,3.332253,0.619643,0.781515,7.67071
extract_tpa_g085,3.01951,0.827137,2.111369,6.146052,0.218678,0.623645,0.789610,7.84481
extract_tpa_g085,3.02402,0.828993,1.890686,6.180232,1.090334,0.621918,0.786293,7.76220
extract_tpa_g085,3.02851,0.830839,1.825791,6.366458,0.530308,0.619527,0.781651,7.64979
extract_tpa_g085,3.03300,0.832681,1.855702,6.539968,5.519700,0.619020,0.780323,7.61871
extract_tpa_g085,3.03752,0.834533,1.875336,6.591967,2.473581,0.619435,0.780611,7.62736
extract_tpa_g085,3.04201,0.836369,1.940295,6.479320,0.024512,0.620335,0.782515,7.67540
extract_tpa_g085,3.04652,0.838211,2.150146,6.314920,0.453935,0.621835,0.786405,7.77192
extract_tpa_g085,3.05101,0.840041,2.476393,6.240083,1.233304,0.622288,0.788073,7.82156
extract_tpa_g085,3.05552,0.841877,2.773772,6.243395,7.488480,0.619211,0.782263,7.71385
extract_tpa_g085,3.06001,0.843701,2.848871,6.296994,3.933240,0.616188,0.776540,7.60742
extract_tpa_g085,3.06452,0.845531,2.730522,6.372133,2.320740,0.620806,0.782829,7.66662
extract_tpa_g085,3.06901,0.847349,2.602863,6.457805,3.648040,0.625404,0.789090,7.72553
extract_tpa_g085,3.07350,0.849164,2.580243,6.542284,0.032097,0.622160,0.783678,7.64172
extract_tpa_g085,3.07802,0.850988,2.652046,6.525739,3.291600,0.616703,0.774966,7.51740
extract_tpa_g085,3.08251,0.852797,2.667796,6.395517,6.464850,0.617322,0.777035,7.57701
extract_tpa_g085,3.08702,0.854610,2.554342,6.249390,2.558231,0.622677,0.787518,7.78027
extract_tpa_g085,3.09151,0.856412,2.395776,6.199933,0.382206,0.624558,0.791451,7.86063
extract_tpa_g085,3.09602,0.858219,2.274286,6.312082,1.911260,0.619701,0.782678,7.70292
extract_tpa_g085,3.10051,0.860015,2.211695,6.467233,1.427843,0.615869,0.775683,7.57426
extract_tpa_g085,3.10500,0.861807,2.172007,6.533123,5.008790,0.619630,0.781840,7.66080
extract_tpa_g085,3.10951,0.863604,2.116460,6.501813,2.288786,0.623408,0.788025,7.74769
extract_tpa_g085,3.11400,0.865390,2.103286,6.406715,1.767678,0.621851,0.785679,7.72880
extract_tpa_g085,3.11852,0.867185,2.185128,6.335791,1.277499,0.619645,0.782296,7.69714
extract_tpa_g085,3.12301,0.868964,2.347971,6.301190,1.577454,0.619326,0.781846,7.69646
extract_tpa_g085,3.12752,0.870747,2.489604,6.264039,3.957680,0.619919,0.782815,7.71080
extract_tpa_g085,3.13201,0.872519,2.526983,6.276277,1.785102,0.620785,0.783635,7.70752
extract_tpa_g085,3.13652,0.874296,2.516095,6.355511,1.542638,0.621994,0.784284,7.68269
extract_tpa_g085,3.14101,0.876061,2.522140,6.465757,2.569344,0.622286,0.783856,7.65201
extract_tpa_g085,3.14552,0.877831,2.580349,6.525976,0.563778,0.619477,0.779772,7.60091
extract_tpa_g085,3.15001,0.879589,2.694231,6.447539,3.666040,0.616711,0.775760,7.55093
extract_tpa_g085,3.15450,0.881344,2.769082,6.302014,0.417875,0.620576,0.783599,7.69788
extract_tpa_g085,3.15902,0.883107,2.766594,6.216630,5.922700,0.624467,0.791491,7.84571
extract_tpa_g085,3.16350,0.884851,2.671429,6.251106,3.496815,0.621509,0.786618,7.76625
extract_tpa_g085,3.16802,0.886606,2.474976,6.370189,2.540269,0.616630,0.778173,7.62321
extract_tpa_g085,3.17251,0.888347,2.238408,6.448943,0.066149,0.617400,0.778800,7.62424
extract_tpa_g085,3.17702,0.890092,2.070587,6.462075,1.131223,0.622582,0.786503,7.73758
extract_tpa_g085,3.18151,0.891825,2.018869,6.450671,2.965153,0.624412,0.789061,7.77308
extract_tpa_g085,3.18602,0.893562,2.074215,6.414087,1.665658,0.619708,0.781586,7.65686
extract_tpa_g085,3.19051,0.895288,2.179927,6.368016,2.879847,0.616020,0.775754,7.56812
extract_tpa_g085,3.19500,0.897010,2.285532,6.298678,1.205638,0.619943,0.782235,7.68610
extract_tpa_g085,3.19952,0.898740,2.401859,6.244875,1.817083,0.623892,0.788759,7.80481
extract_tpa_g085,3.20400,0.900451,2.535223,6.297404,3.463072,0.622019,0.784994,7.71774
extract_tpa_g085,3.20852,0.902173,2.665737,6.415846,1.809913,0.619443,0.779983,7.60558
extract_tpa_g085,3.21301,0.903880,2.744846,6.498366,5.095550,0.619837,0.780827,7.61846
extract_tpa_g085,3.21752,0.905591,2.784002,6.463239,2.234469,0.621674,0.784516,7.69208
extract_tpa_g085,3.22201,0.907290,2.924671,6.326934,1.740888,0.622183,0.786193,7.73939
extract_tpa_g085,3.22652,0.908993,3.237233,6.239777,2.777718,0.621069,0.785420,7.75496
extract_tpa_g085,3.23101,0.910685,3.625864,6.244648,2.767053,0.620564,0.785344,7.77128
extract_tpa_g085,3.23550,0.912373,3.871914,6.275428,10.235980,0.622111,0.787624,7.79043
extract_tpa_g085,3.24001,0.914064,3.830575,6.300746,0.197699,0.623653,0.789890,7.80930
extract_tpa_g085,3.24450,0.915744,3.661468,6.330565,3.454781,0.622455,0.786896,7.74642
extract_tpa_g085,3.24902,0.917431,3.503974,6.405135,3.665890,0.621249,0.783883,7.68309
extract_tpa_g085,3.25351,0.919104,3.389027,6.436168,6.580270,0.623079,0.786572,7.72136
extract_tpa_g085,3.25802,0.920779,3.319613,6.339932,3.632800,0.625756,0.790846,7.78778
extract_tpa_g085,3.26251,0.922443,3.438192,6.201720,0.718887,0.625460,0.790871,7.80504
extract_tpa_g085,3.26702,0.924111,3.829553,6.086280,2.529295,0.622835,0.787572,7.78398
extract_tpa_g085,3.27151,0.925767,4.334148,6.034385,9.112770,0.622127,0.786993,7.79736
extract_tpa_g085,3.27602,0.927426,4.737698,6.049419,5.760380,0.625153,0.791713,7.87812
extract_tpa_g085,3.28051,0.929074,5.102848,6.149891,3.022753,0.627222,0.794704,7.92431
extract_tpa_g085,3.28502,0.930725,5.511515,6.393899,3.967633,0.622145,0.784750,7.71120
extract_tpa_g085,3.28951,0.932364,5.870831,6.639667,9.228880,0.617090,0.774841,7.49882
extract_tpa_g085,3.29400,0.934000,5.989884,6.695026,3.948284,0.620707,0.780953,7.59207
extract_tpa_g085,3.29852,0.935642,5.805420,6.589584,10.430190,0.625383,0.789018,7.72236
extract_tpa_g085,3.30301,0.937269,5.344423,6.423037,4.152110,0.623661,0.787567,7.73987
extract_tpa_g085,3.30752,0.938900,4.743357,6.276148,3.704950,0.618823,0.781489,7.70283
extract_tpa_g085,3.31201,0.940518,4.204897,6.207880,4.569716,0.618370,0.781255,7.71183
extract_tpa_g085,3.31652,0.942140,3.898828,6.261170,3.510080,0.623273,0.788163,7.77721
extract_tpa_g085,3.32101,0.943750,3.822762,6.430148,3.045909,0.625939,0.791298,7.78774
extract_tpa_g085,3.32550,0.945356,3.893856,6.597897,2.517749,0.621083,0.781727,7.61292
extract_tpa_g085,3.33002,0.946969,3.956099,6.654211,6.698030,0.616250,0.772201,7.43881
extract_tpa_g085,3.33451,0.948566,3.837263,6.557837,3.763712,0.620996,0.781103,7.61078
extract_tpa_g085,3.33902,0.950167,3.541058,6.391001,4.653302,0.625763,0.790045,7.78338
extract_tpa_g085,3.34351,0.951755,3.164500,6.300920,2.868991,0.623004,0.786564,7.74665
extract_tpa_g085,3.34802,0.953347,2.823888,6.298161,0.527970,0.618144,0.779621,7.65170
extract_tpa_g085,3.35251,0.954927,2.577329,6.343721,2.188940,0.618630,0.780352,7.65150
extract_tpa_g085,3.35700,0.956503,2.417810,6.434244,2.874516,0.623293,0.787081,7.72531
extract_tpa_g085,3.36152,0.958085,2.342230,6.518097,2.594410,0.624720,0.788964,7.73929
extract_tpa_g085,3.36601,0.959652,2.327581,6.551422,1.833188,0.619766,0.781303,7.63557
extract_tpa_g085,3.37052,0.961221,2.338136,6.484344,1.017023,0.615961,0.775572,7.56264
extract_tpa_g085,3.37501,0.962779,2.363150,6.330220,1.015827,0.621070,0.784810,7.72790
extract_tpa_g085,3.37952,0.964339,2.418477,6.237176,3.367653,0.626202,0.794090,7.89377
extract_tpa_g085,3.38401,0.965888,2.459975,6.264997,0.097719,0.622036,0.786475,7.76026
extract_tpa_g085,3.38850,0.967433,2.409897,6.362477,4.405240,0.616764,0.776853,7.59104
extract_tpa_g085,3.39302,0.968983,2.249432,6.447220,0.554895,0.618663,0.779024,7.60092
extract_tpa_g085,3.39751,0.970519,2.129759,6.465941,0.101820,0.624103,0.787027,7.69963
extract_tpa_g085,3.40202,0.972057,2.156374,6.454855,0.622630,0.624623,0.787788,7.71268
extract_tpa_g085,3.40651,0.973583,2.315391,6.425325,0.889775,0.619208,0.779810,7.62236
extract_tpa_g085,3.41102,0.975112,2.467836,6.349619,6.267690,0.616197,0.775751,7.58887
extract_tpa_g085,3.41551,0.976629,2.469944,6.267305,1.143699,0.621229,0.784790,7.74486
extract_tpa_g085,3.42000,0.978141,2.379951,6.250925,1.425917,0.626210,0.793737,7.89905
extract_tpa_g085,3.42452,0.979660,2.301826,6.342809,3.286350,0.621416,0.785137,7.73188
extract_tpa_g085,3.42900,0.981160,2.285168,6.476857,2.416961,0.616664,0.776613,7.56606
extract_tpa_g085,3.43352,0.982668,2.319564,6.521354,4.654150,0.618766,0.780041,7.62196
extract_tpa_g085,3.43801,0.984162,2.351210,6.458101,2.831154,0.622742,0.786738,7.73857
extract_tpa_g085,3.44252,0.985658,2.381933,6.355435,1.048045,0.622845,0.787208,7.75782
extract_tpa_g085,3.44701,0.987143,2.436558,6.296606,3.141380,0.619942,0.782844,7.70144
extract_tpa_g085,3.45150,0.988623,2.503313,6.311222,4.095650,0.618636,0.780760,7.67035
extract_tpa_g085,3.45601,0.990104,2.526621,6.329249,5.345590,0.620451,0.783139,7.68870
extract_tpa_g085,3.46050,0.991575,2.492525,6.347657,1.785215,0.622000,0.785076,7.70112
extract_tpa_g085,3.46502,0.993050,2.449416,6.403453,0.534227,0.621568,0.783709,7.66855
extract_tpa_g085,3.46950,0.994508,2.427230,6.462730,4.456670,0.621139,0.782354,7.63628
extract_tpa_g085,3.47402,0.995974,2.419626,6.478037,2.872230,0.619938,0.781199,7.63756
extract_tpa_g085,3.47851,0.997425,2.444712,6.403505,3.170360,0.618655,0.780077,7.64283
extract_tpa_g085,3.48302,0.998878,2.500817,6.284111,3.914910,0.620050,0.783057,7.70721
extract_tpa_g085,3.48751,1.000319,2.557105,6.242015,2.977432,0.622731,0.788005,7.79976
extract_tpa_g085,3.49202,1.001763,2.575786,6.308096,2.300026,0.622393,0.787462,7.78736
extract_tpa_g085,3.49651,1.003194,2.496811,6.420197,5.276320,0.618409,0.780284,7.64813
extract_tpa_g085,3.50100,1.004621,2.315632,6.473783,0.407855,0.616422,0.776503,7.56913
extract_tpa_g085,3.50552,1.006053,2.157547,6.435979,1.687965,0.621277,0.784357,7.69659
extract_tpa_g085,3.51001,1.007470,2.097589,6.383969,1.161482,0.626038,0.792059,7.82158
extract_tpa_g085,3.51452,1.008889,2.122696,6.352745,0.757515,0.621021,0.784108,7.70219
extract_tpa_g085,3.51901,1.010296,2.149570,6.336539,3.679120,0.616027,0.776192,7.58325
extract_tpa_g085,3.52352,1.011705,2.084160,6.319904,1.051488,0.618665,0.780211,7.64431
extract_tpa_g085,3.52801,1.013102,1.998473,6.300248,0.354482,0.623387,0.787487,7.75446
extract_tpa_g085,3.53250,1.014495,1.982944,6.343525,1.916464,0.623298,0.787038,7.73644
extract_tpa_g085,3.53701,1.015888,2.031148,6.439594,0.923178,0.619422,0.780507,7.61744
extract_tpa_g085,3.54150,1.017271,2.059296,6.490925,3.348610,0.617694,0.777753,7.57333
extract_tpa_g085,3.54602,1.018658,1.976694,6.452176,0.799284,0.620154,0.782368,7.67549
extract_tpa_g085,3.55051,1.020030,1.879083,6.344458,0.916227,0.622209,0.786309,7.76429
extract_tpa_g085,3.55502,1.021404,1.876491,6.272537,0.403889,0.621325,0.785395,7.75769
extract_tpa_g085,3.55951,1.022766,1.981729,6.300371,3.304328,0.620446,0.784486,7.75112
extract_tpa_g085,3.56402,1.024130,2.104076,6.367601,3.097380,0.619635,0.782644,7.70486
extract_tpa_g085,3.56851,1.025482,2.107411,6.411917,1.868395,0.618836,0.780703,7.65418
extract_tpa_g085,3.57300,1.026829,2.023630,6.405792,2.317990,0.620171,0.782545,7.67280
extract_tpa_g085,3.57752,1.028180,1.983237,6.386181,0.377616,0.622567,0.786265,7.72571
extract_tpa_g085,3.58200,1.029514,2.043774,6.395345,1.313247,0.622298,0.785634,7.71838
extract_tpa_g085,3.58652,1.030855,2.148153,6.383922,2.412755,0.618763,0.779670,7.63721
extract_tpa_g085,3.59101,1.032182,2.169004,6.335229,2.413553,0.617052,0.776810,7.60068
extract_tpa_g085,3.59552,1.033509,2.089321,6.292175,1.753181,0.621460,0.784365,7.71407
extract_tpa_g085,3.60001,1.034826,2.024452,6.304863,0.783245,0.625797,0.791796,7.82543
extract_tpa_g085,3.60452,1.036143,2.045834,6.396085,0.065903,0.621037,0.783466,7.67682
extract_tpa_g085,3.60901,1.037449,2.143330,6.473759,1.638792,0.616299,0.775173,7.52876
extract_tpa_g085,3.61350,1.038750,2.207922,6.457548,4.575320,0.618706,0.779781,7.61719
extract_tpa_g085,3.61802,1.040054,2.175802,6.378638,1.134701,0.623127,0.788026,7.77222
extract_tpa_g085,3.62251,1.041345,2.120319,6.307098,0.418066,0.622966,0.788195,7.79120
extract_tpa_g085,3.62702,1.042636,2.092300,6.311191,2.508353,0.619235,0.782080,7.70453
extract_tpa_g085,3.63151,1.043916,2.091323,6.357553,2.341388,0.617660,0.779348,7.66113
extract_tpa_g085,3.63602,1.045196,2.068296,6.375074,4.974330,0.620267,0.783177,7.70165
extract_tpa_g085,3.64051,1.046466,2.001615,6.378755,0.473875,0.622433,0.786281,7.73171
extract_tpa_g085,3.64500,1.047730,1.968055,6.390084,0.449072,0.621306,0.783983,7.68341
extract_tpa_g085,3.64951,1.048995,2.006293,6.416269,2.849689,0.620174,0.781675,7.63488
extract_tpa_g085,3.65400,1.050249,2.098516,6.422803,2.206652,0.619682,0.781111,7.63966
extract_tpa_g085,3.65852,1.051506,2.193734,6.360047,5.232950,0.619262,0.780751,7.65085
extract_tpa_g085,3.66301,1.052749,2.236028,6.287377,1.474206,0.620459,0.782906,7.68972
extract_tpa_g085,3.66752,1.053992,2.250899,6.281899,1.049893,0.622450,0.786300,7.74233
extract_tpa_g085,3.67201,1.055225,2.265955,6.353358,4.443830,0.622047,0.785672,7.72406
extract_tpa_g085,3.67650,1.056452,2.264339,6.443626,3.173580,0.618725,0.780140,7.61931
extract_tpa_g085,3.68102,1.057683,2.254097,6.454631,3.589510,0.617085,0.777477,7.56910
extract_tpa_g085,3.68551,1.058899,2.254017,6.397481,2.850517,0.621215,0.784647,7.70603
extract_tpa_g085,3.69002,1.060116,2.267821,6.348192,1.413819,0.625312,0.791763,7.84200
extract_tpa_g085,3.69451,1.061322,2.278565,6.335014,3.247604,0.620745,0.784409,7.72948
extract_tpa_g085,3.69902,1.062528,2.232755,6.351306,4.418840,0.616158,0.777021,7.61640
extract_tpa_g085,3.70351,1.063723,2.128824,6.348970,2.760900,0.618738,0.780736,7.66626
extract_tpa_g085,3.70800,1.064913,2.040841,6.336325,2.453313,0.623303,0.787525,7.76120
extract_tpa_g085,3.71251,1.066103,2.014170,6.370549,1.216320,0.623173,0.786783,7.73801
extract_tpa_g085,3.71700,1.067282,2.033596,6.427292,1.932085,0.619317,0.780066,7.62117
extract_tpa_g085,3.72152,1.068463,2.023330,6.451996,3.629420,0.617673,0.777338,7.57623
extract_tpa_g085,3.72601,1.069631,1.950410,6.404114,0.857631,0.620418,0.782520,7.67386
extract_tpa_g085,3.73052,1.070799,1.894047,6.312300,1.654115,0.622695,0.786879,7.75667
extract_tpa_g085,3.73501,1.071957,1.907779,6.281366,1.802267,0.621303,0.784777,7.72315
extract_tpa_g085,3.73952,1.073114,1.974391,6.330420,0.292776,0.619904,0.782666,7.68948
extract_tpa_g085,3.74401,1.074260,2.005669,6.399534,4.243910,0.619573,0.781949,7.67411
extract_tpa_g085,3.74850,1.075401,1.924071,6.427484,0.154281,0.619367,0.781397,7.66090
extract_tpa_g085,3.75302,1.076544,1.831055,6.394992,0.055558,0.620421,0.783284,7.68887
extract_tpa_g085,3.75751,1.077675,1.820574,6.368576,0.961169,0.622075,0.786333,7.73650
extract_tpa_g085,3.76202,1.078804,1.884719,6.372458,1.431055,0.621684,0.785805,7.73230
extract_tpa_g085,3.76651,1.079923,1.934386,6.367007,3.358243,0.618782,0.780879,7.66432
extract_tpa_g085,3.77102,1.081042,1.862513,6.342807,0.105068,0.617456,0.778485,7.63183
extract_tpa_g085,3.77551,1.082150,1.751949,6.314247,1.341716,0.621393,0.784554,7.71800
extract_tpa_g085,3.78000,1.083253,1.719086,6.337297,0.868837,0.625286,0.790551,7.80297
extract_tpa_g085,3.78451,1.084355,1.784733,6.415181,1.887600,0.620861,0.782879,7.66648
extract_tpa_g085,3.78901,1.085450,1.869833,6.457896,2.797377,0.616447,0.775224,7.53022
extract_tpa_g085,3.79352,1.086541,1.856968,6.426296,1.503739,0.618879,0.779758,7.61062
extract_tpa_g085,3.79801,1.087621,1.785499,6.348073,2.470700,0.623167,0.787592,7.74962
extract_tpa_g085,3.80252,1.088701,1.766527,6.299408,0.477547,0.622909,0.787598,7.76347
extract_tpa_g085,3.80701,1.089771,1.840689,6.331017,0.471699,0.619134,0.781544,7.68036
extract_tpa_g085,3.81152,1.090840,1.949470,6.378960,2.663505,0.617610,0.779077,7.64468
extract_tpa_g085,3.81601,1.091899,1.973651,6.393762,2.421384,0.620432,0.783540,7.70072
extract_tpa_g085,3.82050,1.092952,1.911139,6.383458,2.272983,0.622745,0.787176,7.74604
extract_tpa_g085,3.82502,1.094006,1.872185,6.375276,0.422104,0.621175,0.784500,7.70963
extract_tpa_g085,3.82950,1.095046,1.916936,6.396412,0.417283,0.619619,0.781847,7.67354
extract_tpa_g085,3.83402,1.096089,2.028153,6.397675,2.127354,0.619592,0.781870,7.67659
extract_tpa_g085,3.83851,1.097120,2.105737,6.349830,4.291650,0.619746,0.782209,7.68425
extract_tpa_g085,3.84302,1.098150,2.096121,6.306229,0.996632,0.620752,0.783580,7.69945
extract_tpa_g085,3.84751,1.099170,2.070987,6.313645,0.281857,0.622161,0.785440,7.71818
extract_tpa_g085,3.85200,1.100184,2.076301,6.384651,2.966500,0.621760,0.784464,7.69398
extract_tpa_g085,3.85652,1.101200,2.114633,6.446554,2.155851,0.619125,0.779988,7.61671
extract_tpa_g085,3.86101,1.102203,2.160185,6.426443,4.894110,0.617884,0.778000,7.58406
extract_tpa_g085,3.86552,1.103205,2.193144,6.364792,0.412035,0.621302,0.784330,7.70071
extract_tpa_g085,3.87001,1.104197,2.268384,6.323713,0.303544,0.624659,0.790554,7.81548
extract_tpa_g085,3.87452,1.105188,2.400353,6.333022,4.811960,0.620891,0.784561,7.72421
extract_tpa_g085,3.87901,1.106168,2.545656,6.358328,3.568890,0.617140,0.778593,7.63331
extract_tpa_g085,3.88350,1.107144,2.673370,6.344735,5.368100,0.619469,0.782167,7.68685
extract_tpa_g085,3.88801,1.108118,2.785047,6.331128,0.623112,0.623501,0.788411,7.78078
extract_tpa_g085,3.89250,1.109082,2.901758,6.359729,0.910090,0.623341,0.787821,7.76869
extract_tpa_g085,3.89702,1.110046,2.978021,6.394723,7.436180,0.619886,0.781856,7.67318
extract_tpa_g085,3.90151,1.110999,2.927146,6.378837,4.774150,0.618819,0.779974,7.64270
extract_tpa_g085,3.90602,1.111951,2.842052,6.307729,0.358249,0.622364,0.785983,7.73793
extract_tpa_g085,3.91051,1.112892,2.906285,6.270857,0.277921,0.625158,0.790712,7.81217
extract_tpa_g085,3.91502,1.113833,3.130643,6.306153,3.111055,0.622402,0.785978,7.73150
extract_tpa_g085,3.91951,1.114763,3.343074,6.330939,7.778100,0.619659,0.781265,7.65116
extract_tpa_g085,3.92402,1.115692,3.377632,6.315178,2.223301,0.621740,0.784819,7.70824
extract_tpa_g085,3.92851,1.116611,3.293339,6.294850,2.670729,0.624377,0.789327,7.78115
extract_tpa_g085,3.93300,1.117525,3.152183,6.309139,4.191460,0.624109,0.788952,7.77944
extract_tpa_g085,3.93752,1.118439,2.931955,6.331529,4.790910,0.622410,0.786173,7.74101
extract_tpa_g085,3.94200,1.119340,2.682733,6.307561,1.281860,0.622125,0.785921,7.74041
extract_tpa_g085,3.94652,1.120243,2.568940,6.268289,0.689368,0.623565,0.788756,7.78606
extract_tpa_g085,3.95100,1.121132,2.657864,6.238651,0.510196,0.624567,0.790801,7.82286
extract_tpa_g085,3.95552,1.122024,2.835322,6.209795,5.801210,0.624120,0.790240,7.83103
extract_tpa_g085,3.96001,1.122904,2.904217,6.187334,3.909490,0.623673,0.789671,7.83870
extract_tpa_g085,3.96452,1.123782,2.916596,6.207372,2.130897,0.622690,0.787234,7.77401
extract_tpa_g085,3.96901,1.124651,3.029257,6.324843,2.410999,0.621711,0.784808,7.70958
extract_tpa_g085,3.97352,1.125518,3.237768,6.495756,3.624930,0.622419,0.784775,7.67509
extract_tpa_g085,3.97801,1.126376,3.385924,6.590926,3.490880,0.623585,0.785398,7.64899
extract_tpa_g085,3.98250,1.127228,3.367412,6.585647,6.382720,0.622960,0.784320,7.63442
extract_tpa_g085,3.98701,1.128078,3.153482,6.531733,1.619218,0.620923,0.781897,7.62888
extract_tpa_g085,3.99150,1.128919,2.773809,6.454656,4.000330,0.620519,0.782007,7.65443
extract_tpa_g085,3.99602,1.129760,2.324802,6.379152,1.207470,0.623314,0.787089,7.74135
extract_tpa_g085,4.00051,1.130590,2.011996,6.345175,1.430414,0.625355,0.790817,7.80508
extract_tpa_g085,4.00502,1.131418,1.964848,6.390628,1.571890,0.621839,0.784575,7.69806
extract_tpa_g085,4.00951,1.132236,2.165345,6.475561,0.087242,0.618339,0.778360,7.59146
extract_tpa_g085,4.01400,1.133049,2.448233,6.508673,5.202520,0.621195,0.783153,7.65981
extract_tpa_g085,4.01852,1.133862,2.629168,6.467441,1.641559,0.624826,0.789287,7.74939
extract_tpa_g085,4.02300,1.134662,2.685033,6.398083,4.354863,0.623395,0.787250,7.72923
extract_tpa_g085,4.02752,1.135464,2.635630,6.357580,3.655210,0.619479,0.781206,7.65534
extract_tpa_g085,4.03201,1.136255,2.513262,6.345273,3.092070,0.619264,0.780923,7.65583
extract_tpa_g085,4.03652,1.137043,2.385370,6.338379,0.983614,0.623549,0.787651,7.74684
extract_tpa_g085,4.04101,1.137823,2.353152,6.372593,1.587940,0.625801,0.790953,7.78603
extract_tpa_g085,4.04552,1.138600,2.422617,6.443239,0.471977,0.621197,0.782691,7.65017
extract_tpa_g085,4.05001,1.139369,2.510529,6.483336,5.776060,0.616654,0.774539,7.51604
extract_tpa_g085,4.05451,1.140133,2.507074,6.455420,2.821702,0.621152,0.782718,7.64950
extract_tpa_g085,4.05902,1.140894,2.437289,6.389997,1.731886,0.625659,0.790916,7.78318
extract_tpa_g085,4.06351,1.141646,2.363795,6.361444,1.845506,0.623126,0.786884,7.73888
extract_tpa_g085,4.06802,1.142395,2.311085,6.376996,3.309440,0.618637,0.779458,7.64524
extract_tpa_g085,4.07251,1.143136,2.250261,6.386445,4.320310,0.619143,0.780363,7.65759
extract_tpa_g085,4.07700,1.143871,2.185971,6.394992,0.819368,0.623541,0.787762,7.75253
extract_tpa_g085,4.08151,1.144604,2.172092,6.420789,0.963447,0.624952,0.790117,7.77696
extract_tpa_g085,4.08600,1.145328,2.211691,6.452524,4.023980,0.620456,0.782501,7.66214
extract_tpa_g085,4.09052,1.146052,2.250135,6.452777,4.646720,0.616974,0.776604,7.57349
extract_tpa_g085,4.09501,1.146765,2.256359,6.397245,2.239188,0.621402,0.784127,7.68945
extract_tpa_g085,4.09952,1.147476,2.272251,6.354471,0.924347,0.625850,0.791684,7.80586
extract_tpa_g085,4.10401,1.148178,2.293682,6.368432,2.308620,0.622454,0.785717,7.71653
extract_tpa_g085,4.10852,1.148878,2.261412,6.396124,5.684190,0.618114,0.778122,7.60238
extract_tpa_g085,4.11301,1.149569,2.124190,6.399907,1.825603,0.619521,0.780472,7.63488
extract_tpa_g085,4.11750,1.150255,1.991187,6.387809,0.933462,0.623736,0.787680,7.73898
extract_tpa_g085,4.12202,1.150939,1.984429,6.393451,1.328107,0.624168,0.788540,7.75148
extract_tpa_g085,4.12650,1.151613,2.125822,6.412645,1.728062,0.619937,0.781575,7.65105
extract_tpa_g085,4.13102,1.152286,2.325313,6.397469,4.174950,0.617564,0.777750,7.59797
extract_tpa_g085,4.13551,1.152950,2.461414,6.359335,0.313558,0.621650,0.784844,7.70946
extract_tpa_g085,4.14002,1.153612,2.510968,6.349193,3.143329,0.625713,0.791899,7.82029
extract_tpa_g085,4.14451,1.154264,2.475094,6.380103,2.784839,0.621555,0.784840,7.71129
extract_tpa_g085,4.14900,1.154912,2.350183,6.414099,2.497369,0.617397,0.777780,7.60223
extract_tpa_g085,4.15352,1.155558,2.185101,6.400092,0.521011,0.619792,0.781660,7.65840
extract_tpa_g085,4.15801,1.156195,2.082067,6.374048,1.562842,0.623973,0.788521,7.75958
extract_tpa_g085,4.16252,1.156829,2.068822,6.381713,1.708046,0.623410,0.787552,7.74562
extract_tpa_g085,4.16701,1.157455,2.084085,6.401119,2.726986,0.619186,0.780543,7.64281
extract_tpa_g085,4.17152,1.158078,2.021989,6.398988,1.864851,0.617860,0.778263,7.61023
extract_tpa_g085,4.17601,1.158693,1.901867,6.374309,2.018628,0.622125,0.785106,7.71315
extract_tpa_g085,4.18050,1.159303,1.837505,6.371535,1.259428,0.625388,0.790327,7.79132
extract_tpa_g085,4.18501,1.159910,1.877696,6.405612,0.444274,0.621044,0.783223,7.68144
extract_tpa_g085,4.18951,1.160511,1.969342,6.421312,2.220680,0.616709,0.776134,7.57175
extract_tpa_g085,4.19402,1.161107,2.021147,6.393182,1.527251,0.620019,0.781922,7.66652
extract_tpa_g085,4.19851,1.161695,2.037894,6.359636,3.242938,0.624199,0.789176,7.78450
extract_tpa_g085,4.20302,1.162281,2.061350,6.360173,0.773121,0.622722,0.786895,7.75185
extract_tpa_g085,4.20751,1.162859,2.087312,6.392767,1.856225,0.618522,0.780024,7.64663
extract_tpa_g085,4.21200,1.163431,2.064505,6.396995,2.168895,0.618089,0.779291,7.63251
extract_tpa_g085,4.21651,1.164001,1.995795,6.367138,0.024548,0.622282,0.786095,7.73022
extract_tpa_g085,4.22100,1.164563,1.943784,6.358691,2.949418,0.624558,0.789747,7.78092
extract_tpa_g085,4.22552,1.165123,1.918326,6.379482,1.704533,0.620349,0.782739,7.67256
extract_tpa_g085,4.23001,1.165674,1.867513,6.398676,2.718300,0.616221,0.775866,7.56622
extract_tpa_g085,4.23452,1.166223,1.765216,6.380504,1.251793,0.620377,0.782608,7.66870
extract_tpa_g085,4.23901,1.166764,1.693703,6.348757,0.099469,0.624516,0.789321,7.77068
extract_tpa_g085,4.24352,1.167302,1.716661,6.358376,1.459158,0.622293,0.785586,7.71602
extract_tpa_g085,4.24801,1.167832,1.806101,6.395636,2.090512,0.618340,0.779006,7.61870
extract_tpa_g085,4.25250,1.168358,1.852320,6.409907,4.667190,0.618677,0.779527,7.62981
extract_tpa_g085,4.25701,1.168880,1.801312,6.383766,0.812956,0.622387,0.785629,7.72616
extract_tpa_g085,4.26150,1.169395,1.748448,6.356959,0.836107,0.623686,0.787908,7.76273
extract_tpa_g085,4.26602,1.169908,1.753833,6.372832,1.876421,0.620276,0.782724,7.68267
extract_tpa_g085,4.27051,1.170412,1.792901,6.400331,3.631820,0.617619,0.778721,7.62077
extract_tpa_g085,4.27502,1.170914,1.788560,6.391813,4.029790,0.620454,0.783333,7.69166
extract_tpa_g085,4.27951,1.171408,1.735869,6.364327,0.120975,0.623275,0.787925,7.76221
extract_tpa_g085,4.28402,1.171900,1.717608,6.357209,0.388816,0.621581,0.784966,7.71291
extract_tpa_g085,4.28851,1.172384,1.762628,6.387087,3.140740,0.619365,0.781136,7.64979
extract_tpa_g085,4.29300,1.172863,1.822534,6.412096,3.016920,0.619749,0.781569,7.65627
extract_tpa_g085,4.29752,1.173340,1.837921,6.386510,3.525950,0.621413,0.784100,7.69700
extract_tpa_g085,4.30200,1.173808,1.820281,6.349767,0.252706,0.621906,0.784892,7.70951
extract_tpa_g085,4.30652,1.174275,1.824754,6.348724,0.128255,0.620974,0.783571,7.68777
extract_tpa_g085,4.31101,1.174734,1.846184,6.382071,4.002130,0.620280,0.782575,7.67107
extract_tpa_g085,4.31552,1.175190,1.819388,6.403793,3.113620,0.620369,0.782644,7.67094
extract_tpa_g085,4.32001,1.175638,1.741630,6.378598,2.531811,0.620461,0.782719,7.67095
extract_tpa_g085,4.32452,1.176084,1.682128,6.352429,0.178663,0.621160,0.784066,7.69692
extract_tpa_g085,4.32901,1.176523,1.683763,6.364128,0.081252,0.621857,0.785407,7.72278
extract_tpa_g085,4.33350,1.176957,1.708969,6.392423,3.705230,0.620746,0.783655,7.69762
extract_tpa_g085,4.33802,1.177389,1.667442,6.396220,2.385615,0.619122,0.781028,7.65804
extract_tpa_g085,4.34251,1.177813,1.574545,6.362143,0.949215,0.619751,0.782127,7.67606
extract_tpa_g085,4.34702,1.178234,1.527479,6.342083,0.382773,0.622140,0.786137,7.73908
extract_tpa_g085,4.35151,1.178648,1.565341,6.369322,0.393388,0.622648,0.786933,7.74986
extract_tpa_g085,4.35602,1.179060,1.631081,6.404211,3.085189,0.619501,0.781484,7.65908
extract_tpa_g085,4.36051,1.179464,1.614914,6.402695,2.692960,0.617153,0.777382,7.59019
extract_tpa_g085,4.36500,1.179864,1.533555,6.366781,0.865854,0.620789,0.783367,7.68517
extract_tpa_g085,4.36951,1.180261,1.494509,6.347750,0.843876,0.624441,0.789378,7.78053
extract_tpa_g085,4.37400,1.180651,1.541824,6.374024,0.363977,0.621316,0.784198,7.70040
extract_tpa_g085,4.37852,1.181039,1.622417,6.401137,2.174157,0.617357,0.777642,7.59866
extract_tpa_g085,4.38301,1.181420,1.640566,6.390744,1.822741,0.618678,0.779927,7.63288
extract_tpa_g085,4.38752,1.181797,1.602692,6.360401,1.295509,0.622574,0.786523,7.73338
extract_tpa_g085,4.39201,1.182168,1.597346,6.354634,1.367971,0.623115,0.787531,7.74844
extract_tpa_g085,4.39652,1.182537,1.656280,6.390545,0.733966,0.619561,0.781717,7.65920
extract_tpa_g085,4.40101,1.182898,1.721385,6.415808,2.125513,0.617485,0.778345,7.60966
extract_tpa_g085,4.40550,1.183255,1.720130,6.392210,1.736271,0.620384,0.783197,7.69392
extract_tpa_g085,4.41002,1.183610,1.675264,6.354451,1.479619,0.623272,0.788027,7.77778
extract_tpa_g085,4.41451,1.183958,1.661674,6.350772,0.793659,0.621216,0.784491,7.71484
extract_tpa_g085,4.41902,1.184303,1.690603,6.391256,1.620745,0.619152,0.780939,7.65161
extract_tpa_g085,4.42351,1.184642,1.701871,6.420114,1.928167,0.619526,0.781426,7.65798
extract_tpa_g085,4.42802,1.184977,1.652002,6.396405,1.714748,0.620576,0.783031,7.68361
extract_tpa_g085,4.43251,1.185307,1.587588,6.358803,0.764650,0.621061,0.783763,7.69435
extract_tpa_g085,4.43700,1.185632,1.582469,6.354374,1.087068,0.621107,0.783817,7.69351
extract_tpa_g085,4.44152,1.185954,1.631560,6.388727,2.086292,0.620747,0.783200,7.68300
extract_tpa_g085,4.44600,1.186270,1.656528,6.411830,2.367834,0.619598,0.781282,7.65381
extract_tpa_g085,4.45052,1.186583,1.610440,6.385105,1.813221,0.618819,0.780004,7.63486
extract_tpa_g085,4.45501,1.186890,1.549326,6.349848,0.411369,0.620925,0.783711,7.69564
extract_tpa_g085,4.45952,1.187194,1.544940,6.353364,0.687284,0.623041,0.787435,7.75667
extract_tpa_g085,4.46401,1.187493,1.583180,6.390800,2.630137,0.620701,0.783520,7.69435
extract_tpa_g085,4.46850,1.187787,1.582690,6.412492,2.784035,0.617837,0.778704,7.61746
extract_tpa_g085,4.47301,1.188078,1.513602,6.384416,1.591681,0.619144,0.780907,7.65510
extract_tpa_g085,4.47750,1.188363,1.445142,6.346781,0.255582,0.622513,0.786582,7.74933
extract_tpa_g085,4.48202,1.188646,1.448555,6.349318,0.382390,0.622815,0.787076,7.75790
extract_tpa_g085,4.48651,1.188922,1.502805,6.385552,2.568599,0.619328,0.781172,7.66066
extract_tpa_g085,4.49102,1.189196,1.510964,6.407949,3.376700,0.617355,0.777808,7.60380
extract_tpa_g085,4.49551,1.189464,1.436066,6.384275,1.733446,0.620592,0.783187,7.68609
extract_tpa_g085,4.50002,1.189729,1.360396,6.350296,0.417553,0.623816,0.788544,7.76802
extract_tpa_g085,4.50451,1.189989,1.358399,6.354771,0.066924,0.621178,0.784092,7.69881
extract_tpa_g085,4.50900,1.190245,1.416115,6.387465,2.923360,0.618540,0.779641,7.62958
extract_tpa_g085,4.51352,1.190498,1.430119,6.402699,3.443660,0.619336,0.781047,7.65383
extract_tpa_g085,4.51801,1.190745,1.356918,6.377205,1.170805,0.621071,0.784054,7.70359
extract_tpa_g085,4.52252,1.190989,1.286649,6.345412,0.772912,0.621444,0.784737,7.71531
extract_tpa_g085,4.52701,1.191228,1.297693,6.354853,0.362306,0.620760,0.783616,7.69750
extract_tpa_g085,4.53152,1.191465,1.369739,6.391514,2.662797,0.620146,0.782619,7.68133
extract_tpa_g085,4.53601,1.191696,1.397004,6.406889,3.709980,0.619676,0.781874,7.66853
extract_tpa_g085,4.54050,1.191923,1.335252,6.383120,1.301801,0.619434,0.781499,7.66168
extract_tpa_g085,4.54502,1.192148,1.272852,6.353165,0.294200,0.620941,0.783962,7.70039
extract_tpa_g085,4.54950,1.192366,1.287361,6.362257,0.483440,0.622436,0.786403,7.73875
extract_tpa_g085,4.55402,1.192583,1.356684,6.395636,2.388879,0.620497,0.783073,7.68736
extract_tpa_g085,4.55851,1.192794,1.377740,6.403448,3.161400,0.618167,0.779085,7.62572
extract_tpa_g085,4.56302,1.193003,1.311435,6.375890,1.070826,0.619355,0.781034,7.65422
extract_tpa_g085,4.56751,1.193207,1.252036,6.348229,0.066934,0.622236,0.785842,7.72613
extract_tpa_g085,4.57200,1.193407,1.273404,6.362086,0.242898,0.622430,0.786151,7.72780
extract_tpa_g085,4.57652,1.193604,1.346745,6.401219,2.052589,0.619311,0.780913,7.64286
extract_tpa_g085,4.58101,1.193797,1.370950,6.410559,2.762470,0.617609,0.778071,7.59846
extract_tpa_g085,4.58552,1.193986,1.310663,6.383288,0.567314,0.620631,0.783216,7.68941
extract_tpa_g085,4.59001,1.194171,1.258761,6.357258,0.741347,0.623608,0.788284,7.77898
extract_tpa_g085,4.59452,1.194353,1.285497,6.369886,0.102324,0.620987,0.783959,7.70587
extract_tpa_g085,4.59901,1.194531,1.360778,6.405903,1.532856,0.618377,0.779653,7.63306
extract_tpa_g085,4.60350,1.194705,1.389183,6.410221,2.534984,0.619361,0.781354,7.66075
extract_tpa_g085,4.60802,1.194877,1.339166,6.379044,0.046080,0.621354,0.784744,7.71666
extract_tpa_g085,4.61250,1.195043,1.298937,6.353874,1.311131,0.621542,0.785031,7.71806
extract_tpa_g085,4.61702,1.195208,1.330062,6.367372,0.029225,0.620325,0.782898,7.67690
extract_tpa_g085,4.62151,1.195368,1.398672,6.404119,1.537605,0.619640,0.781648,7.65245
extract_tpa_g085,4.62602,1.195525,1.418355,6.408890,2.017334,0.619978,0.782088,7.65997
extract_tpa_g085,4.63051,1.195678,1.368950,6.378778,0.247503,0.620337,0.782575,7.66827
extract_tpa_g085,4.63502,1.195829,1.331768,6.357793,1.352860,0.620874,0.783440,7.68265
extract_tpa_g085,4.63951,1.195975,1.362830,6.372697,0.247867,0.621408,0.784301,7.69697
extract_tpa_g085,4.64400,1.196118,1.426981,6.406532,1.862905,0.620260,0.782474,7.66596
extract_tpa_g085,4.64852,1.196259,1.443576,6.407866,1.954094,0.618903,0.780315,7.62933
extract_tpa_g085,4.65300,1.196395,1.402699,6.374615,0.708497,0.619804,0.781896,7.65851
extract_tpa_g085,4.65752,1.196529,1.374091,6.353732,0.658746,0.621816,0.785319,7.72011
extract_tpa_g085,4.66201,1.196659,1.403918,6.369180,0.528047,0.621816,0.785366,7.72461
extract_tpa_g085,4.66652,1.196786,1.448431,6.402171,2.386020,0.619368,0.781307,7.65974
extract_tpa_g085,4.67101,1.196910,1.430086,6.404516,2.268187,0.618098,0.779209,7.62589
extract_tpa_g085,4.67552,1.197031,1.360590,6.374129,1.244820,0.620805,0.783723,7.69670
extract_tpa_g085,4.68001,1.197149,1.319614,6.358252,0.639331,0.623473,0.788174,7.76648
extract_tpa_g085,4.68450,1.197263,1.349087,6.376183,0.830255,0.620805,0.783716,7.69391
extract_tpa_g085,4.68902,1.197376,1.395766,6.405352,2.994880,0.618120,0.779227,7.62083
extract_tpa_g085,4.69351,1.197484,1.377435,6.403382,2.184987,0.619407,0.781310,7.65258
extract_tpa_g085,4.69802,1.197590,1.309458,6.369534,1.109464,0.621794,0.785210,7.71331
extract_tpa_g085,4.70251,1.197693,1.272839,6.352028,0.236109,0.621799,0.785166,7.71330
extract_tpa_g085,4.70702,1.197793,1.307238,6.370632,0.850400,0.619941,0.782039,7.66580
extract_tpa_g085,4.71151,1.197890,1.354608,6.399688,3.021108,0.619101,0.780616,7.64529
extract_tpa_g085,4.71600,1.197984,1.329703,6.400179,2.476683,0.620236,0.782496,7.67713
extract_tpa_g085,4.72051,1.198076,1.256454,6.371822,1.010341,0.621207,0.784116,7.70429
extract_tpa_g085,4.72500,1.198165,1.223364,6.358476,0.398007,0.620878,0.783670,7.69448
extract_tpa_g085,4.72952,1.198251,1.263011,6.377452,0.807606,0.620547,0.783220,7.68460
extract_tpa_g085,4.73401,1.198334,1.314175,6.400815,3.397770,0.620048,0.782413,7.67370
extract_tpa_g085,4.73852,1.198416,1.290821,6.395248,2.402208,0.619526,0.781561,7.66262
extract_tpa_g085,4.74301,1.198494,1.217734,6.366236,0.474978,0.620238,0.782719,7.68399
extract_tpa_g085,4.74752,1.198570,1.188651,6.356418,0.562188,0.621556,0.784866,7.72134
extract_tpa_g085,4.75201,1.198643,1.233750,6.380914,1.288335,0.621410,0.784588,7.71560
extract_tpa_g085,4.75650,1.198713,1.288795,6.405795,2.643636,0.619477,0.781351,7.65729
extract_tpa_g085,4.76102,1.198782,1.270623,6.398661,2.274197,0.618512,0.779723,7.62707
extract_tpa_g085,4.76550,1.198848,1.205035,6.369822,0.626607,0.620862,0.783608,7.69326
extract_tpa_g085,4.77002,1.198911,1.184795,6.360569,0.142290,0.623205,0.787478,7.75918
extract_tpa_g085,4.77451,1.198972,1.239487,6.385599,1.041635,0.620664,0.783204,7.68563
extract_tpa_g085,4.77902,1.199032,1.302246,6.408681,2.624336,0.618113,0.778910,7.61172
extract_tpa_g085,4.78351,1.199088,1.293594,6.397803,2.137780,0.619487,0.781270,7.65103
extract_tpa_g085,4.78802,1.199143,1.239805,6.367837,0.100036,0.621956,0.785486,7.72188
extract_tpa_g085,4.79251,1.199195,1.228388,6.359568,0.259164,0.621818,0.785317,7.72139
extract_tpa_g085,4.79700,1.199245,1.280562,6.386134,1.069958,0.619644,0.781723,7.66521
extract_tpa_g085,4.80152,1.199293,1.327733,6.409480,2.281054,0.618767,0.780267,7.64234
extract_tpa_g085,4.80600,1.199339,1.302758,6.397862,1.667091,0.620444,0.783021,7.68511
extract_tpa_g085,4.81052,1.199383,1.241990,6.369899,0.251530,0.621824,0.785281,7.72031
extract_tpa_g085,4.81501,1.199425,1.231874,6.364235,0.540800,0.620828,0.783610,7.69526
extract_tpa_g085,4.81952,1.199466,1.286247,6.390342,0.609728,0.619828,0.781931,7.67009
extract_tpa_g085,4.82401,1.199504,1.332716,6.410370,2.199383,0.619943,0.782092,7.67109
extract_tpa_g085,4.82852,1.199540,1.308310,6.394297,1.281796,0.620191,0.782471,7.67519
extract_tpa_g085,4.83301,1.199575,1.251560,6.365128,0.488704,0.620594,0.783122,7.68360
extract_tpa_g085,4.83750,1.199608,1.244835,6.361387,0.528279,0.621074,0.783908,7.69413
extract_tpa_g085,4.84202,1.199639,1.295498,6.388882,1.005898,0.620810,0.783459,7.68681
extract_tpa_g085,4.84650,1.199669,1.327288,6.408903,1.868826,0.619636,0.781501,7.65765
extract_tpa_g085,4.85102,1.199697,1.286814,6.392717,1.258663,0.619121,0.780640,7.64568
extract_tpa_g085,4.85551,1.199723,1.224823,6.365939,0.301416,0.620880,0.783570,7.69302
extract_tpa_g085,4.86002,1.199748,1.222982,6.365217,0.334850,0.622625,0.786479,7.74000
extract_tpa_g085,4.86451,1.199771,1.278227,6.392032,1.350494,0.620473,0.782978,7.68286
extract_tpa_g085,4.86902,1.199793,1.309390,6.408458,2.160386,0.618310,0.779460,7.62546
extract_tpa_g085,4.87351,1.199813,1.267632,6.388646,1.269831,0.619684,0.781816,7.66475
extract_tpa_g085,4.87800,1.199832,1.210774,6.361411,0.014314,0.622038,0.785799,7.73081
extract_tpa_g085,4.88251,1.199850,1.217325,6.363232,0.113449,0.621774,0.785343,7.72486
extract_tpa_g085,4.88701,1.199866,1.277400,6.391783,1.703585,0.619427,0.781355,7.66161
extract_tpa_g085,4.89152,1.199881,1.306298,6.408225,2.471888,0.618583,0.779896,7.63837
extract_tpa_g085,4.89601,1.199895,1.260286,6.388942,1.554474,0.620689,0.783400,7.69375
extract_tpa_g085,4.90052,1.199908,1.203331,6.363955,0.219742,0.622362,0.786180,7.73743
extract_tpa_g085,4.90501,1.199920,1.209693,6.367927,0.397834,0.620663,0.783320,7.69006
extract_tpa_g085,4.90952,1.199931,1.266264,6.395249,2.053634,0.618956,0.780448,7.64247
extract_tpa_g085,4.91401,1.199941,1.288101,6.407778,3.081724,0.619781,0.781755,7.66184
extract_tpa_g085,4.91850,1.199949,1.236621,6.386091,1.613989,0.620906,0.783560,7.68917
extract_tpa_g085,4.92302,1.199957,1.181118,6.362334,0.414251,0.621006,0.783712,7.69232
extract_tpa_g085,4.92750,1.199964,1.191788,6.369231,0.832520,0.620598,0.783046,7.68345
extract_tpa_g085,4.93202,1.199970,1.248162,6.397290,2.257875,0.620210,0.782425,7.67382
extract_tpa_g085,4.93651,1.199976,1.264431,6.407821,2.922552,0.619854,0.781873,7.66342
extract_tpa_g085,4.94102,1.199981,1.209127,6.385266,1.400592,0.619817,0.781854,7.66163
extract_tpa_g085,4.94551,1.199985,1.158098,6.363499,0.353420,0.620872,0.783659,7.68930
extract_tpa_g085,4.95002,1.199988,1.177569,6.373268,0.605501,0.621918,0.785451,7.71675
extract_tpa_g085,4.95451,1.199991,1.240121,6.401839,2.163196,0.620267,0.782662,7.67213
extract_tpa_g085,4.95900,1.199993,1.259074,6.409976,2.855106,0.618617,0.779873,7.62751
extract_tpa_g085,4.96352,1.199995,1.207492,6.385671,1.060613,0.619920,0.782042,7.66681
extract_tpa_g085,4.96800,1.199997,1.161528,6.364821,0.009894,0.622021,0.785549,7.72871
extract_tpa_g085,4.97252,1.199998,1.183131,6.376511,0.883351,0.621632,0.784930,7.71868
extract_tpa_g085,4.97701,1.199999,1.241265,6.404971,2.120960,0.619268,0.781038,7.65156
extract_tpa_g085,4.98152,1.199999,1.252411,6.410917,2.365232,0.618517,0.779802,7.62872
extract_tpa_g085,4.98601,1.200000,1.199151,6.385668,1.082445,0.620877,0.783684,7.69126
extract_tpa_g085,4.99052,1.200000,1.159600,6.366296,0.214683,0.622701,0.786677,7.73962
extract_tpa_g085,4.99501,1.200000,1.186955,6.379526,0.216244,0.620559,0.783076,7.68287
extract_tpa_g085,4.99950,1.200000,1.242818,6.406861,1.812262,0.618416,0.779475,7.62610
extract_tpa_g085,5.00402,1.200000,1.245322,6.409636,2.259179,0.619747,0.781664,7.66193
extract_tpa_g085,5.00851,1.200000,1.186778,6.382841,0.435399,0.621479,0.784520,7.70842
extract_tpa_g085,5.01302,1.200000,1.149696,6.365337,0.643820,0.621267,0.784166,7.70196
extract_tpa_g085,5.01751,1.200000,1.182202,6.381221,0.396492,0.620119,0.782265,7.67000
extract_tpa_g085,5.02202,1.200000,1.240187,6.408595,1.800264,0.619686,0.781570,7.65762
extract_tpa_g085,5.02651,1.200000,1.240963,6.409404,1.894077,0.620121,0.782339,7.66904
extract_tpa_g085,5.03100,1.200000,1.184068,6.382000,0.295610,0.620520,0.783042,7.68022
extract_tpa_g085,5.03551,1.200000,1.152658,6.366318,0.396348,0.620796,0.783528,7.69066
extract_tpa_g085,5.04000,1.200000,1.188375,6.383917,0.293421,0.621064,0.784002,7.70088
extract_tpa_g085,5.04452,1.200000,1.243237,6.410187,1.895231,0.620078,0.782378,7.67354
extract_tpa_g085,5.04901,1.200000,1.236914,6.408265,1.948673,0.619099,0.780765,7.64638
extract_tpa_g085,5.05352,1.200000,1.177498,6.380092,0.111310,0.620160,0.782538,7.67467
extract_tpa_g085,5.05801,1.200000,1.150540,6.366449,0.651418,0.621773,0.785228,7.71795
extract_tpa_g085,5.06252,1.200000,1.190756,6.385796,0.559270,0.621316,0.784430,7.70367
extract_tpa_g085,5.06701,1.200000,1.244436,6.410723,2.039154,0.619259,0.780936,7.64489
extract_tpa_g085,5.07150,1.200000,1.233698,6.406069,1.542611,0.618685,0.779934,7.62814
extract_tpa_g085,5.07602,1.200000,1.173582,6.377499,0.185478,0.621023,0.783826,7.69398
extract_tpa_g085,5.08050,1.200000,1.150325,6.366218,0.277885,0.622796,0.786779,7.74428
extract_tpa_g085,5.08502,1.200000,1.193655,6.387587,0.641871,0.620404,0.782803,7.68020
extract_tpa_g085,5.08951,1.200000,1.245554,6.411734,2.085885,0.618028,0.778854,7.61652
extract_tpa_g085,5.09402,1.200000,1.231609,6.405133,1.974515,0.619739,0.781689,7.66209
extract_tpa_g085,5.09851,1.200000,1.173181,6.376926,0.227744,0.621917,0.785300,7.72016
extract_tpa_g085,5.10302,1.200000,1.154145,6.368237,0.331180,0.621414,0.784471,7.70630
extract_tpa_g085,5.10751,1.200000,1.198876,6.391014,1.242440,0.619616,0.781498,7.65771
extract_tpa_g085,5.11200,1.200000,1.245891,6.413289,2.449719,0.619190,0.780798,7.64596
extract_tpa_g085,5.11652,1.200000,1.225756,6.403748,1.982755,0.620453,0.782896,7.67958
extract_tpa_g085,5.12101,1.200000,1.167213,6.375198,0.430559,0.621288,0.784293,7.70187
extract_tpa_g085,5.12552,1.200000,1.152882,6.368889,0.186580,0.620710,0.783367,7.68669
extract_tpa_g085,5.13001,1.200000,1.201176,6.393499,1.522989,0.620137,0.782448,7.67162
extract_tpa_g085,5.13452,1.200000,1.245377,6.414833,2.843770,0.619987,0.782168,7.66562
extract_tpa_g085,5.13901,1.200000,1.220347,6.403318,2.142848,0.619838,0.781889,7.65964
extract_tpa_g085,5.14352,1.200000,1.162211,6.374868,0.604960,0.620490,0.782976,7.67957
extract_tpa_g085,5.14801,1.200000,1.151883,6.370451,0.424296,0.621359,0.784432,7.70652
extract_tpa_g085,5.15250,1.200000,1.203673,6.395648,1.798605,0.620896,0.783646,7.69597
extract_tpa_g085,5.15702,1.200000,1.246667,6.414797,2.912971,0.619379,0.781086,7.65575
extract_tpa_g085,5.16151,1.200000,1.219792,6.400971,2.072366,0.619058,0.780546,7.64741
extract_tpa_g085,5.16602,1.200000,1.165084,6.373116,0.567895,0.621057,0.783925,7.70084
extract_tpa_g085,5.17051,1.200000,1.160160,6.371326,0.346594,0.622548,0.786445,7.74017
extract_tpa_g085,5.17502,1.200000,1.211955,6.397689,1.682395,0.620260,0.782564,7.67450
extract_tpa_g085,5.17951,1.200000,1.246381,6.415091,2.768040,0.617982,0.778701,7.60911
extract_tpa_g085,5.18400,1.200000,1.209934,6.399502,1.775454,0.619831,0.781836,7.65951
extract_tpa_g085,5.18852,1.200000,1.153026,6.372937,0.001687,0.622187,0.785830,7.72412
extract_tpa_g085,5.19300,1.200000,1.151663,6.374087,0.042561,0.621486,0.784640,7.70433
extract_tpa_g085,5.19752,1.200000,1.205379,6.401264,1.626958,0.619286,0.780908,7.64316
extract_tpa_g085,5.20201,1.200000,1.236112,6.416080,2.294032,0.618917,0.780273,7.63379
extract_tpa_g085,5.20652,1.200000,1.195609,6.397711,1.183262,0.620776,0.783402,7.68742
extract_tpa_g085,5.21101,1.200000,1.140130,6.371418,0.227324,0.621904,0.785306,7.72091
extract_tpa_g085,5.21550,1.200000,1.144621,6.374842,0.009709,0.620577,0.783086,7.68672
extract_tpa_g085,5.22002,1.200000,1.205287,6.402931,1.357299,0.619253,0.780873,7.65263
extract_tpa_g085,5.22450,1.200000,1.240337,6.416076,1.968107,0.619929,0.781992,7.66800
extract_tpa_g085,5.22902,1.200000,1.205795,6.396076,1.023863,0.620611,0.783120,7.68352
extract_tpa_g085,5.23351,1.200000,1.159595,6.370677,0.646649,0.620769,0.783448,7.68827
extract_tpa_g085,5.23802,1.200000,1.170785,6.376081,0.244204,0.620784,0.783556,7.69009
extract_tpa_g085,5.24251,1.200000,1.229291,6.404174,1.524176,0.620375,0.782868,7.67842
extract_tpa_g085,5.24700,1.200000,1.254957,6.415141,1.964278,0.619635,0.781554,7.65619
extract_tpa_g085,5.25151,1.200000,1.213856,6.393950,0.652531,0.619614,0.781478,7.65498
extract_tpa_g085,5.25600,1.200000,1.168901,6.370297,0.562488,0.621012,0.783843,7.69528
extract_tpa_g085,5.26052,1.200000,1.183422,6.378183,0.123933,0.622032,0.785566,7.72496
extract_tpa_g085,5.26501,1.200000,1.237724,6.406132,1.351379,0.620122,0.782330,7.67251
extract_tpa_g085,5.26952,1.200000,1.251379,6.414342,2.050588,0.618203,0.779080,7.61981
extract_tpa_g085,5.27401,1.200000,1.199929,6.391506,0.842337,0.620011,0.782132,7.66848
extract_tpa_g085,5.27850,1.200000,1.152485,6.369613,0.613510,0.622260,0.785930,7.72911
extract_tpa_g085,5.28301,1.200000,1.169918,6.380381,0.139249,0.621422,0.784525,7.70446
extract_tpa_g085,5.28750,1.200000,1.225688,6.408629,1.991445,0.619057,0.780546,7.63764
extract_tpa_g085,5.29202,1.200000,1.236144,6.414358,2.023748,0.618758,0.780034,7.62896
extract_tpa_g085,5.29651,1.200000,1.182895,6.389790,0.706810,0.621014,0.783809,7.69221
extract_tpa_g085,5.30102,1.200000,1.140012,6.369001,0.254556,0.622328,0.786009,7.72872
extract_tpa_g085,5.30551,1.200000,1.165558,6.381804,0.508748,0.620407,0.782792,7.67332
extract_tpa_g085,5.31002,1.200000,1.225328,6.410060,2.111994,0.618491,0.779586,7.61812
extract_tpa_g085,5.31451,1.200000,1.235013,6.413784,2.346934,0.619884,0.781960,7.66266
extract_tpa_g085,5.31900,1.200000,1.182651,6.388352,0.878937,0.621277,0.784333,7.70719
extract_tpa_g085,5.32352,1.200000,1.145299,6.369234,0.173301,0.620997,0.783846,7.69881
extract_tpa_g085,5.32801,1.200000,1.175474,6.383764,0.815652,0.620258,0.782575,7.67595
extract_tpa_g085,5.33252,1.200000,1.233703,6.411061,2.436457,0.619964,0.782041,7.66625
extract_tpa_g085,5.33701,1.200000,1.238365,6.412152,2.550901,0.620014,0.782083,7.66680
extract_tpa_g085,5.34152,1.200000,1.184869,6.386127,0.795766,0.620270,0.782499,7.67346
extract_tpa_g085,5.34601,1.200000,1.151533,6.369416,0.073192,0.620916,0.783632,7.69182
extract_tpa_g085,5.35050,1.200000,1.186006,6.386136,1.016754,0.621335,0.784372,7.70352
extract_tpa_g085,5.35502,1.200000,1.242750,6.412405,2.437075,0.620020,0.782116,7.66432
extract_tpa_g085,5.35951,1.200000,1.242553,6.410355,2.441258,0.618714,0.779875,7.62536
extract_tpa_g085,5.36402,1.200000,1.188748,6.383106,0.901509,0.620228,0.782447,7.66938
extract_tpa_g085,5.36851,1.200000,1.160220,6.368548,0.107538,0.622062,0.785565,7.72280
extract_tpa_g085,5.37302,1.200000,1.197190,6.387820,1.033980,0.621180,0.784071,7.69851
extract_tpa_g085,5.37752,1.200000,1.247287,6.413989,2.709130,0.618985,0.780347,7.63662
extract_tpa_g085,5.38200,1.200000,1.235450,6.410022,2.391770,0.618830,0.780107,7.63295
extract_tpa_g085,5.38652,1.200000,1.175473,6.382321,0.606908,0.621182,0.784142,7.70073
extract_tpa_g085,5.39101,1.200000,1.149360,6.369543,0.038260,0.622469,0.786361,7.73821
extract_tpa_g085,5.39552,1.200000,1.189673,6.390125,1.200134,0.620204,0.782513,7.67457
extract_tpa_g085,5.40001,1.200000,1.237484,6.414965,2.410180,0.617973,0.778720,7.61182
extract_tpa_g085,5.40452,1.200000,1.219388,6.408694,1.859524,0.619952,0.782093,7.66627
extract_tpa_g085,5.40901,1.200000,1.157233,6.380985,0.554450,0.621923,0.785451,7.72046
extract_tpa_g085,5.41350,1.200000,1.134540,6.370532,0.345059,0.621201,0.784186,7.69824
extract_tpa_g085,5.41802,1.200000,1.179450,6.392344,1.023483,0.619721,0.781620,7.65449
extract_tpa_g085,5.42251,1.200000,1.228333,6.415255,2.505456,0.619540,0.781329,7.65148
extract_tpa_g085,5.42702,1.200000,1.209361,6.406246,1.538082,0.620367,0.782804,7.68011
extract_tpa_g085,5.43151,1.200000,1.150758,6.378699,0.051921,0.620868,0.783669,7.69624
extract_tpa_g085,5.43602,1.200000,1.135982,6.371030,0.289966,0.620739,0.783355,7.68820
extract_tpa_g085,5.44051,1.200000,1.185693,6.394495,0.798246,0.620559,0.782966,7.67977
extract_tpa_g085,5.44500,1.200000,1.231746,6.415454,1.931268,0.619992,0.781993,7.66802
extract_tpa_g085,5.44952,1.200000,1.207116,6.402750,1.443682,0.619421,0.781013,7.65620
extract_tpa_g085,5.45401,1.200000,1.147294,6.373464,0.293467,0.620463,0.782767,7.68026
extract_tpa_g085,5.45852,1.200000,1.135520,6.366529,0.741561,0.621699,0.784850,7.70865
extract_tpa_g085,5.46301,1.200000,1.185498,6.390661,0.824718,0.620904,0.783548,7.68561
extract_tpa_g085,5.46752,1.200000,1.229210,6.411412,2.082310,0.619116,0.780590,7.63739
extract_tpa_g085,5.47201,1.200000,1.209431,6.401247,1.216427,0.619113,0.780606,7.63956
extract_tpa_g085,5.47650,1.200000,1.172728,6.382339,0.405175,0.621286,0.784247,7.70315
extract_tpa_g085,5.48101,1.200000,1.204867,6.395147,0.465238,0.622442,0.786191,7.73695
extract_tpa_g085,5.48550,1.200000,1.315028,6.446087,1.036498,0.620095,0.782279,7.66804
extract_tpa_g085,5.49002,1.200000,1.424098,6.497081,2.104074,0.617759,0.778386,7.59945
extract_tpa_g085,5.49451,1.200000,1.457340,6.514085,1.227513,0.620056,0.782260,7.66620
extract_tpa_g085,5.49902,1.200000,1.421219,6.502725,0.048380,0.622365,0.786152,7.73324
extract_mu020_fine,0.00000,0.000000,0.000000,0.000000,0.000000,0.000000,0.000000,0.00000
extract_mu020_fine,0.00450,0.000000,0.000000,0.000000,0.000000,0.000000,0.000000,0.00000
extract_mu020_fine,0.00901,0.000000,0.000000,0.000000,0.000000,0.000000,0.000000,0.00000
extract_mu020_fine,0.01351,0.000000,0.000000,0.000000,0.000000,0.000000,0.000000,0.00000
extract_mu020_fine,0.01801,0.000001,0.000000,0.000000,0.000000,0.000000,0.000000,0.00000
extract_mu020_fine,0.02250,0.000001,0.000000,0.000000,0.000000,0.000000,0.000000,0.00000
extract_mu020_fine,0.02701,0.000002,0.000000,0.000000,0.000000,0.000000,0.000000,0.00000
extract_mu020_fine,0.03151,0.000003,0.000000,0.000000,0.000000,0.000000,0.000000,0.00000
extract_mu020_fine,0.03601,0.000004,0.000000,0.000000,0.000000,0.000000,0.000000,0.00000
extract_mu020_fine,0.04050,0.000006,0.000000,0.000000,0.000000,0.000000,0.000000,0.00000
extract_mu020_fine,0.04501,0.000009,0.000000,0.000000,0.000000,0.000000,0.000000,0.00000
extract_mu020_fine,0.04951,0.000011,0.000000,0.000000,0.000000,0.000000,0.000000,0.00000
extract_mu020_fine,0.05401,0.000015,0.000000,0.000000,0.000000,0.000000,0.000000,0.00000
extract_mu020_fine,0.05850,0.000019,0.000000,0.000000,0.000000,0.000000,0.000000,0.00000
extract_mu020_fine,0.06301,0.000024,0.000000,0.000000,0.000000,0.000000,0.000000,0.00000
extract_mu020_fine,0.06751,0.000029,0.000000,0.000000,0.000000,0.000000,0.000000,0.00000
extract_mu020_fine,0.07201,0.000035,0.000000,0.000000,0.000000,0.000000,0.000000,0.00000
extract_mu020_fine,0.07650,0.000042,0.000000,0.000000,0.000000,0.000000,0.000000,0.00000
extract_mu020_fine,0.08101,0.000050,0.000000,0.000000,0.000000,0.000000,0.000000,0.00000
extract_mu020_fine,0.08551,0.000058,0.000000,0.000000,0.000000,0.000000,0.000000,0.00000
extract_mu020_fine,0.09001,0.000068,0.000000,0.000000,0.000000,0.000000,0.000000,0.00000
extract_mu020_fine,0.09450,0.000079,0.000000,0.000000,0.000000,0.000000,0.000000,0.00000
extract_mu020_fine,0.09901,0.000090,0.000000,0.000000,0.000000,0.000000,0.000000,0.00000
extract_mu020_fine,0.10351,0.000103,0.000000,0.000000,0.000000,0.000000,0.000000,0.00000
extract_mu020_fine,0.10801,0.000117,0.000000,0.000000,0.000000,0.000000,0.000000,0.00000
extract_mu020_fine,0.11250,0.000132,0.000000,0.000000,0.000000,0.000000,0.000000,0.00000
extract_mu020_fine,0.11700,0.000148,0.000000,0.000000,0.000000,0.000000,0.000000,0.00000
extract_mu020_fine,0.12151,0.000166,0.000000,0.000000,0.000000,0.000000,0.000000,0.00000
extract_mu020_fine,0.12601,0.000185,0.000000,0.000000,0.000000,0.000000,0.000000,0.00000
extract_mu020_fine,0.13050,0.000205,0.000000,0.000000,0.000000,0.000000,0.000000,0.00000
extract_mu020_fine,0.13500,0.000227,0.000000,0.000000,0.000000,0.000000,0.000000,0.00000
extract_mu020_fine,0.13951,0.000250,0.000000,0.000000,0.000000,0.000000,0.000000,0.00000
extract_mu020_fine,0.14401,0.000274,0.000000,0.000000,0.000000,0.000000,0.000000,0.00000
extract_mu020_fine,0.14850,0.000301,0.000000,0.000000,0.000000,0.000000,0.000000,0.00000
extract_mu020_fine,0.15300,0.000328,0.000000,0.000000,0.000000,0.000000,0.000000,0.00000
extract_mu020_fine,0.15751,0.000358,0.000000,0.000000,0.000000,0.000000,0.000000,0.00000
extract_mu020_fine,0.16201,0.000389,0.000000,0.000000,0.000000,0.000000,0.000000,0.00000
extract_mu020_fine,0.16650,0.000421,0.000000,0.000000,0.000000,0.000000,0.000000,0.00000
extract_mu020_fine,0.17100,0.000456,0.000000,0.000000,0.000000,0.000000,0.000000,0.00000
extract_mu020_fine,0.17551,0.000492,-0.000000,0.000000,0.000000,0.000000,0.000000,0.00000
extract_mu020_fine,0.18001,0.000530,-0.000000,-0.000000,0.000000,0.000000,0.000000,0.00000
extract_mu020_fine,0.18450,0.000570,-0.000000,-0.000000,0.000000,0.000000,0.000000,0.00000
extract_mu020_fine,0.18900,0.000612,-0.000000,-0.000000,0.000000,0.000000,0.000000,0.00000
extract_mu020_fine,0.19351,0.000656,-0.000000,-0.000000,0.000000,0.000000,0.000000,0.00000
extract_mu020_fine,0.19801,0.000702,-0.000000,-0.000000,0.000000,0.000000,0.000000,0.00000
extract_mu020_fine,0.20250,0.000750,-0.000000,-0.000000,0.000000,0.000000,0.000000,0.00000
extract_mu020_fine,0.20700,0.000800,0.000000,-0.000000,0.000000,0.000000,0.000000,0.00000
extract_mu020_fine,0.21151,0.000852,0.000000,0.000000,0.000000,0.000000,0.000000,0.00000
extract_mu020_fine,0.21601,0.000906,0.000000,0.000000,0.000000,0.000000,0.000000,0.00000
extract_mu020_fine,0.22050,0.000962,0.000000,0.000000,0.000000,0.000000,0.000000,0.00000
extract_mu020_fine,0.22500,0.001021,0.000000,0.000000,0.000000,0.000000,0.000000,0.00000
extract_mu020_fine,0.22951,0.001082,0.000000,0.000000,0.000000,0.000000,0.000000,0.00000
extract_mu020_fine,0.23401,0.001145,0.000000,0.000000,0.000000,0.000000,0.000000,0.00000
extract_mu020_fine,0.23851,0.001211,0.000000,0.000000,0.000000,0.000000,0.000000,0.00000
extract_mu020_fine,0.24300,0.001279,-0.000000,0.000000,0.000000,0.000000,0.000000,0.00000
extract_mu020_fine,0.24751,0.001350,-0.000000,-0.000000,0.000000,0.000000,0.000000,0.00000
extract_mu020_fine,0.25201,0.001423,-0.000000,-0.000000,0.000000,0.000000,0.000000,0.00000
extract_mu020_fine,0.25651,0.001498,-0.000000,-0.000000,0.000000,0.000000,0.000000,0.00000
extract_mu020_fine,0.26100,0.001576,-0.000000,-0.000000,0.000000,0.000000,0.000000,0.00000
extract_mu020_fine,0.26551,0.001657,-0.000000,-0.000000,0.000000,0.000000,0.000000,0.00000
extract_mu020_fine,0.27001,0.001740,-0.000000,-0.000000,0.000000,0.000000,0.000000,0.00000
extract_mu020_fine,0.27451,0.001826,0.000000,-0.000000,0.000000,0.000000,0.000000,0.00000
extract_mu020_fine,0.27900,0.001914,0.000000,-0.000000,0.000000,0.000000,0.000000,0.00000
extract_mu020_fine,0.28351,0.002006,0.000000,0.000000,0.000000,0.000000,0.000000,0.00000
extract_mu020_fine,0.28801,0.002100,0.000000,0.000000,0.000000,0.000000,0.000000,0.00000
extract_mu020_fine,0.29251,0.002197,0.000000,0.000000,0.000000,0.000000,0.000000,0.00000
extract_mu020_fine,0.29700,0.002296,0.000000,0.000000,0.000000,0.000000,0.000000,0.00000
extract_mu020_fine,0.30151,0.002399,0.000000,0.000000,0.000000,0.000000,0.000000,0.00000
extract_mu020_fine,0.30601,0.002505,0.000000,0.000000,0.000000,0.000000,0.000000,0.00000
extract_mu020_fine,0.31051,0.002613,-0.000000,0.000000,0.000000,0.000000,0.000000,0.00000
extract_mu020_fine,0.31500,0.002724,-0.000000,-0.000000,0.000000,0.000000,0.000000,0.00000
extract_mu020_fine,0.31950,0.002839,-0.000000,-0.000000,0.000000,0.000000,0.000000,0.00000
extract_mu020_fine,0.32401,0.002956,-0.000000,-0.000000,0.000000,0.000000,0.000000,0.00000
extract_mu020_fine,0.32851,0.003077,-0.000000,-0.000000,0.000000,0.000000,0.000000,0.00000
extract_mu020_fine,0.33300,0.003200,-0.000000,-0.000000,0.000000,0.000000,0.000000,0.00000
extract_mu020_fine,0.33750,0.003327,-0.000000,-0.000000,0.000000,0.000000,0.000000,0.00000
extract_mu020_fine,0.34201,0.003457,0.000000,-0.000000,0.000000,0.000000,0.000000,0.00000
extract_mu020_fine,0.34651,0.003590,0.000000,-0.000000,0.000000,0.000000,0.000000,0.00000
extract_mu020_fine,0.35100,0.003727,0.000000,0.000000,0.000000,0.000000,0.000000,0.00000
extract_mu020_fine,0.35551,0.003866,0.000000,0.000000,0.000000,0.000000,0.000000,0.00000
extract_mu020_fine,0.36001,0.004009,0.000000,0.000000,0.000000,0.000000,0.000000,0.00000
extract_mu020_fine,0.36451,0.004156,0.000000,0.000000,0.000000,0.000000,0.000000,0.00000
extract_mu020_fine,0.36900,0.004305,0.000000,0.000000,0.000000,0.000000,0.000000,0.00000
extract_mu020_fine,0.37350,0.004458,0.000000,0.000000,0.000000,0.000000,0.000000,0.00000
extract_mu020_fine,0.37801,0.004615,-0.000000,0.000000,0.000000,0.000000,0.000000,0.00000
extract_mu020_fine,0.38251,0.004775,-0.000002,-0.000000,0.000000,0.000000,0.000000,0.00000
extract_mu020_fine,0.38700,0.004938,-0.000003,-0.000000,0.000000,0.000000,0.000000,0.00000
extract_mu020_fine,0.39150,0.005105,-0.000006,-0.000001,0.000000,0.000000,0.000000,0.00000
extract_mu020_fine,0.39601,0.005276,-0.000008,-0.000002,0.000000,0.000000,0.000000,0.00000
extract_mu020_fine,0.40051,0.005450,-0.000009,-0.000003,0.000000,0.000000,0.000000,0.00000
extract_mu020_fine,0.40500,0.005628,-0.000007,-0.000003,0.000000,0.000000,0.000000,0.00000
extract_mu020_fine,0.40950,0.005809,0.000001,-0.000003,0.000000,0.000000,0.000000,0.00000
extract_mu020_fine,0.41401,0.005994,0.000020,-0.000001,0.000000,0.000000,0.000000,0.00000
extract_mu020_fine,0.41851,0.006183,0.000052,0.000004,0.000000,0.000000,0.000000,0.00000
extract_mu020_fine,0.42300,0.006375,0.000100,0.000014,0.000000,0.000000,0.000000,0.00000
extract_mu020_fine,0.42750,0.006571,0.000157,0.000030,0.000000,0.000000,0.000000,0.00000
extract_mu020_fine,0.43201,0.006772,0.000206,0.000050,0.000000,0.000000,0.000000,0.00000
extract_mu020_fine,0.43651,0.006976,0.000210,0.000069,0.000000,0.000000,0.000000,0.00000
extract_mu020_fine,0.44100,0.007183,0.000110,0.000078,0.000000,0.000000,0.000000,0.00000
extract_mu020_fine,0.44550,0.007394,-0.000178,0.000057,0.000000,0.000000,0.000000,0.00000
extract_mu020_fine,0.45001,0.007610,-0.000744,-0.000020,0.000000,0.000000,0.000000,0.00000
extract_mu020_fine,0.45451,0.007829,-0.001654,-0.000188,0.000000,0.000000,0.000000,0.00000
extract_mu020_fine,0.45900,0.008052,-0.002878,-0.000474,0.000000,0.000000,0.000000,0.00000
extract_mu020_fine,0.46350,0.008279,-0.004182,-0.000883,0.000000,0.000000,0.000000,0.00000
extract_mu020_fine,0.46801,0.008511,-0.004986,-0.001360,0.000000,0.000000,0.000000,0.00000
extract_mu020_fine,0.47251,0.008746,-0.004223,-0.001742,0.000000,0.000000,0.000000,0.00000
extract_mu020_fine,0.47701,0.008986,-0.000263,-0.001707,0.000000,0.000000,0.000000,0.00000
extract_mu020_fine,0.48150,0.009228,0.008962,-0.000736,0.000000,0.000000,0.000000,0.00000
extract_mu020_fine,0.48601,0.009476,0.025446,0.001880,0.000000,0.000000,0.000000,0.00000
extract_mu020_fine,0.49051,0.009728,0.049965,0.006898,0.000000,0.000009,0.000013,0.00017
extract_mu020_fine,0.49501,0.009984,0.080097,0.014807,0.000000,0.000087,0.000124,0.00162
extract_mu020_fine,0.49950,0.010243,0.107363,0.025211,0.440585,0.000165,0.000235,0.00307
extract_mu020_fine,0.50401,0.010507,0.118519,0.036096,0.179841,0.000526,0.000710,0.00825
extract_mu020_fine,0.50851,0.010776,0.114652,0.045224,0.010092,0.000922,0.001229,0.01389
extract_mu020_fine,0.51301,0.011049,0.105044,0.051311,0.165437,0.001342,0.001711,0.01719
extract_mu020_fine,0.51750,0.011325,0.095273,0.054691,0.140375,0.001773,0.002173,0.01931
extract_mu020_fine,0.52201,0.011606,0.088179,0.056305,0.006948,0.002180,0.002669,0.02331
extract_mu020_fine,0.52651,0.011892,0.085048,0.056354,0.136865,0.002556,0.003203,0.02963
extract_mu020_fine,0.53101,0.012182,0.086683,0.054593,0.190914,0.002914,0.003713,0.03590
extract_mu020_fine,0.53550,0.012475,0.093982,0.052660,0.001288,0.003206,0.004132,0.04197
extract_mu020_fine,0.54001,0.012774,0.108034,0.051439,0.120883,0.003498,0.004552,0.04803
extract_mu020_fine,0.54451,0.013077,0.129286,0.051439,0.224566,0.003628,0.004667,0.04735
extract_mu020_fine,0.54900,0.013384,0.156572,0.052822,0.019944,0.003758,0.004782,0.04666
extract_mu020_fine,0.55350,0.013696,0.185137,0.054097,0.131750,0.003900,0.004905,0.04672
extract_mu020_fine,0.55801,0.014012,0.203610,0.054152,0.548573,0.004046,0.005030,0.04699
extract_mu020_fine,0.56251,0.014333,0.199895,0.054311,0.268693,0.004425,0.005558,0.05367
extract_mu020_fine,0.56700,0.014658,0.178289,0.056332,0.216584,0.004986,0.006402,0.06538
extract_mu020_fine,0.57151,0.014988,0.152661,0.061771,0.080746,0.005517,0.007138,0.07401
extract_mu020_fine,0.57601,0.015323,0.134990,0.071105,0.030433,0.005984,0.007654,0.07648
extract_mu020_fine,0.58050,0.015661,0.131421,0.082742,0.120955,0.006424,0.008137,0.07867
extract_mu020_fine,0.58500,0.016005,0.143484,0.092340,0.134149,0.006664,0.008368,0.07869
extract_mu020_fine,0.58951,0.016353,0.169269,0.095284,0.084074,0.006905,0.008599,0.07871
extract_mu020_fine,0.59401,0.016706,0.202132,0.091708,0.096276,0.007099,0.008922,0.08501
extract_mu020_fine,0.59850,0.017063,0.227991,0.085041,0.328439,0.007286,0.009256,0.09206
extract_mu020_fine,0.60301,0.017425,0.229994,0.080849,0.389167,0.007725,0.009890,0.10062
extract_mu020_fine,0.60751,0.017792,0.206101,0.084582,0.077951,0.008287,0.010672,0.10991
extract_mu020_fine,0.61200,0.018163,0.173723,0.097275,0.004652,0.008819,0.011320,0.11476
extract_mu020_fine,0.61651,0.018540,0.152195,0.114635,0.184727,0.009319,0.011810,0.11417
extract_mu020_fine,0.62101,0.018921,0.152360,0.127887,0.098039,0.009760,0.012258,0.11463
extract_mu020_fine,0.62550,0.019306,0.176604,0.130087,0.032040,0.010002,0.012561,0.11862
extract_mu020_fine,0.63000,0.019697,0.218670,0.121215,0.096972,0.010244,0.012867,0.12265
extract_mu020_fine,0.63451,0.020092,0.260020,0.108021,0.425035,0.010588,0.013491,0.13470
extract_mu020_fine,0.63901,0.020493,0.274600,0.101259,0.355930,0.010931,0.014116,0.14675
extract_mu020_fine,0.64350,0.020897,0.257569,0.108041,0.222280,0.011507,0.014813,0.15216
extract_mu020_fine,0.64801,0.021307,0.225060,0.128033,0.083964,0.012149,0.015533,0.15575
extract_mu020_fine,0.65251,0.021722,0.199163,0.152238,0.199711,0.012658,0.016048,0.15617
extract_mu020_fine,0.65700,0.022141,0.197073,0.168923,0.021684,0.013059,0.016400,0.15409
extract_mu020_fine,0.66150,0.022566,0.223502,0.171231,0.045450,0.013423,0.016802,0.15631
extract_mu020_fine,0.66601,0.022996,0.268898,0.159409,0.188615,0.013711,0.017301,0.16705
extract_mu020_fine,0.67051,0.023430,0.308696,0.144167,0.564704,0.014034,0.017846,0.17795
extract_mu020_fine,0.67500,0.023869,0.319490,0.138784,0.426356,0.014633,0.018739,0.19008
extract_mu020_fine,0.67951,0.024314,0.300911,0.149606,0.430449,0.015234,0.019635,0.20225
extract_mu020_fine,0.68401,0.024763,0.272129,0.174373,0.041803,0.015804,0.020127,0.19940
extract_mu020_fine,0.68850,0.025217,0.259895,0.201393,0.167774,0.016370,0.020569,0.19474
extract_mu020_fine,0.69301,0.025676,0.274280,0.217583,0.180456,0.016759,0.020991,0.19659
extract_mu020_fine,0.69751,0.026141,0.312152,0.215715,0.037526,0.017060,0.021403,0.20164
extract_mu020_fine,0.70200,0.026610,0.356018,0.199133,0.771819,0.017464,0.022058,0.21310
extract_mu020_fine,0.70650,0.027084,0.376689,0.182288,0.526689,0.017999,0.023017,0.23261
extract_mu020_fine,0.71101,0.027565,0.365052,0.178822,0.637970,0.018566,0.023927,0.24813
extract_mu020_fine,0.71551,0.028050,0.330415,0.195113,0.419511,0.019243,0.024665,0.24987
extract_mu020_fine,0.72000,0.028538,0.297945,0.225119,0.061497,0.019918,0.025400,0.25159
extract_mu020_fine,0.72450,0.029033,0.292560,0.253911,0.371986,0.020289,0.025617,0.24568
extract_mu020_fine,0.72901,0.029534,0.318814,0.266866,0.130639,0.020660,0.025834,0.23978
extract_mu020_fine,0.73351,0.030039,0.366741,0.256621,0.605432,0.021110,0.026598,0.25439
extract_mu020_fine,0.73800,0.030549,0.406912,0.233548,0.697935,0.021582,0.027515,0.27472
extract_mu020_fine,0.74251,0.031064,0.418045,0.215657,0.633343,0.022222,0.028524,0.29115
extract_mu020_fine,0.74701,0.031586,0.400351,0.217583,0.690561,0.022993,0.029606,0.30445
extract_mu020_fine,0.75150,0.032110,0.373167,0.243700,0.008268,0.023660,0.030373,0.30875
extract_mu020_fine,0.75601,0.032642,0.365344,0.281322,0.434996,0.024128,0.030527,0.29539
extract_mu020_fine,0.76051,0.033178,0.383898,0.310643,0.161777,0.024592,0.030738,0.28484
extract_mu020_fine,0.76500,0.033719,0.424593,0.315156,0.320654,0.025013,0.031388,0.29605
extract_mu020_fine,0.76950,0.034266,0.464890,0.294870,0.869491,0.025436,0.032039,0.30730
extract_mu020_fine,0.77401,0.034819,0.478950,0.266800,0.398590,0.026211,0.033395,0.33279
extract_mu020_fine,0.77851,0.035376,0.466023,0.252492,0.789400,0.027029,0.034837,0.36001
extract_mu020_fine,0.78300,0.035938,0.436863,0.266854,0.146443,0.027695,0.035551,0.36219
extract_mu020_fine,0.78751,0.036506,0.419883,0.304669,0.227192,0.028290,0.035914,0.35211
extract_mu020_fine,0.79201,0.037080,0.430562,0.346420,0.270706,0.028783,0.036221,0.34461
extract_mu020_fine,0.79650,0.037657,0.466301,0.367776,0.187639,0.029148,0.036459,0.34030
extract_mu020_fine,0.80101,0.038242,0.508783,0.356330,0.808575,0.029618,0.037011,0.34487
extract_mu020_fine,0.80551,0.038831,0.531451,0.323732,0.345436,0.030438,0.038639,0.38003
extract_mu020_fine,0.81000,0.039424,0.529787,0.293905,0.777545,0.031256,0.040259,0.41500
extract_mu020_fine,0.81450,0.040024,0.509307,0.292051,0.247955,0.032006,0.041108,0.41947
extract_mu020_fine,0.81901,0.040630,0.495528,0.324352,0.163835,0.032757,0.041956,0.42395
extract_mu020_fine,0.82351,0.041241,0.504834,0.374551,0.493765,0.033185,0.042054,0.41023
extract_mu020_fine,0.82800,0.041856,0.533962,0.414334,0.120680,0.033521,0.041941,0.39145
extract_mu020_fine,0.83251,0.042478,0.572160,0.420517,0.873793,0.034102,0.042705,0.40001
extract_mu020_fine,0.83701,0.043105,0.594634,0.393874,0.519702,0.034876,0.044159,0.43016
extract_mu020_fine,0.84150,0.043736,0.596790,0.355180,0.682110,0.035694,0.045613,0.45822
extract_mu020_fine,0.84601,0.044374,0.585110,0.336005,0.562012,0.036606,0.047079,0.48237
extract_mu020_fine,0.85051,0.045018,0.576722,0.354339,0.272023,0.037458,0.048355,0.50103
extract_mu020_fine,0.85501,0.045666,0.586727,0.402726,0.678429,0.037841,0.048167,0.47697
extract_mu020_fine,0.85950,0.046319,0.611643,0.455197,0.336081,0.038222,0.047980,0.45299
extract_mu020_fine,0.86401,0.046979,0.642906,0.480012,0.984637,0.038869,0.048834,0.46257
extract_mu020_fine,0.86851,0.047644,0.661131,0.465960,0.696132,0.039549,0.049814,0.47622
extract_mu020_fine,0.87300,0.048313,0.664769,0.426758,0.712690,0.040471,0.051432,0.50699
extract_mu020_fine,0.87750,0.048989,0.660474,0.393549,0.879962,0.041517,0.053372,0.54635
extract_mu020_fine,0.88201,0.049670,0.659191,0.394428,0.305389,0.042318,0.054496,0.56093
extract_mu020_fine,0.88651,0.050358,0.674622,0.433562,0.947022,0.042819,0.054614,0.54488
extract_mu020_fine,0.89100,0.051048,0.697920,0.490994,0.611464,0.043335,0.054798,0.53107
extract_mu020_fine,0.89550,0.051746,0.721720,0.532282,0.943698,0.043912,0.055218,0.52490
extract_mu020_fine,0.90001,0.052450,0.734297,0.535755,0.990453,0.044492,0.055643,0.51888
extract_mu020_fine,0.90451,0.053159,0.734696,0.504084,0.658930,0.045599,0.057741,0.56256
extract_mu020_fine,0.90900,0.053872,0.734877,0.463324,0.990437,0.046704,0.059832,0.60612
extract_mu020_fine,0.91351,0.054592,0.742872,0.447522,0.448541,0.047465,0.060837,0.61735
extract_mu020_fine,0.91801,0.055318,0.766124,0.471209,1.021210,0.048129,0.061536,0.61946
extract_mu020_fine,0.92250,0.056047,0.792036,0.524794,0.806879,0.048701,0.061860,0.60935
extract_mu020_fine,0.92701,0.056784,0.811232,0.577302,0.939690,0.049206,0.061892,0.58960
extract_mu020_fine,0.93151,0.057527,0.815651,0.598964,1.158333,0.049908,0.062555,0.58852
extract_mu020_fine,0.93600,0.058273,0.808591,0.581806,0.511788,0.050996,0.064463,0.62426
extract_mu020_fine,0.94051,0.059026,0.809792,0.542589,1.009467,0.052058,0.066308,0.65854
extract_mu020_fine,0.94501,0.059785,0.825193,0.514329,0.494092,0.052892,0.067633,0.68078
extract_mu020_fine,0.94950,0.060548,0.858666,0.520281,0.858367,0.053725,0.068956,0.70296
extract_mu020_fine,0.95400,0.061318,0.893862,0.562305,1.062181,0.054250,0.069073,0.68618
extract_mu020_fine,0.95851,0.062094,0.912278,0.617183,0.853710,0.054736,0.069043,0.66466
extract_mu020_fine,0.96301,0.062875,0.909704,0.653530,1.202772,0.055591,0.070026,0.67057
extract_mu020_fine,0.96750,0.063660,0.892552,0.654775,0.542468,0.056623,0.071504,0.68996
extract_mu020_fine,0.97201,0.064452,0.885056,0.625578,0.842347,0.057633,0.073119,0.71647
extract_mu020_fine,0.97651,0.065250,0.898044,0.593258,0.555033,0.058614,0.074900,0.75173
extract_mu020_fine,0.98100,0.066052,0.931390,0.585173,0.780193,0.059496,0.076328,0.77626
extract_mu020_fine,0.98550,0.066861,0.963916,0.612374,1.253333,0.060040,0.076543,0.76362
extract_mu020_fine,0.99001,0.067676,0.971519,0.663901,0.796799,0.060586,0.076760,0.75103
extract_mu020_fine,0.99451,0.068497,0.954355,0.711936,1.203525,0.061572,0.077808,0.75332
extract_mu020_fine,0.99900,0.069320,0.921648,0.732644,0.664819,0.062555,0.078853,0.75561
extract_mu020_fine,1.00351,0.070153,0.901336,0.718419,0.627739,0.063589,0.080544,0.78461
extract_mu020_fine,1.00801,0.070989,0.911249,0.686936,0.797135,0.064635,0.082413,0.82104
extract_mu020_fine,1.01251,0.071831,0.948039,0.664736,0.825357,0.065437,0.083639,0.83994
extract_mu020_fine,1.01700,0.072677,0.998624,0.669935,1.352275,0.066046,0.084354,0.84499
extract_mu020_fine,1.02150,0.073531,1.053839,0.703053,0.101296,0.066577,0.084795,0.84186
extract_mu020_fine,1.02601,0.074392,1.121509,0.740598,1.135492,0.066952,0.084687,0.82246
extract_mu020_fine,1.03051,0.075256,1.164085,0.761003,1.881776,0.067428,0.084831,0.80939
extract_mu020_fine,1.03500,0.076125,1.152777,0.754097,0.770919,0.068694,0.086923,0.84501
extract_mu020_fine,1.03950,0.077001,1.110003,0.729625,1.656843,0.069962,0.089019,0.88071
extract_mu020_fine,1.04401,0.077884,1.065746,0.716380,0.000501,0.071090,0.090589,0.90171
extract_mu020_fine,1.04851,0.078771,1.070206,0.728639,1.170451,0.072197,0.092091,0.92087
extract_mu020_fine,1.05301,0.079664,1.115824,0.768476,1.126813,0.072841,0.092569,0.91487
extract_mu020_fine,1.05750,0.080560,1.175923,0.814587,0.858511,0.073256,0.092543,0.89651
extract_mu020_fine,1.06200,0.081464,1.217660,0.839157,2.476169,0.074033,0.093388,0.90005
extract_mu020_fine,1.06651,0.082375,1.210923,0.835020,0.604098,0.075260,0.095317,0.93083
extract_mu020_fine,1.07101,0.083291,1.189161,0.809409,1.743417,0.076469,0.097226,0.96131
extract_mu020_fine,1.07551,0.084211,1.175898,0.790489,0.737804,0.077620,0.099080,0.99099
extract_mu020_fine,1.08000,0.085136,1.202906,0.797821,0.594617,0.078767,0.100926,1.02050
extract_mu020_fine,1.08451,0.086070,1.262747,0.831952,2.186287,0.079217,0.100879,1.00228
extract_mu020_fine,1.08901,0.087007,1.309012,0.876386,0.875088,0.079666,0.100831,0.98409
extract_mu020_fine,1.09351,0.087950,1.322857,0.903308,2.553966,0.080743,0.102253,0.99835
extract_mu020_fine,1.09800,0.088897,1.287004,0.904527,1.216823,0.081993,0.104081,1.02164
extract_mu020_fine,1.10250,0.089851,1.247240,0.885568,0.987245,0.083242,0.105967,1.04966
extract_mu020_fine,1.10701,0.090814,1.246133,0.869150,1.450984,0.084491,0.107898,1.08144
extract_mu020_fine,1.11151,0.091779,1.294019,0.874883,0.324924,0.085477,0.109225,1.09777
extract_mu020_fine,1.11601,0.092750,1.376109,0.901272,2.325131,0.085948,0.109370,1.08376
extract_mu020_fine,1.12050,0.093725,1.426662,0.938112,1.357202,0.086515,0.109688,1.07325
extract_mu020_fine,1.12500,0.094707,1.424461,0.962810,2.075474,0.087833,0.111351,1.08973
extract_mu020_fine,1.12951,0.095698,1.373733,0.968202,1.642375,0.089154,0.113018,1.10625
extract_mu020_fine,1.13401,0.096691,1.325700,0.961185,0.264843,0.090469,0.114957,1.13397
extract_mu020_fine,1.13851,0.097690,1.337807,0.954282,1.748265,0.091785,0.116929,1.16304
extract_mu020_fine,1.14300,0.098693,1.403769,0.962501,0.524180,0.092547,0.117773,1.16826
extract_mu020_fine,1.14751,0.099705,1.499155,0.981589,2.237726,0.093042,0.118066,1.16178
extract_mu020_fine,1.15201,0.100721,1.551785,1.004308,2.010072,0.093906,0.119010,1.16655
extract_mu020_fine,1.15651,0.101743,1.536180,1.019985,1.349200,0.095225,0.120755,1.18515
extract_mu020_fine,1.16100,0.102768,1.480125,1.026404,2.098702,0.096553,0.122532,1.20485
extract_mu020_fine,1.16550,0.103800,1.429828,1.032490,0.001654,0.097926,0.124438,1.22848
extract_mu020_fine,1.17001,0.104841,1.449908,1.041626,1.518942,0.099298,0.126344,1.25207
extract_mu020_fine,1.17451,0.105884,1.526809,1.058329,1.103836,0.099802,0.126750,1.24939
extract_mu020_fine,1.17901,0.106934,1.619946,1.073424,1.723365,0.100306,0.127157,1.24671
extract_mu020_fine,1.18350,0.107986,1.668976,1.080819,2.626371,0.101431,0.128728,1.26678
extract_mu020_fine,1.18800,0.109047,1.643756,1.082960,1.122826,0.102733,0.130632,1.29332
extract_mu020_fine,1.19251,0.110115,1.587302,1.084318,2.116428,0.104104,0.132542,1.31715
extract_mu020_fine,1.19701,0.111186,1.544222,1.098734,0.313354,0.105524,0.134450,1.33873
extract_mu020_fine,1.20151,0.112263,1.570082,1.124453,1.291514,0.106656,0.135835,1.35061
extract_mu020_fine,1.20600,0.113344,1.649784,1.152243,1.874863,0.107215,0.136187,1.34337
extract_mu020_fine,1.21050,0.114432,1.731596,1.168991,1.191227,0.107863,0.136725,1.34031
extract_mu020_fine,1.21501,0.115528,1.775618,1.165863,3.137647,0.109194,0.138725,1.37022
extract_mu020_fine,1.21951,0.116627,1.752511,1.154453,1.180879,0.110522,0.140721,1.40008
extract_mu020_fine,1.22401,0.117731,1.711795,1.149609,1.729527,0.111982,0.142739,1.42408
extract_mu020_fine,1.22850,0.118839,1.694296,1.167988,1.510747,0.113454,0.144755,1.44732
extract_mu020_fine,1.23300,0.119955,1.726412,1.206572,0.950824,0.114382,0.145593,1.44497
extract_mu020_fine,1.23751,0.121078,1.797227,1.245908,2.749326,0.115041,0.145848,1.42991
extract_mu020_fine,1.24201,0.122205,1.845614,1.268394,1.526407,0.116008,0.146896,1.43516
extract_mu020_fine,1.24651,0.123337,1.849335,1.262113,2.773574,0.117358,0.148924,1.46541
extract_mu020_fine,1.25100,0.124472,1.798348,1.243694,1.831582,0.118741,0.150972,1.49535
extract_mu020_fine,1.25550,0.125615,1.736592,1.236768,1.154890,0.120254,0.153111,1.52451
extract_mu020_fine,1.26001,0.126766,1.709782,1.258340,2.409484,0.121767,0.155247,1.55355
extract_mu020_fine,1.26451,0.127920,1.723715,1.307549,0.926287,0.122475,0.155532,1.53516
extract_mu020_fine,1.26901,0.129079,1.785494,1.357416,2.718441,0.123183,0.155816,1.51677
extract_mu020_fine,1.27350,0.130242,1.872282,1.382443,1.278729,0.123765,0.156467,1.52059
extract_mu020_fine,1.27800,0.131412,1.995938,1.362420,0.799566,0.124312,0.157223,1.53069
extract_mu020_fine,1.28251,0.132590,2.112600,1.308990,4.191160,0.125202,0.158827,1.56290
extract_mu020_fine,1.28701,0.133771,2.137074,1.257817,1.172239,0.126360,0.161095,1.61247
extract_mu020_fine,1.29151,0.134958,2.084266,1.241748,3.485404,0.127674,0.163204,1.64791
extract_mu020_fine,1.29601,0.136150,1.968782,1.290933,1.152368,0.129296,0.165000,1.65548
extract_mu020_fine,1.30050,0.137344,1.874924,1.381273,0.953294,0.130831,0.166636,1.66006
extract_mu020_fine,1.30500,0.138547,1.850933,1.467406,2.398395,0.131711,0.167065,1.64161
extract_mu020_fine,1.30951,0.139758,1.889913,1.507176,0.049797,0.132593,0.167496,1.62312
extract_mu020_fine,1.31401,0.140971,1.985197,1.472970,3.553682,0.133782,0.169744,1.67019
extract_mu020_fine,1.31851,0.142190,2.064639,1.399101,1.019596,0.135007,0.172212,1.72516
extract_mu020_fine,1.32300,0.143411,2.128481,1.335862,2.173685,0.136326,0.174329,1.76057
extract_mu020_fine,1.32750,0.144641,2.153389,1.331137,3.170972,0.137696,0.176279,1.78640
extract_mu020_fine,1.33200,0.145875,2.135380,1.400296,0.041075,0.138956,0.177488,1.78506
extract_mu020_fine,1.33651,0.147118,2.114751,1.502960,3.882372,0.140082,0.177781,1.74997
extract_mu020_fine,1.34101,0.148364,2.067127,1.586456,0.744657,0.141311,0.178531,1.73032
extract_mu020_fine,1.34551,0.149615,2.054815,1.604164,1.807061,0.142902,0.180854,1.76348
extract_mu020_fine,1.35000,0.150868,2.093286,1.557778,2.558553,0.144488,0.183171,1.79661
extract_mu020_fine,1.35450,0.152129,2.174497,1.484693,0.163762,0.145589,0.185297,1.84437
extract_mu020_fine,1.35901,0.153399,2.297370,1.434569,4.007345,0.146693,0.187428,1.89224
extract_mu020_fine,1.36351,0.154670,2.369873,1.448484,1.785313,0.147717,0.188347,1.88959
extract_mu020_fine,1.36801,0.155948,2.367693,1.513502,3.517997,0.148719,0.188928,1.87285
extract_mu020_fine,1.37251,0.157230,2.278541,1.601652,3.148603,0.150218,0.190369,1.87091
extract_mu020_fine,1.37700,0.158515,2.159849,1.669405,0.713978,0.152105,0.192485,1.88064
extract_mu020_fine,1.38150,0.159808,2.114593,1.683719,3.121125,0.153716,0.194557,1.90063
extract_mu020_fine,1.38601,0.161109,2.170565,1.656783,0.069158,0.154773,0.196536,1.94096
extract_mu020_fine,1.39051,0.162412,2.335115,1.605350,3.399345,0.155796,0.198429,1.97912
extract_mu020_fine,1.39501,0.163720,2.492470,1.565994,3.261267,0.156577,0.199681,2.00122
extract_mu020_fine,1.39951,0.165034,2.559584,1.565276,2.368146,0.157359,0.200934,2.02331
extract_mu020_fine,1.40400,0.166350,2.514409,1.604552,5.235410,0.159182,0.202952,2.03319
extract_mu020_fine,1.40850,0.167674,2.374837,1.675997,0.524707,0.161137,0.205069,2.04161
extract_mu020_fine,1.41300,0.169003,2.282736,1.747025,2.742123,0.162648,0.206646,2.04526
extract_mu020_fine,1.41751,0.170340,2.285982,1.790668,2.019727,0.163942,0.207959,2.04655
extract_mu020_fine,1.42201,0.171680,2.396269,1.786107,1.025096,0.165030,0.209419,2.06334
extract_mu020_fine,1.42651,0.173024,2.564031,1.738992,4.855470,0.165867,0.211065,2.09924
extract_mu020_fine,1.43100,0.174371,2.665782,1.683801,1.592978,0.166917,0.212918,2.13513
extract_mu020_fine,1.43550,0.175726,2.685957,1.654361,4.063141,0.168719,0.215508,2.17134
extract_mu020_fine,1.44000,0.177085,2.613893,1.687426,2.635225,0.170521,0.218094,2.20741
extract_mu020_fine,1.44451,0.178453,2.510482,1.773100,1.289113,0.171970,0.218831,2.17865
extract_mu020_fine,1.44901,0.179823,2.438803,1.871741,3.632505,0.173415,0.219566,2.14996
extract_mu020_fine,1.45351,0.181198,2.399453,1.940719,0.665011,0.174703,0.220942,2.15464
extract_mu020_fine,1.45801,0.182578,2.413862,1.939885,3.497372,0.175945,0.222498,2.16869
extract_mu020_fine,1.46250,0.183960,2.434510,1.886139,2.095344,0.177333,0.224807,2.21045
extract_mu020_fine,1.46700,0.185350,2.461087,1.819700,1.552522,0.178841,0.227717,2.27418
extract_mu020_fine,1.47151,0.186749,2.493947,1.790243,3.858087,0.180077,0.229781,2.31214
extract_mu020_fine,1.47601,0.188149,2.528040,1.827194,1.038260,0.180771,0.230166,2.29910
extract_mu020_fine,1.48051,0.189554,2.632204,1.900393,0.994828,0.181414,0.230491,2.28537
extract_mu020_fine,1.48501,0.190964,2.784819,1.963807,3.056006,0.181663,0.230351,2.26624
extract_mu020_fine,1.48951,0.192379,2.864010,1.968767,3.967957,0.181912,0.230210,2.24712
extract_mu020_fine,1.49400,0.193795,2.808160,1.906426,3.147327,0.184331,0.234544,2.32929
extract_mu020_fine,1.49850,0.195220,2.693335,1.841610,1.517112,0.187023,0.239435,2.42405
extract_mu020_fine,1.50300,0.196650,2.641652,1.835073,2.005337,0.188448,0.241031,2.43421
extract_mu020_fine,1.50750,0.198084,2.694206,1.902571,2.146633,0.189247,0.240996,2.40248
extract_mu020_fine,1.51201,0.199527,2.808026,2.011705,2.847859,0.190152,0.241242,2.37892
extract_mu020_fine,1.51651,0.200971,2.868048,2.084678,5.557220,0.191183,0.241835,2.36558
extract_mu020_fine,1.52101,0.202420,2.800644,2.077690,2.772018,0.192589,0.243429,2.37730
extract_mu020_fine,1.52551,0.203874,2.707670,2.016589,2.565963,0.195288,0.248475,2.47532
extract_mu020_fine,1.53000,0.205330,2.699372,1.958929,2.543300,0.197973,0.253495,2.57278
extract_mu020_fine,1.53450,0.206793,2.822311,1.955389,1.303173,0.198107,0.252934,2.54509
extract_mu020_fine,1.53900,0.208262,3.025252,2.012180,5.310520,0.198240,0.252373,2.51739
extract_mu020_fine,1.54351,0.209738,3.123118,2.081625,5.037250,0.199649,0.253698,2.51494
extract_mu020_fine,1.54801,0.211216,3.039522,2.117347,3.857876,0.201414,0.255550,2.51961
extract_mu020_fine,1.55251,0.212699,2.861504,2.119224,3.972179,0.203627,0.258513,2.55512
extract_mu020_fine,1.55701,0.214186,2.738282,2.109018,0.850715,0.206192,0.262353,2.61497
extract_mu020_fine,1.56151,0.215678,2.807379,2.115204,2.117723,0.207822,0.264658,2.64520
extract_mu020_fine,1.56601,0.217175,3.030870,2.144652,3.902385,0.207603,0.263927,2.61687
extract_mu020_fine,1.57050,0.218673,3.231452,2.161589,4.663160,0.207668,0.263695,2.59889
extract_mu020_fine,1.57500,0.220180,3.265459,2.151347,4.748650,0.209947,0.267341,2.66113
extract_mu020_fine,1.57951,0.221694,3.133788,2.133049,3.287296,0.212232,0.270994,2.72351
extract_mu020_fine,1.58401,0.223209,2.970505,2.135260,2.015714,0.214337,0.273576,2.74709
extract_mu020_fine,1.58851,0.224729,2.930782,2.189603,0.912377,0.216421,0.276030,2.76604
extract_mu020_fine,1.59301,0.226254,3.060928,2.274626,3.095082,0.217188,0.276161,2.74276
extract_mu020_fine,1.59751,0.227783,3.233021,2.328336,4.079900,0.217305,0.275149,2.69870
extract_mu020_fine,1.60201,0.229317,3.319031,2.317640,3.223026,0.218562,0.276772,2.71721
extract_mu020_fine,1.60650,0.230852,3.292437,2.252227,4.436240,0.221221,0.281644,2.81286
extract_mu020_fine,1.61100,0.232395,3.209386,2.188819,1.276960,0.223572,0.285727,2.88840
extract_mu020_fine,1.61550,0.233943,3.210469,2.194547,1.219839,0.224838,0.287048,2.89389
extract_mu020_fine,1.62000,0.235495,3.312916,2.276504,3.637167,0.226103,0.288366,2.89928
extract_mu020_fine,1.62450,0.237051,3.403350,2.379595,2.650772,0.226860,0.288306,2.86098
extract_mu020_fine,1.62901,0.238616,3.397183,2.441794,4.874470,0.227619,0.288245,2.82258
extract_mu020_fine,1.63351,0.240181,3.254291,2.432358,3.423729,0.230077,0.291970,2.88140
extract_mu020_fine,1.63801,0.241751,3.078754,2.377546,0.687620,0.233011,0.296755,2.96740
extract_mu020_fine,1.64251,0.243326,3.022367,2.346618,2.171761,0.234529,0.298947,2.99986
extract_mu020_fine,1.64701,0.244904,3.107834,2.371762,2.659060,0.234928,0.299088,2.99001
extract_mu020_fine,1.65151,0.246487,3.278651,2.432634,4.029751,0.235170,0.298935,2.97457
extract_mu020_fine,1.65600,0.248071,3.467664,2.487083,1.099921,0.235104,0.298200,2.94816
extract_mu020_fine,1.66050,0.249663,3.618136,2.479498,5.993650,0.235333,0.298094,2.93496
extract_mu020_fine,1.66500,0.251260,3.605783,2.410911,4.301680,0.237859,0.302902,3.02536
extract_mu020_fine,1.66950,0.252860,3.489432,2.342057,0.890104,0.240385,0.307710,3.11574
extract_mu020_fine,1.67401,0.254469,3.415655,2.339028,5.006540,0.241800,0.309100,3.11962
extract_mu020_fine,1.67851,0.256078,3.401961,2.425645,1.224411,0.243076,0.310068,3.11290
extract_mu020_fine,1.68301,0.257691,3.469430,2.548654,5.389600,0.244213,0.310678,3.09121
extract_mu020_fine,1.68751,0.259309,3.495695,2.631533,6.806020,0.245281,0.311112,3.06217
extract_mu020_fine,1.69201,0.260931,3.431277,2.623992,2.049596,0.247139,0.313601,3.08993
extract_mu020_fine,1.69651,0.262557,3.403863,2.549652,5.772180,0.249970,0.318629,3.18785
extract_mu020_fine,1.70101,0.264187,3.473815,2.484709,1.577333,0.252207,0.322431,3.25882
extract_mu020_fine,1.70551,0.265822,3.683181,2.471298,4.058436,0.252392,0.321997,3.23687
extract_mu020_fine,1.71000,0.267457,3.900799,2.516867,7.264400,0.252583,0.321571,3.21505
extract_mu020_fine,1.71450,0.269100,3.956172,2.580274,4.761280,0.254681,0.323839,3.22451
extract_mu020_fine,1.71900,0.270747,3.838239,2.617779,7.076190,0.256779,0.326107,3.23398
extract_mu020_fine,1.72350,0.272398,3.624145,2.643141,1.740109,0.259319,0.329507,3.27410
extract_mu020_fine,1.72800,0.274053,3.520903,2.667872,2.364227,0.261984,0.333226,3.32288
extract_mu020_fine,1.73250,0.275712,3.610773,2.700145,3.817958,0.263060,0.334538,3.33399
extract_mu020_fine,1.73701,0.277379,3.812412,2.724003,2.739835,0.262875,0.333938,3.31515
extract_mu020_fine,1.74151,0.279047,3.979745,2.700228,8.055870,0.263607,0.335043,3.32990
extract_mu020_fine,1.74601,0.280718,3.952944,2.646709,3.092955,0.266145,0.339498,3.41065
extract_mu020_fine,1.75051,0.282393,3.828490,2.611630,2.517157,0.268585,0.343612,3.48152
extract_mu020_fine,1.75501,0.284073,3.737808,2.641874,3.290622,0.270274,0.345082,3.47600
extract_mu020_fine,1.75951,0.285756,3.751991,2.745393,0.181169,0.271963,0.346551,3.47048
extract_mu020_fine,1.76401,0.287443,3.879455,2.857126,6.247150,0.272880,0.346774,3.44430
extract_mu020_fine,1.76851,0.289134,3.952456,2.904604,3.133023,0.273703,0.346845,3.41562
extract_mu020_fine,1.77301,0.290829,3.961816,2.860052,2.331737,0.275844,0.350409,3.47523
extract_mu020_fine,1.77750,0.292525,3.971507,2.769113,4.501730,0.278630,0.355687,3.57824
extract_mu020_fine,1.78200,0.294227,4.022556,2.711869,1.026063,0.280402,0.358561,3.62618
extract_mu020_fine,1.78651,0.295938,4.164134,2.732519,4.944660,0.280914,0.358448,3.60571
extract_mu020_fine,1.79100,0.297644,4.237819,2.819340,4.506970,0.281767,0.358795,3.59029
extract_mu020_fine,1.79550,0.299359,4.129226,2.907319,3.165883,0.283805,0.360722,3.59188
extract_mu020_fine,1.80000,0.301077,3.853646,2.956435,6.113790,0.285844,0.362654,3.59357
extract_mu020_fine,1.80450,0.302799,3.519962,2.973450,0.371760,0.288323,0.366398,3.64279
extract_mu020_fine,1.80900,0.304524,3.387370,2.978643,2.675537,0.290802,0.370141,3.69200
extract_mu020_fine,1.81350,0.306253,3.549421,2.997331,1.654745,0.289906,0.368314,3.65537
extract_mu020_fine,1.81800,0.307986,3.913034,2.999149,4.288810,0.288056,0.364916,3.59452
extract_mu020_fine,1.82251,0.309727,4.191918,2.945504,9.843370,0.288959,0.366733,3.63390
extract_mu020_fine,1.82701,0.311467,4.162114,2.856794,4.070240,0.292035,0.372668,3.75239
extract_mu020_fine,1.83151,0.313211,3.978828,2.793074,4.530530,0.294765,0.377321,3.83273
extract_mu020_fine,1.83601,0.314959,3.866404,2.848074,2.284444,0.296815,0.379454,3.83817
extract_mu020_fine,1.84050,0.316706,3.951465,3.014009,2.271315,0.298637,0.381158,3.83515
extract_mu020_fine,1.84501,0.318465,4.150165,3.170894,8.411150,0.298710,0.379531,3.76570
extract_mu020_fine,1.84951,0.320223,4.240590,3.217787,5.504510,0.298783,0.377908,3.69640
extract_mu020_fine,1.85401,0.321985,4.213111,3.117884,6.384510,0.302184,0.383914,3.81434
extract_mu020_fine,1.85851,0.323750,4.189912,2.963874,3.428406,0.305985,0.390839,3.95481
extract_mu020_fine,1.86301,0.325519,4.332868,2.895735,0.563572,0.306899,0.391954,3.96960
extract_mu020_fine,1.86751,0.327291,4.647618,2.947522,8.364320,0.306392,0.390209,3.92255
extract_mu020_fine,1.87201,0.329067,4.881536,3.066292,5.952020,0.307303,0.390646,3.90452
extract_mu020_fine,1.87651,0.330846,4.896204,3.159340,7.389850,0.309960,0.393770,3.92223
extract_mu020_fine,1.88101,0.332629,4.696032,3.179675,6.325190,0.312740,0.397303,3.95199
extract_mu020_fine,1.88551,0.334415,4.485271,3.175599,2.353445,0.315937,0.402239,4.02311
extract_mu020_fine,1.89001,0.336204,4.497719,3.196926,3.801231,0.319118,0.407147,4.09374
extract_mu020_fine,1.89451,0.337997,4.688965,3.232069,3.469536,0.317802,0.404286,4.03222
extract_mu020_fine,1.89901,0.339793,4.895670,3.227612,5.619150,0.316487,0.401426,3.97068
extract_mu020_fine,1.90351,0.341593,4.893639,3.154718,9.974560,0.319069,0.405966,4.05817
extract_mu020_fine,1.90801,0.343395,4.625702,3.063943,0.547191,0.322743,0.412578,4.18732
extract_mu020_fine,1.91251,0.345201,4.388901,3.057309,2.964300,0.325006,0.415612,4.21799
extract_mu020_fine,1.91700,0.347006,4.335054,3.183219,2.765617,0.326155,0.415827,4.17115
extract_mu020_fine,1.92150,0.348819,4.436736,3.363636,2.038696,0.327295,0.416215,4.13745
extract_mu020_fine,1.92601,0.350638,4.537033,3.473214,9.212610,0.328416,0.416949,4.13000
extract_mu020_fine,1.93051,0.352457,4.451897,3.436465,2.853888,0.329807,0.418352,4.13886
extract_mu020_fine,1.93501,0.354279,4.338132,3.293502,1.898836,0.333296,0.424928,4.27321
extract_mu020_fine,1.93950,0.356100,4.397047,3.185520,2.455457,0.336777,0.431489,4.40722
extract_mu020_fine,1.94400,0.357928,4.676146,3.191106,0.797138,0.336273,0.429642,4.34827
extract_mu020_fine,1.94850,0.359759,5.030600,3.286957,8.164780,0.335280,0.426763,4.26562
extract_mu020_fine,1.95300,0.361593,5.160236,3.400821,6.246050,0.337491,0.429017,4.27193
extract_mu020_fine,1.95750,0.363430,5.038584,3.458945,4.725240,0.341288,0.433812,4.32227
extract_mu020_fine,1.96200,0.365271,4.870822,3.486247,1.811280,0.343485,0.436453,4.34534
extract_mu020_fine,1.96650,0.367114,4.881036,3.532514,3.220373,0.343700,0.436427,4.33466
extract_mu020_fine,1.97100,0.368960,5.101727,3.574264,6.734410,0.343761,0.436347,4.32810
extract_mu020_fine,1.97550,0.370809,5.323276,3.556800,5.133460,0.343287,0.436084,4.33574
extract_mu020_fine,1.98000,0.372662,5.399299,3.445264,7.187510,0.342825,0.435839,4.34369
extract_mu020_fine,1.98450,0.374517,5.305311,3.303519,6.858640,0.347089,0.443016,4.47295
extract_mu020_fine,1.98901,0.376379,5.192882,3.265544,3.112467,0.351362,0.450210,4.60246
extract_mu020_fine,1.99351,0.378239,5.248756,3.389498,6.296900,0.351558,0.448740,4.52856
extract_mu020_fine,1.99801,0.380103,5.363774,3.584261,6.227220,0.350608,0.444834,4.39742
extract_mu020_fine,2.00251,0.381969,5.395525,3.693549,5.931160,0.352446,0.446882,4.40504
extract_mu020_fine,2.00701,0.383839,5.288496,3.648689,9.561240,0.356490,0.453640,4.52245
extract_mu020_fine,2.01151,0.385711,5.120187,3.520163,1.680402,0.359520,0.458668,4.61149
extract_mu020_fine,2.01601,0.387585,5.142160,3.442871,2.691304,0.360544,0.460280,4.64450
extract_mu020_fine,2.02051,0.389463,5.343421,3.481283,6.006430,0.361462,0.461589,4.66831
extract_mu020_fine,2.02501,0.391343,5.517633,3.562070,5.964440,0.361562,0.460554,4.62100
extract_mu020_fine,2.02951,0.393225,5.444764,3.594873,12.894270,0.361662,0.459520,4.57369
extract_mu020_fine,2.03401,0.395111,5.049945,3.571274,2.871897,0.366107,0.466079,4.66893
extract_mu020_fine,2.03850,0.396995,4.695567,3.561731,1.298635,0.371064,0.473536,4.78105
extract_mu020_fine,2.04300,0.398885,4.658693,3.642495,4.331690,0.371844,0.473682,4.75872
extract_mu020_fine,2.04750,0.400779,4.891853,3.763897,2.766127,0.370550,0.470199,4.66966
extract_mu020_fine,2.05200,0.402674,5.152984,3.805251,11.448620,0.371195,0.470872,4.67216
extract_mu020_fine,2.05650,0.404573,5.138573,3.721033,6.320310,0.374238,0.476681,4.78787
extract_mu020_fine,2.06101,0.406478,4.967141,3.572449,1.948739,0.377005,0.481805,4.88582
extract_mu020_fine,2.06551,0.408381,4.926114,3.509214,4.053550,0.378803,0.484542,4.92235
extract_mu020_fine,2.07001,0.410287,5.106955,3.604507,0.765332,0.380597,0.487265,4.95849
extract_mu020_fine,2.07451,0.412195,5.381653,3.765461,9.755440,0.380762,0.485328,4.87479
extract_mu020_fine,2.07901,0.414105,5.404844,3.868648,8.180500,0.380927,0.483391,4.79108
extract_mu020_fine,2.08351,0.416018,5.139179,3.851504,3.517177,0.384754,0.489138,4.87508
extract_mu020_fine,2.08801,0.417934,4.844876,3.780362,4.536700,0.389608,0.497039,5.00606
extract_mu020_fine,2.09250,0.419847,4.742556,3.783116,1.499847,0.391105,0.498776,5.02131
extract_mu020_fine,2.09700,0.421767,4.877527,3.871720,6.300720,0.389952,0.495647,4.94512
extract_mu020_fine,2.10150,0.423689,4.965521,3.972031,8.683290,0.390072,0.494852,4.91229
extract_mu020_fine,2.10600,0.425614,4.834084,4.005780,4.555920,0.392713,0.498676,4.96531
extract_mu020_fine,2.11050,0.427541,4.665653,3.962461,0.278024,0.395030,0.502061,5.01245
extract_mu020_fine,2.11501,0.429474,4.720662,3.921373,2.098784,0.394815,0.502022,5.01373
extract_mu020_fine,2.11951,0.431405,5.013616,3.905072,5.755200,0.394600,0.501982,5.01501
extract_mu020_fine,2.12401,0.433339,5.283117,3.874927,4.803660,0.395770,0.504377,5.06709
extract_mu020_fine,2.12851,0.435274,5.364689,3.820278,6.514510,0.397108,0.507067,5.12534
extract_mu020_fine,2.13301,0.437212,5.255413,3.762682,5.832330,0.399569,0.510491,5.17274
extract_mu020_fine,2.13750,0.439147,5.124307,3.785398,0.817239,0.402576,0.514267,5.21469
extract_mu020_fine,2.14200,0.441089,5.148239,3.915641,5.335860,0.404324,0.515574,5.20147
extract_mu020_fine,2.14650,0.443033,5.216003,4.057485,6.842850,0.404502,0.513812,5.11978
extract_mu020_fine,2.15101,0.444983,5.208030,4.120565,4.532480,0.405429,0.513816,5.08122
extract_mu020_fine,2.15551,0.446931,5.127484,4.071438,8.437830,0.408903,0.519839,5.19016
extract_mu020_fine,2.16001,0.448880,5.063061,3.966340,1.545452,0.412367,0.525845,5.29875
extract_mu020_fine,2.16451,0.450832,5.207846,3.920642,4.716830,0.412501,0.526042,5.30216
extract_mu020_fine,2.16901,0.452786,5.475748,3.951816,9.165860,0.412634,0.526239,5.30557
extract_mu020_fine,2.17350,0.454737,5.635778,4.005246,7.143560,0.414463,0.528550,5.33060
extract_mu020_fine,2.17800,0.456695,5.595812,4.035909,11.605840,0.416773,0.531459,5.36175
extract_mu020_fine,2.18251,0.458658,5.374882,4.036371,5.281500,0.419379,0.534829,5.39743
extract_mu020_fine,2.18701,0.460619,5.226824,4.067082,2.240751,0.422209,0.538551,5.43654
extract_mu020_fine,2.19151,0.462582,5.311227,4.149012,7.680040,0.424030,0.540556,5.44393
extract_mu020_fine,2.19601,0.464547,5.488261,4.211370,5.570150,0.423858,0.539174,5.38872
extract_mu020_fine,2.20051,0.466513,5.621809,4.196034,8.800700,0.424073,0.538601,5.35287
extract_mu020_fine,2.20500,0.468477,5.608566,4.101600,8.795810,0.427282,0.544270,5.46639
extract_mu020_fine,2.20950,0.470447,5.545623,4.003832,2.068008,0.430497,0.549951,5.58012
extract_mu020_fine,2.21401,0.472423,5.629404,4.008143,6.569700,0.431194,0.550154,5.56473
extract_mu020_fine,2.21851,0.474396,5.772905,4.105882,7.156420,0.431583,0.549689,5.53368
extract_mu020_fine,2.22301,0.476371,5.816120,4.213446,6.967780,0.433501,0.552050,5.54844
extract_mu020_fine,2.22751,0.478347,5.652766,4.270276,9.847870,0.436174,0.555802,5.58579
extract_mu020_fine,2.23200,0.480321,5.329653,4.263629,2.156240,0.438715,0.559375,5.62752
extract_mu020_fine,2.23650,0.482300,5.122055,4.264950,2.369925,0.441106,0.562744,5.67490
extract_mu020_fine,2.24101,0.484286,5.129262,4.318934,5.329900,0.442735,0.564693,5.69536
extract_mu020_fine,2.24551,0.486268,5.253057,4.374154,4.061440,0.441706,0.561711,5.62248
extract_mu020_fine,2.25001,0.488252,5.423052,4.384562,1.175028,0.440684,0.558749,5.55008
extract_mu020_fine,2.25451,0.490238,5.616818,4.324219,3.949846,0.441990,0.561831,5.62920
extract_mu020_fine,2.25900,0.492220,5.727657,4.196875,8.070140,0.443293,0.564907,5.70813
extract_mu020_fine,2.26350,0.494208,5.728694,4.093347,1.498148,0.445096,0.568188,5.76493
extract_mu020_fine,2.26801,0.496202,5.761112,4.096207,4.700830,0.447043,0.571533,5.81554
extract_mu020_fine,2.27251,0.498193,5.767587,4.205039,4.415590,0.448772,0.573298,5.81790
extract_mu020_fine,2.27700,0.500181,5.696102,4.359227,1.797641,0.450328,0.573820,5.78232
extract_mu020_fine,2.28150,0.502175,5.540047,4.462910,7.225880,0.452436,0.575633,5.77645
extract_mu020_fine,2.28600,0.504169,5.328311,4.486353,0.244719,0.455629,0.580000,5.82957
extract_mu020_fine,2.29051,0.506170,5.309788,4.471002,0.850311,0.458434,0.583831,5.87559
extract_mu020_fine,2.29501,0.508167,5.510771,4.436345,4.784560,0.458149,0.583403,5.86534
extract_mu020_fine,2.29951,0.510166,5.783149,4.390414,2.750196,0.457864,0.582975,5.85508
extract_mu020_fine,2.30400,0.512161,5.999153,4.328326,10.437820,0.459720,0.586197,5.91401
extract_mu020_fine,2.30851,0.514166,5.990032,4.269415,5.930710,0.461843,0.589875,5.98154
extract_mu020_fine,2.31301,0.516168,5.888556,4.283406,3.205746,0.464015,0.592345,6.00092
extract_mu020_fine,2.31751,0.518171,5.836484,4.392568,8.864520,0.466214,0.594221,5.99658
extract_mu020_fine,2.32200,0.520170,5.796292,4.546380,3.994570,0.468269,0.596085,5.99060
extract_mu020_fine,2.32650,0.522175,5.792286,4.658079,9.596850,0.470156,0.597944,5.98258
extract_mu020_fine,2.33101,0.524186,5.745357,4.659895,9.294940,0.472133,0.600339,5.99701
extract_mu020_fine,2.33551,0.526193,5.732963,4.583067,2.440944,0.474396,0.604560,6.08898
extract_mu020_fine,2.34001,0.528201,5.915174,4.502860,9.748440,0.476650,0.608763,6.18052
extract_mu020_fine,2.34450,0.530205,6.177504,4.455657,6.974240,0.476483,0.608371,6.16866
extract_mu020_fine,2.34901,0.532220,6.410992,4.443962,9.550580,0.476316,0.607977,6.15675
extract_mu020_fine,2.35351,0.534230,6.448770,4.443021,14.008170,0.478714,0.610915,6.19561
extract_mu020_fine,2.35800,0.536237,6.244330,4.462016,4.729080,0.481826,0.614782,6.24861
extract_mu020_fine,2.36250,0.538250,6.040092,4.544375,9.148660,0.484014,0.616918,6.24861
extract_mu020_fine,2.36701,0.540267,5.888475,4.677854,8.767740,0.485466,0.617676,6.20637
extract_mu020_fine,2.37151,0.542281,5.787615,4.805962,4.622840,0.487058,0.619097,6.19092
extract_mu020_fine,2.37601,0.544296,5.695059,4.863190,12.532730,0.488936,0.621831,6.22815
extract_mu020_fine,2.38050,0.546307,5.501985,4.827008,5.058620,0.490502,0.624123,6.26131
extract_mu020_fine,2.38501,0.548327,5.400161,4.766398,0.811395,0.489664,0.623010,6.26344
extract_mu020_fine,2.38951,0.550344,5.514608,4.750793,6.248840,0.488827,0.621899,6.26556
extract_mu020_fine,2.39401,0.552362,5.637132,4.749354,9.186610,0.490520,0.624441,6.30031
extract_mu020_fine,2.39850,0.554375,5.605132,4.719588,4.980440,0.492514,0.627420,6.33892
extract_mu020_fine,2.40300,0.556394,5.523692,4.685715,3.542040,0.494655,0.630338,6.36325
extract_mu020_fine,2.40751,0.558417,5.565477,4.702638,0.855581,0.496870,0.633230,6.38051
extract_mu020_fine,2.41201,0.560437,5.799811,4.777974,4.078700,0.498218,0.634631,6.38247
extract_mu020_fine,2.41650,0.562453,6.038225,4.821476,6.848130,0.498501,0.634203,6.36565
extract_mu020_fine,2.42100,0.564474,6.093189,4.775848,4.508470,0.499444,0.635102,6.37707
extract_mu020_fine,2.42551,0.566499,6.031454,4.684891,3.070328,0.502668,0.640590,6.48619
extract_mu020_fine,2.43000,0.568516,6.004809,4.637781,0.080200,0.505871,0.646041,6.59450
extract_mu020_fine,2.43450,0.570538,6.111951,4.699772,2.228435,0.505957,0.645182,6.54287
extract_mu020_fine,2.43901,0.572565,6.232049,4.811233,7.669020,0.506042,0.644320,6.49111
extract_mu020_fine,2.44351,0.574588,6.164405,4.874477,4.666610,0.508837,0.648329,6.52803
extract_mu020_fine,2.44800,0.576607,5.970204,4.876118,3.002107,0.512385,0.653692,6.58965
extract_mu020_fine,2.45251,0.578635,5.847245,4.861592,2.535920,0.514364,0.656314,6.61849
extract_mu020_fine,2.45701,0.580658,5.944666,4.887631,0.874920,0.515091,0.656754,6.62129
extract_mu020_fine,2.46150,0.582678,6.204583,4.931726,7.568280,0.515976,0.657592,6.62908
extract_mu020_fine,2.46600,0.584702,6.373355,4.915957,7.469680,0.517180,0.659223,6.64680
extract_mu020_fine,2.47051,0.586731,6.371845,4.838938,5.494160,0.518532,0.661084,6.66878
extract_mu020_fine,2.47500,0.588751,6.322397,4.769644,5.069350,0.521008,0.664690,6.72345
extract_mu020_fine,2.47950,0.590775,6.361746,4.786701,3.590200,0.523489,0.668305,6.77823
extract_mu020_fine,2.48401,0.592805,6.513610,4.890948,8.395830,0.524224,0.668282,6.74601
extract_mu020_fine,2.48850,0.594825,6.585195,4.980676,10.455200,0.524739,0.667808,6.70313
extract_mu020_fine,2.49300,0.596850,6.475269,4.996823,7.213520,0.527374,0.671279,6.74780
extract_mu020_fine,2.49751,0.598880,6.322590,4.966512,8.107980,0.531066,0.676715,6.83601
extract_mu020_fine,2.50200,0.600900,6.287821,4.953366,5.053830,0.533045,0.679564,6.87960
extract_mu020_fine,2.50651,0.602929,6.437472,4.996789,8.013450,0.532922,0.679242,6.86844
extract_mu020_fine,2.51101,0.604954,6.596682,5.039738,13.392050,0.533421,0.679922,6.87226
extract_mu020_fine,2.51550,0.606975,6.556938,5.032671,9.421950,0.536047,0.684041,6.92739
extract_mu020_fine,2.52001,0.609004,6.371454,5.008546,9.349380,0.538676,0.688161,6.98241
extract_mu020_fine,2.52451,0.611029,6.186946,5.030915,8.150610,0.537738,0.685161,6.89730
extract_mu020_fine,2.52900,0.613049,6.140758,5.144705,1.942732,0.536802,0.682168,6.81235
extract_mu020_fine,2.53351,0.615078,6.195631,5.270700,17.840680,0.538005,0.683089,6.81328
extract_mu020_fine,2.53801,0.617102,6.039775,5.262352,11.146570,0.539807,0.685108,6.83838
extract_mu020_fine,2.54250,0.619121,5.789721,5.147664,3.739050,0.542065,0.688716,6.90413
extract_mu020_fine,2.54701,0.621150,5.770182,5.049298,8.266980,0.544699,0.693610,7.00251
extract_mu020_fine,2.55151,0.623173,5.994996,5.059018,3.006240,0.546244,0.696229,7.04391
extract_mu020_fine,2.55600,0.625192,6.332529,5.137231,11.122560,0.545649,0.694383,6.97344
extract_mu020_fine,2.56051,0.627219,6.436624,5.163241,13.110050,0.545647,0.693540,6.92473
extract_mu020_fine,2.56501,0.629241,6.250258,5.136383,0.214633,0.550308,0.700617,7.04908
extract_mu020_fine,2.56950,0.631259,6.125473,5.129336,5.809270,0.554957,0.707679,7.17309
extract_mu020_fine,2.57401,0.633285,6.199788,5.201843,4.038337,0.554510,0.706359,7.12205
extract_mu020_fine,2.57851,0.635306,6.424716,5.298203,5.124110,0.553442,0.704022,7.04980
extract_mu020_fine,2.58300,0.637323,6.572698,5.286779,12.680110,0.555284,0.707244,7.09951
extract_mu020_fine,2.58751,0.639347,6.491324,5.181194,1.023804,0.558575,0.713229,7.20971
extract_mu020_fine,2.59201,0.641367,6.456847,5.087175,1.317929,0.560396,0.716204,7.25339
extract_mu020_fine,2.59650,0.643382,6.604761,5.094227,5.259670,0.560413,0.715482,7.21542
extract_mu020_fine,2.60101,0.645405,6.811767,5.194469,3.333370,0.560993,0.715511,7.19208
extract_mu020_fine,2.60550,0.647419,6.907353,5.256913,10.134190,0.563507,0.718137,7.21971
extract_mu020_fine,2.61001,0.649441,6.740375,5.247729,3.089539,0.566033,0.720776,7.24747
extract_mu020_fine,2.61451,0.651457,6.570239,5.239964,1.904973,0.568521,0.723839,7.27554
extract_mu020_fine,2.61900,0.653469,6.641101,5.285082,5.044370,0.571004,0.726896,7.30354
extract_mu020_fine,2.62351,0.655489,6.863581,5.376001,2.158381,0.571688,0.727570,7.29812
extract_mu020_fine,2.62800,0.657499,7.095382,5.397215,7.195460,0.571864,0.727574,7.28335
extract_mu020_fine,2.63250,0.659513,7.144462,5.303643,7.339660,0.573711,0.730836,7.34426
extract_mu020_fine,2.63701,0.661531,7.090878,5.202545,1.931882,0.576888,0.736693,7.46535
extract_mu020_fine,2.64150,0.663539,7.166067,5.181402,5.699380,0.578762,0.739964,7.52564
extract_mu020_fine,2.64601,0.665555,7.278810,5.265783,5.134890,0.578090,0.738179,7.46701
extract_mu020_fine,2.65050,0.667562,7.262639,5.368658,6.244660,0.577920,0.737200,7.42495
extract_mu020_fine,2.65501,0.669576,6.981794,5.397307,10.426190,0.581659,0.742460,7.51046
extract_mu020_fine,2.65950,0.671580,6.498781,5.419885,0.470584,0.585381,0.747698,7.59556
extract_mu020_fine,2.66401,0.673593,6.168850,5.505059,1.109763,0.583741,0.743244,7.47840
extract_mu020_fine,2.66851,0.675600,6.059355,5.645209,7.413530,0.581449,0.737614,7.33669
extract_mu020_fine,2.67300,0.677602,5.936734,5.721189,9.596770,0.583502,0.740011,7.36105
extract_mu020_fine,2.67751,0.679611,5.705975,5.637426,6.379550,0.587715,0.746389,7.46762
extract_mu020_fine,2.68201,0.681616,5.584818,5.520041,3.068509,0.589713,0.749427,7.52018
extract_mu020_fine,2.68651,0.683619,5.766082,5.487401,4.384830,0.588989,0.748360,7.50646
extract_mu020_fine,2.69101,0.685621,6.130700,5.524827,11.231130,0.588799,0.748242,7.50619
extract_mu020_fine,2.69550,0.687617,6.366947,5.542099,12.441090,0.590444,0.751373,7.55208
extract_mu020_fine,2.70001,0.689621,6.351413,5.472792,10.009700,0.592098,0.754522,7.59819
extract_mu020_fine,2.70450,0.691615,6.270778,5.408753,6.132210,0.594772,0.758405,7.65438
extract_mu020_fine,2.70901,0.693617,6.380037,5.460857,5.963000,0.597458,0.762306,7.71081
extract_mu020_fine,2.71350,0.695609,6.670756,5.582725,11.241490,0.597663,0.761615,7.69209
extract_mu020_fine,2.71801,0.697608,6.850499,5.644267,13.446950,0.597171,0.759630,7.65212
extract_mu020_fine,2.72251,0.699602,6.780513,5.565007,10.594720,0.599144,0.762589,7.70047
extract_mu020_fine,2.72701,0.701594,6.629138,5.428272,6.605860,0.603062,0.769449,7.81847
extract_mu020_fine,2.73151,0.703585,6.651923,5.398643,5.094410,0.605203,0.772922,7.86259
extract_mu020_fine,2.73601,0.705575,6.900567,5.492317,10.639310,0.603837,0.769716,7.76106
extract_mu020_fine,2.74051,0.707564,7.089289,5.596745,13.341320,0.603119,0.767591,7.68307
extract_mu020_fine,2.74500,0.709546,6.996377,5.606436,9.962560,0.607407,0.773832,7.78756
extract_mu020_fine,2.74951,0.711536,6.758383,5.541176,8.291600,0.611715,0.780101,7.89248
extract_mu020_fine,2.75400,0.713516,6.658738,5.540515,4.435250,0.612462,0.780639,7.89085
extract_mu020_fine,2.75851,0.715503,6.835969,5.640283,6.940290,0.612782,0.780485,7.87631
extract_mu020_fine,2.76300,0.717480,7.090865,5.733907,13.901310,0.613776,0.781763,7.88946
extract_mu020_fine,2.76751,0.719464,7.140680,5.714899,9.648050,0.615109,0.783756,7.91638
extract_mu020_fine,2.77200,0.721437,7.020916,5.586474,6.678140,0.616945,0.786767,7.96178
extract_mu020_fine,2.77651,0.723418,6.964275,5.499593,3.758780,0.619420,0.791068,8.03050
extract_mu020_fine,2.78100,0.725389,7.117327,5.552388,4.668550,0.621229,0.793843,8.06923
extract_mu020_fine,2.78551,0.727367,7.338073,5.670320,9.494440,0.620769,0.791400,8.00503
extract_mu020_fine,2.79000,0.729334,7.308858,5.736363,9.049630,0.620316,0.788980,7.94130
extract_mu020_fine,2.79451,0.731308,6.998148,5.705870,3.574840,0.623157,0.792986,7.97839
extract_mu020_fine,2.79900,0.733272,6.676437,5.681994,2.560556,0.625984,0.796974,8.01531
extract_mu020_fine,2.80351,0.735243,6.531551,5.769953,2.505769,0.624434,0.793865,7.95260
extract_mu020_fine,2.80801,0.737208,6.364964,5.884076,9.539810,0.621654,0.788765,7.86195
extract_mu020_fine,2.81250,0.739167,5.891827,5.962847,2.729839,0.620746,0.786465,7.80589
extract_mu020_fine,2.81701,0.741133,5.226173,6.061188,5.186521,0.621311,0.786366,7.77685
extract_mu020_fine,2.82150,0.743088,4.586845,6.262522,6.619270,0.620731,0.784064,7.71165
extract_mu020_fine,2.82600,0.745045,4.058883,6.536967,2.451480,0.617882,0.777388,7.57427
extract_mu020_fine,2.83050,0.747001,3.625898,6.686990,1.696855,0.615712,0.772253,7.46865
extract_mu020_fine,2.83501,0.748959,3.304478,6.658703,8.358340,0.618830,0.779123,7.61117
extract_mu020_fine,2.83951,0.750911,3.110170,6.524280,2.582161,0.621940,0.785978,7.75328
extract_mu020_fine,2.84401,0.752861,3.033379,6.346393,0.193359,0.619098,0.782618,7.73650
extract_mu020_fine,2.84850,0.754805,3.053270,6.225054,5.853320,0.615543,0.778032,7.70056
extract_mu020_fine,2.85300,0.756751,3.148539,6.194199,1.806395,0.616401,0.779270,7.70046
extract_mu020_fine,2.85751,0.758700,3.252704,6.249346,0.130872,0.619452,0.783404,7.71817
extract_mu020_fine,2.86201,0.760642,3.332315,6.376788,6.614140,0.620335,0.783516,7.68627
extract_mu020_fine,2.86650,0.762577,3.398665,6.497150,1.566040,0.618554,0.778688,7.59338
extract_mu020_fine,2.87100,0.764515,3.454940,6.521099,2.919186,0.617586,0.776029,7.54941
extract_mu020_fine,2.87551,0.766455,3.523777,6.386608,0.168586,0.619444,0.780905,7.67542
extract_mu020_fine,2.88001,0.768389,3.637468,6.166840,3.141884,0.621287,0.785752,7.80065
extract_mu020_fine,2.88450,0.770316,3.781533,6.032287,0.943948,0.620046,0.784344,7.79097
extract_mu020_fine,2.88901,0.772249,3.907481,6.053414,3.261150,0.618800,0.782931,7.78125
extract_mu020_fine,2.89351,0.774176,3.870989,6.179328,8.908610,0.619772,0.784024,7.75438
extract_mu020_fine,2.89801,0.776101,3.611062,6.303416,3.264360,0.621368,0.785823,7.72266
extract_mu020_fine,2.90250,0.778019,3.312989,6.376065,1.489634,0.620926,0.784678,7.68989
extract_mu020_fine,2.90701,0.779944,3.118378,6.435912,1.081478,0.618868,0.781197,7.65607
extract_mu020_fine,2.91151,0.781862,3.049598,6.446312,5.806960,0.617736,0.779552,7.64635
extract_mu020_fine,2.91601,0.783777,3.017264,6.364961,7.436430,0.618423,0.781518,7.68406
extract_mu020_fine,2.92050,0.785686,2.968390,6.265816,1.154435,0.619065,0.783240,7.71600
extract_mu020_fine,2.92501,0.787601,2.958517,6.226569,3.823800,0.619369,0.783084,7.70332
extract_mu020_fine,2.92951,0.789510,3.003208,6.290419,6.113200,0.619671,0.782929,7.69066
extract_mu020_fine,2.93401,0.791416,3.101402,6.403914,2.970577,0.618495,0.779964,7.61999
extract_mu020_fine,2.93851,0.793319,3.234429,6.456941,8.987240,0.617140,0.776658,7.54226
extract_mu020_fine,2.94300,0.795216,3.286178,6.429796,3.139020,0.618306,0.778509,7.58113
extract_mu020_fine,2.94751,0.797119,3.223637,6.355806,0.816007,0.620724,0.782916,7.67775
extract_mu020_fine,2.95201,0.799015,3.091069,6.304560,5.821590,0.620454,0.783169,7.70303
extract_mu020_fine,2.95651,0.800909,2.922849,6.298799,4.509807,0.616870,0.778300,7.64044
extract_mu020_fine,2.96100,0.802795,2.768497,6.284119,4.348440,0.614969,0.775926,7.61437
extract_mu020_fine,2.96550,0.804684,2.656500,6.291848,3.928350,0.618852,0.782137,7.71404
extract_mu020_fine,2.97001,0.806574,2.609942,6.345852,0.668000,0.622722,0.788326,7.81331
extract_mu020_fine,2.97451,0.808457,2.653626,6.408887,3.349640,0.618872,0.781645,7.70372
extract_mu020_fine,2.97900,0.810333,2.769879,6.452582,2.300362,0.615030,0.774979,7.59431
extract_mu020_fine,2.98350,0.812210,2.928368,6.407748,2.616342,0.616893,0.778114,7.64927
extract_mu020_fine,2.98801,0.814090,3.059762,6.300158,3.854203,0.620377,0.784035,7.75091
extract_mu020_fine,2.99251,0.815962,3.122387,6.241670,3.949280,0.620467,0.784238,7.75124
extract_mu020_fine,2.99700,0.817827,3.105339,6.266288,1.653938,0.617881,0.779933,7.67172
extract_mu020_fine,3.00150,0.819694,2.994679,6.353657,3.054425,0.616701,0.777648,7.61908
extract_mu020_fine,3.00601,0.821562,2.846308,6.416725,0.804696,0.618319,0.779383,7.62005
extract_mu020_fine,3.01051,0.823423,2.732859,6.415084,1.798386,0.619749,0.780971,7.62413
extract_mu020_fine,3.01501,0.825281,2.652479,6.396864,2.438986,0.619743,0.781441,7.65239
extract_mu020_fine,3.01950,0.827132,2.607067,6.368061,1.509321,0.619737,0.781911,7.68059
extract_mu020_fine,3.02400,0.828985,2.569966,6.339279,1.520951,0.618264,0.780568,7.67799
extract_mu020_fine,3.02851,0.830839,2.505208,6.302476,1.036502,0.616609,0.779000,7.67161
extract_mu020_fine,3.03301,0.832685,2.457017,6.256011,1.272343,0.617853,0.781275,7.69449
extract_mu020_fine,3.03751,0.834529,2.453754,6.279790,2.469040,0.620528,0.785447,7.73182
extract_mu020_fine,3.04200,0.836365,2.482205,6.368128,4.037702,0.620362,0.784769,7.71010
extract_mu020_fine,3.04650,0.838203,2.493090,6.439895,2.918341,0.616688,0.778104,7.61534
extract_mu020_fine,3.05101,0.840041,2.441745,6.440921,1.759359,0.614786,0.774436,7.56580
extract_mu020_fine,3.05551,0.841873,2.399843,6.352256,1.338348,0.619032,0.781185,7.67339
extract_mu020_fine,3.06001,0.843701,2.417733,6.266457,1.677088,0.623248,0.787884,7.78014
extract_mu020_fine,3.06450,0.845523,2.478507,6.259401,4.082405,0.619374,0.781484,7.67924
extract_mu020_fine,3.06901,0.847349,2.512302,6.302928,2.438957,0.615482,0.775055,7.57785
extract_mu020_fine,3.07351,0.849168,2.445033,6.354194,0.325503,0.617213,0.777776,7.61841
extract_mu020_fine,3.07801,0.850984,2.328653,6.368783,2.097081,0.620524,0.783069,7.69887
extract_mu020_fine,3.08250,0.852793,2.255673,6.370460,0.096152,0.620759,0.783580,7.71273
extract_mu020_fine,3.08700,0.854602,2.265327,6.393755,2.375874,0.618562,0.780312,7.67401
extract_mu020_fine,3.09151,0.856412,2.330236,6.391022,1.387864,0.617281,0.778777,7.65881
extract_mu020_fine,3.09601,0.858215,2.364642,6.346569,3.603908,0.617825,0.780689,7.69035
extract_mu020_fine,3.10051,0.860015,2.334556,6.281930,1.296511,0.618419,0.782503,7.72034
extract_mu020_fine,3.10500,0.861807,2.312587,6.250327,0.770184,0.619393,0.783568,7.73835
extract_mu020_fine,3.10951,0.863604,2.341190,6.312185,0.164427,0.620372,0.784638,7.75644
extract_mu020_fine,3.11401,0.865394,2.403865,6.402553,2.152586,0.618466,0.780410,7.67546
extract_mu020_fine,3.11851,0.867181,2.417171,6.432347,5.166830,0.616208,0.775538,7.58237
extract_mu020_fine,3.12301,0.868964,2.348123,6.389634,0.632697,0.617700,0.777906,7.61063
extract_mu020_fine,3.12750,0.870739,2.281503,6.311537,2.362113,0.621029,0.783824,7.69837
extract_mu020_fine,3.13201,0.872519,2.269111,6.282594,2.318988,0.621109,0.784304,7.70825
extract_mu020_fine,3.13651,0.874292,2.317438,6.307802,1.624804,0.617183,0.778080,7.62212
extract_mu020_fine,3.14101,0.876061,2.368622,6.327763,7.090940,0.615021,0.774681,7.57893
extract_mu020_fine,3.14550,0.877823,2.350858,6.338437,2.349699,0.618888,0.780945,7.68269
extract_mu020_fine,3.15001,0.879589,2.307939,6.346371,0.898317,0.622755,0.787210,7.78640
extract_mu020_fine,3.15451,0.881348,2.307163,6.375246,4.933590,0.619257,0.781838,7.68963
extract_mu020_fine,3.15901,0.883103,2.362624,6.408845,1.898535,0.615759,0.776466,7.59282
extract_mu020_fine,3.16351,0.884855,2.445383,6.377936,5.528610,0.616932,0.778897,7.64338
extract_mu020_fine,3.16800,0.886599,2.471212,6.304787,5.313210,0.619407,0.783501,7.73492
extract_mu020_fine,3.17251,0.888347,2.438797,6.252438,0.348354,0.619891,0.784108,7.75198
extract_mu020_fine,3.17701,0.890088,2.406971,6.269715,4.095010,0.618798,0.781552,7.71006
extract_mu020_fine,3.18151,0.891825,2.398647,6.355819,2.733150,0.618001,0.779596,7.66843
extract_mu020_fine,3.18600,0.893554,2.425274,6.409655,5.310790,0.617784,0.778822,7.62747
extract_mu020_fine,3.19050,0.895284,2.455554,6.395420,4.351930,0.617762,0.778444,7.59767
extract_mu020_fine,3.19501,0.897014,2.483859,6.354300,0.672082,0.619260,0.781170,7.65586
extract_mu020_fine,3.19951,0.898736,2.550074,6.315924,3.885890,0.620754,0.783890,7.71390
extract_mu020_fine,3.20400,0.900451,2.655659,6.312563,2.138128,0.618866,0.781271,7.68669
extract_mu020_fine,3.20850,0.902165,2.795107,6.306381,1.835942,0.616563,0.778000,7.64910
extract_mu020_fine,3.21301,0.903880,2.931174,6.278546,6.228140,0.617656,0.779948,7.67990
extract_mu020_fine,3.21751,0.905587,3.021504,6.286165,3.775753,0.620417,0.784459,7.74427
extract_mu020_fine,3.22200,0.907286,3.065820,6.334747,0.632777,0.620952,0.785357,7.75438
extract_mu020_fine,3.22650,0.908986,3.037265,6.379797,5.145100,0.618736,0.781787,7.69743
extract_mu020_fine,3.23101,0.910685,2.917536,6.350683,0.897510,0.617669,0.780073,7.67120
extract_mu020_fine,3.23551,0.912377,2.840504,6.250401,0.844413,0.620532,0.784712,7.75011
extract_mu020_fine,3.24001,0.914064,2.912301,6.191074,3.158141,0.623377,0.789320,7.82849
extract_mu020_fine,3.24450,0.915744,3.101291,6.197091,1.914788,0.621377,0.785675,7.77111
extract_mu020_fine,3.24901,0.917428,3.247771,6.208212,5.219150,0.619368,0.782013,7.71347
extract_mu020_fine,3.25351,0.919104,3.258052,6.193613,1.251878,0.621207,0.784750,7.75379
extract_mu020_fine,3.25800,0.920772,3.328724,6.160607,0.028344,0.624120,0.789277,7.82149
extract_mu020_fine,3.26250,0.922439,3.610951,6.169738,1.058552,0.623887,0.789174,7.81718
extract_mu020_fine,3.26701,0.924107,4.069990,6.207668,0.637359,0.621148,0.785387,7.75556
extract_mu020_fine,3.27150,0.925763,4.544637,6.220969,6.190490,0.619674,0.783190,7.71462
extract_mu020_fine,3.27600,0.927418,4.820346,6.255023,5.776150,0.620680,0.784109,7.71407
extract_mu020_fine,3.28051,0.929074,4.824178,6.354229,6.257240,0.621381,0.784550,7.70737
extract_mu020_fine,3.28501,0.930721,4.542505,6.480380,5.726040,0.619688,0.781249,7.65278
extract_mu020_fine,3.28951,0.932364,4.017799,6.539687,2.099024,0.617994,0.777947,7.59817
extract_mu020_fine,3.29400,0.934000,3.430932,6.500356,4.848411,0.619421,0.780635,7.64220
extract_mu020_fine,3.29850,0.935635,2.925496,6.436450,0.700428,0.621227,0.784053,7.69824
extract_mu020_fine,3.30301,0.937269,2.568944,6.378497,2.176902,0.620466,0.783116,7.68953
extract_mu020_fine,3.30751,0.938896,2.362245,6.338713,1.290883,0.618442,0.780037,7.64896
extract_mu020_fine,3.31201,0.940518,2.236229,6.339596,1.050891,0.618250,0.779560,7.63825
extract_mu020_fine,3.31650,0.942133,2.134489,6.361290,3.310362,0.620315,0.782286,7.66433
extract_mu020_fine,3.32100,0.943747,2.074867,6.407897,0.322364,0.621380,0.783600,7.67676
extract_mu020_fine,3.32551,0.945360,2.060201,6.453155,1.793469,0.618968,0.780008,7.64176
extract_mu020_fine,3.33001,0.946965,2.058346,6.425417,2.009124,0.616576,0.776448,7.60713
extract_mu020_fine,3.33451,0.948566,2.051026,6.352869,0.925301,0.618878,0.781050,7.67362
extract_mu020_fine,3.33900,0.950160,2.062192,6.300311,0.965307,0.621176,0.785641,7.73994
extract_mu020_fine,3.34350,0.951752,2.092566,6.294306,3.016865,0.619809,0.783509,7.73051
extract_mu020_fine,3.34801,0.953343,2.131408,6.336754,2.537305,0.617401,0.779469,7.69962
extract_mu020_fine,3.35251,0.954927,2.190482,6.378670,3.757930,0.617606,0.779394,7.69035
extract_mu020_fine,3.35701,0.956506,2.254737,6.401664,2.407686,0.619870,0.782448,7.69812
extract_mu020_fine,3.36150,0.958078,2.303181,6.412566,0.549597,0.620605,0.783366,7.68882
extract_mu020_fine,3.36601,0.959652,2.311383,6.393569,4.902950,0.618318,0.780067,7.64567
extract_mu020_fine,3.37051,0.961217,2.221374,6.346859,4.035760,0.616558,0.777566,7.61585
extract_mu020_fine,3.37501,0.962779,2.053517,6.291436,1.920998,0.618865,0.781226,7.68926
extract_mu020_fine,3.37950,0.964333,1.906389,6.277025,3.136656,0.621167,0.784878,7.76249
extract_mu020_fine,3.38400,0.965885,1.817175,6.331664,2.508888,0.619261,0.781364,7.68440
extract_mu020_fine,3.38851,0.967436,1.780297,6.399089,3.651540,0.616834,0.776962,7.58750
extract_mu020_fine,3.39301,0.968980,1.754553,6.433221,4.708180,0.617596,0.778087,7.60664
extract_mu020_fine,3.39751,0.970519,1.738425,6.420220,1.613857,0.619931,0.781938,7.68300
extract_mu020_fine,3.40200,0.972050,1.773479,6.368089,2.195522,0.620112,0.782752,7.71025
extract_mu020_fine,3.40650,0.973580,1.864367,6.322966,3.478180,0.617627,0.779814,7.67694
extract_mu020_fine,3.41101,0.975108,1.982397,6.286883,3.326120,0.616203,0.778365,7.66176
extract_mu020_fine,3.41551,0.976629,2.063096,6.265704,3.488410,0.618466,0.782085,7.70952
extract_mu020_fine,3.42001,0.978145,2.085520,6.294879,0.014391,0.620712,0.785774,7.75675
extract_mu020_fine,3.42450,0.979653,2.076405,6.358663,2.980131,0.618638,0.780994,7.66803
extract_mu020_fine,3.42900,0.981160,2.022024,6.417521,2.834790,0.616558,0.776203,7.57908
extract_mu020_fine,3.43351,0.982665,1.937494,6.416959,0.261389,0.617714,0.778132,7.62111
extract_mu020_fine,3.43801,0.984162,1.879943,6.351850,3.506290,0.619773,0.781940,7.69973
extract_mu020_fine,3.44251,0.985655,1.862080,6.293162,0.350039,0.619583,0.782212,7.70861
extract_mu020_fine,3.44700,0.987139,1.879938,6.273849,0.602270,0.617622,0.779700,7.66256
extract_mu020_fine,3.45151,0.988626,1.900437,6.295119,3.303633,0.616841,0.778609,7.63744
extract_mu020_fine,3.45601,0.990104,1.880522,6.333801,0.142055,0.618416,0.780358,7.65425
extract_mu020_fine,3.46051,0.991578,1.855322,6.357556,0.431416,0.619698,0.781787,7.66709
extract_mu020_fine,3.46500,0.993044,1.867210,6.384336,1.377821,0.618723,0.780748,7.64939
extract_mu020_fine,3.46950,0.994508,1.920486,6.401698,1.200092,0.617747,0.779707,7.63165
extract_mu020_fine,3.47401,0.995970,1.966227,6.373837,1.644097,0.617692,0.780151,7.67011
extract_mu020_fine,3.47851,0.997425,1.944930,6.313756,1.671929,0.617750,0.780775,7.71527
extract_mu020_fine,3.48301,0.998875,1.904073,6.256291,1.685505,0.618238,0.781634,7.73049
extract_mu020_fine,3.48750,1.000316,1.896826,6.258304,0.144596,0.618937,0.782607,7.73095
extract_mu020_fine,3.49201,1.001759,1.927406,6.326596,2.479484,0.618736,0.781850,7.70127
extract_mu020_fine,3.49651,1.003194,1.950982,6.392435,1.737469,0.617428,0.778965,7.63464
extract_mu020_fine,3.50101,1.004625,1.904756,6.412174,0.229841,0.616841,0.777456,7.59447
extract_mu020_fine,3.50551,1.006050,1.823554,6.378490,2.852379,0.618730,0.780670,7.64533
extract_mu020_fine,3.51000,1.007467,1.772298,6.329263,0.329576,0.620606,0.783862,7.69586
extract_mu020_fine,3.51451,1.008886,1.771765,6.305759,0.257812,0.618391,0.780542,7.65604
extract_mu020_fine,3.51901,1.010296,1.803765,6.290139,0.737688,0.616181,0.777229,7.61630
extract_mu020_fine,3.52351,1.011702,1.815319,6.286373,0.450992,0.617540,0.779600,7.66179
extract_mu020_fine,3.52800,1.013099,1.794906,6.310723,2.142559,0.619895,0.783557,7.73103
extract_mu020_fine,3.53250,1.014495,1.790930,6.356078,0.771609,0.619631,0.782890,7.71624
extract_mu020_fine,3.53701,1.015888,1.821947,6.407963,0.205970,0.617283,0.778547,7.63462
extract_mu020_fine,3.54151,1.017274,1.881479,6.409757,1.428128,0.616442,0.777038,7.60551
extract_mu020_fine,3.54601,1.018655,1.932634,6.348787,2.575340,0.618563,0.781097,7.67963
extract_mu020_fine,3.55050,1.020027,1.956391,6.286968,2.927782,0.620238,0.784357,7.73999
extract_mu020_fine,3.55501,1.021401,1.980884,6.267534,1.155323,0.618455,0.781413,7.69396
extract_mu020_fine,3.55951,1.022766,1.992048,6.304045,3.513660,0.616676,0.778475,7.64802
extract_mu020_fine,3.56401,1.024126,1.980559,6.355439,0.338632,0.617683,0.779480,7.65122
extract_mu020_fine,3.56851,1.025482,1.973199,6.377233,2.863332,0.619028,0.780964,7.66039
extract_mu020_fine,3.57300,1.026829,1.968639,6.383126,0.908905,0.618995,0.780705,7.65300
extract_mu020_fine,3.57751,1.028177,1.975144,6.375131,1.516241,0.618282,0.779583,7.63740
extract_mu020_fine,3.58201,1.029517,1.965364,6.352497,4.756820,0.617876,0.779244,7.64320
extract_mu020_fine,3.58651,1.030852,1.916659,6.315337,2.519210,0.617849,0.779870,7.67542
extract_mu020_fine,3.59100,1.032179,1.864084,6.268289,3.414420,0.617974,0.780586,7.70054
extract_mu020_fine,3.59550,1.033503,1.834883,6.267335,1.217607,0.618624,0.781618,7.70134
extract_mu020_fine,3.60001,1.034826,1.838756,6.323720,1.485817,0.619271,0.782643,7.70205
extract_mu020_fine,3.60451,1.036140,1.851121,6.386391,5.756250,0.617960,0.780338,7.66510
extract_mu020_fine,3.60901,1.037449,1.830984,6.411931,3.052590,0.616650,0.778033,7.62815
extract_mu020_fine,3.61350,1.038750,1.804521,6.375632,2.662284,0.617808,0.779980,7.66446
extract_mu020_fine,3.61800,1.040048,1.809326,6.320660,3.325650,0.619663,0.783126,7.72143
extract_mu020_fine,3.62251,1.041345,1.849162,6.297499,1.125979,0.619268,0.782366,7.71409
extract_mu020_fine,3.62701,1.042633,1.894755,6.298236,5.681940,0.617101,0.778531,7.65610
extract_mu020_fine,3.63151,1.043916,1.866026,6.312603,4.065740,0.616456,0.777238,7.63402
extract_mu020_fine,3.63600,1.045191,1.778880,6.329195,0.526104,0.618804,0.780941,7.68257
extract_mu020_fine,3.64050,1.046463,1.717569,6.354445,2.724750,0.620634,0.783795,7.71848
extract_mu020_fine,3.64501,1.047733,1.708435,6.392491,1.820964,0.618392,0.779962,7.65512
extract_mu020_fine,3.64951,1.048995,1.735641,6.396340,3.491220,0.616154,0.776138,7.59188
extract_mu020_fine,3.65401,1.050252,1.741244,6.353413,3.493790,0.617712,0.779289,7.66038
extract_mu020_fine,3.65850,1.051500,1.718033,6.296052,0.180335,0.619724,0.783272,7.74456
extract_mu020_fine,3.66301,1.052749,1.717549,6.266645,1.451471,0.619242,0.782709,7.73552
extract_mu020_fine,3.66751,1.053990,1.751693,6.301750,1.155988,0.617530,0.779902,7.68049
extract_mu020_fine,3.67201,1.055225,1.802272,6.358935,1.562750,0.617111,0.779027,7.65468
extract_mu020_fine,3.67650,1.056452,1.828309,6.383824,3.067467,0.618284,0.780530,7.66492
extract_mu020_fine,3.68100,1.057677,1.813441,6.377874,0.984555,0.619086,0.781508,7.67111
extract_mu020_fine,3.68551,1.058899,1.802647,6.353049,0.505622,0.618597,0.780659,7.66320
extract_mu020_fine,3.69001,1.060113,1.823022,6.335065,1.062442,0.618111,0.779814,7.65535
extract_mu020_fine,3.69451,1.061322,1.868085,6.320913,0.127103,0.617955,0.779725,7.65873
extract_mu020_fine,3.69900,1.062522,1.916754,6.296994,1.264441,0.617800,0.779637,7.66210
extract_mu020_fine,3.70350,1.063720,1.927124,6.295418,1.634583,0.618302,0.780356,7.67067
extract_mu020_fine,3.70801,1.064915,1.918779,6.328010,2.454786,0.618990,0.781305,7.68073
extract_mu020_fine,3.71251,1.066103,1.907279,6.378974,0.402197,0.618601,0.780597,7.66476
extract_mu020_fine,3.71701,1.067284,1.871247,6.407373,0.605350,0.617362,0.778583,7.62823
extract_mu020_fine,3.72150,1.068458,1.826166,6.373087,0.739663,0.617083,0.778376,7.62750
extract_mu020_fine,3.72600,1.069629,1.792578,6.318173,1.585392,0.618699,0.781741,7.69747
extract_mu020_fine,3.73051,1.070797,1.789370,6.292043,2.872625,0.619906,0.784321,7.75341
extract_mu020_fine,3.73501,1.071957,1.796296,6.301304,1.242780,0.617892,0.780724,7.69891
extract_mu020_fine,3.73951,1.073111,1.769307,6.333923,0.154619,0.615879,0.777127,7.64440
extract_mu020_fine,3.74400,1.074258,1.734341,6.352567,0.420002,0.617689,0.779809,7.66593
extract_mu020_fine,3.74850,1.075401,1.727497,6.361265,0.364247,0.619964,0.783255,7.69668
extract_mu020_fine,3.75301,1.076542,1.758635,6.378259,1.761677,0.619220,0.781870,7.66999
extract_mu020_fine,3.75751,1.077675,1.801524,6.379218,1.260137,0.616975,0.778085,7.61478
extract_mu020_fine,3.76200,1.078799,1.795964,6.353280,1.456825,0.616673,0.777619,7.61250
extract_mu020_fine,3.76650,1.079921,1.738766,6.306187,0.335644,0.618772,0.781254,7.67565
extract_mu020_fine,3.77101,1.081040,1.694391,6.276564,0.543789,0.620024,0.783417,7.71314
extract_mu020_fine,3.77551,1.082150,1.696470,6.306205,1.353798,0.618340,0.780461,7.66154
extract_mu020_fine,3.78001,1.083256,1.735667,6.360732,1.777810,0.616666,0.777526,7.61025
extract_mu020_fine,3.78450,1.084353,1.749735,6.392648,2.759125,0.617796,0.779695,7.64274
extract_mu020_fine,3.78900,1.085447,1.713974,6.381955,0.119420,0.618929,0.781869,7.67530
extract_mu020_fine,3.79351,1.086538,1.691925,6.342120,1.340486,0.618800,0.781765,7.68713
extract_mu020_fine,3.79801,1.087621,1.714092,6.321099,0.827376,0.618318,0.781022,7.69312
extract_mu020_fine,3.80250,1.088697,1.769408,6.317617,1.322243,0.617984,0.780474,7.68897
extract_mu020_fine,3.80700,1.089769,1.797207,6.311403,4.244830,0.617764,0.780076,7.67676
extract_mu020_fine,3.81150,1.090835,1.764620,6.313276,1.518275,0.617902,0.780126,7.66580
extract_mu020_fine,3.81601,1.091899,1.732025,6.329145,1.580717,0.618749,0.781064,7.65726
extract_mu020_fine,3.82051,1.092954,1.732197,6.366813,2.441073,0.619338,0.781633,7.64687
extract_mu020_fine,3.82500,1.094002,1.758995,6.395718,2.415487,0.617951,0.779367,7.62213
extract_mu020_fine,3.82950,1.095046,1.784596,6.371979,5.235250,0.616562,0.777097,7.59734
extract_mu020_fine,3.83401,1.096087,1.771423,6.320910,2.810025,0.618009,0.779892,7.64811
extract_mu020_fine,3.83851,1.097120,1.747394,6.285088,0.676082,0.619798,0.783297,7.70792
extract_mu020_fine,3.84301,1.098148,1.747136,6.294509,3.969570,0.619005,0.782048,7.69961
extract_mu020_fine,3.84750,1.099168,1.758716,6.338707,2.803744,0.616945,0.778516,7.65785
extract_mu020_fine,3.85200,1.100184,1.772744,6.363755,3.611420,0.616782,0.778175,7.65469
extract_mu020_fine,3.85651,1.101197,1.779978,6.365456,2.936268,0.618976,0.781802,7.69949
extract_mu020_fine,3.86101,1.102203,1.807496,6.360641,0.547183,0.620195,0.783855,7.72277
extract_mu020_fine,3.86550,1.103200,1.884189,6.350889,3.090685,0.618083,0.780539,7.67255
extract_mu020_fine,3.87000,1.104195,1.977844,6.337327,3.226240,0.615977,0.777231,7.62246
extract_mu020_fine,3.87451,1.105185,2.077796,6.303733,3.704660,0.618235,0.780678,7.68190
extract_mu020_fine,3.87901,1.106168,2.188545,6.277840,1.225038,0.620488,0.784117,7.74119
extract_mu020_fine,3.88351,1.107146,2.319067,6.300219,0.549633,0.619707,0.782487,7.71082
extract_mu020_fine,3.88800,1.108115,2.429866,6.338737,5.276350,0.618078,0.779442,7.65541
extract_mu020_fine,3.89250,1.109082,2.417169,6.343875,3.593410,0.618486,0.780095,7.66192
extract_mu020_fine,3.89701,1.110044,2.328994,6.304266,0.701869,0.620515,0.783694,7.71772
extract_mu020_fine,3.90151,1.110999,2.302309,6.260373,2.042930,0.621315,0.785333,7.74813
extract_mu020_fine,3.90600,1.111947,2.365304,6.251909,1.880199,0.619703,0.783129,7.72879
extract_mu020_fine,3.91050,1.112890,2.475248,6.249269,2.586918,0.618476,0.781518,7.71596
extract_mu020_fine,3.91501,1.113831,2.568826,6.239716,2.993384,0.620278,0.784577,7.75430
extract_mu020_fine,3.91951,1.114763,2.653747,6.234430,1.424245,0.622077,0.787630,7.79254
extract_mu020_fine,3.92400,1.115688,2.779429,6.233499,1.899780,0.620979,0.786098,7.77217
extract_mu020_fine,3.92851,1.116611,2.887140,6.230232,3.841080,0.619527,0.784004,7.74462
extract_mu020_fine,3.93301,1.117527,2.927069,6.193431,1.113516,0.620315,0.785404,7.76898
extract_mu020_fine,3.93751,1.118437,2.965196,6.144539,1.523766,0.622210,0.788530,7.81896
extract_mu020_fine,3.94200,1.119340,3.060239,6.124890,0.206133,0.622630,0.789019,7.82691
extract_mu020_fine,3.94651,1.120241,3.229687,6.128259,1.478229,0.621227,0.786251,7.78292
extract_mu020_fine,3.95101,1.121134,3.382603,6.130656,3.538220,0.620552,0.784818,7.76013
extract_mu020_fine,3.95550,1.122020,3.444665,6.106146,1.223196,0.622360,0.787936,7.80965
extract_mu020_fine,3.96001,1.122904,3.488453,6.071511,0.855884,0.624168,0.791054,7.85918
extract_mu020_fine,3.96451,1.123780,3.579362,6.074192,0.570794,0.622973,0.789069,7.83204
extract_mu020_fine,3.96900,1.124649,3.673451,6.106399,2.770720,0.621781,0.787089,7.80495
extract_mu020_fine,3.97351,1.125516,3.652739,6.151193,4.227260,0.621551,0.786412,7.78523
extract_mu020_fine,3.97801,1.126376,3.471080,6.225205,1.100914,0.621592,0.786105,7.76765
extract_mu020_fine,3.98250,1.127228,3.207015,6.354581,4.634650,0.620541,0.783595,7.70547
extract_mu020_fine,3.98700,1.128076,2.901150,6.518706,3.462157,0.618623,0.779334,7.60776
extract_mu020_fine,3.99150,1.128919,2.546365,6.605187,1.409989,0.618099,0.777870,7.56675
extract_mu020_fine,3.99601,1.129758,2.191897,6.582249,3.713124,0.620338,0.781945,7.63803
extract_mu020_fine,4.00051,1.130590,1.910989,6.505337,0.090204,0.622019,0.785138,7.69689
extract_mu020_fine,4.00501,1.131416,1.757766,6.417257,0.136431,0.619423,0.781563,7.66079
extract_mu020_fine,4.00950,1.132235,1.743134,6.357417,0.159321,0.616833,0.777997,7.62476
extract_mu020_fine,4.01400,1.133049,1.804514,6.340141,3.023088,0.618852,0.781064,7.66265
extract_mu020_fine,4.01851,1.133860,1.863151,6.373311,0.908855,0.621441,0.784953,7.70969
extract_mu020_fine,4.02301,1.134664,1.886820,6.444596,0.409924,0.620610,0.783066,7.67020
extract_mu020_fine,4.02751,1.135462,1.834961,6.485416,3.743490,0.618093,0.778331,7.58802
extract_mu020_fine,4.03200,1.136253,1.693954,6.450356,1.006198,0.617809,0.777914,7.58631
extract_mu020_fine,4.03650,1.137040,1.559425,6.364220,1.133242,0.620284,0.782833,7.68414
extract_mu020_fine,4.04101,1.137823,1.513194,6.300113,1.283868,0.621678,0.785734,7.74518
extract_mu020_fine,4.04551,1.138599,1.573931,6.306236,0.180656,0.619312,0.781616,7.67838
extract_mu020_fine,4.05001,1.139369,1.691010,6.357263,4.025510,0.616963,0.777525,7.61193
extract_mu020_fine,4.05450,1.140132,1.751592,6.404179,3.313058,0.619100,0.780769,7.64228
extract_mu020_fine,4.05900,1.140891,1.731387,6.422052,1.093463,0.621242,0.784021,7.67269
extract_mu020_fine,4.06351,1.141646,1.688008,6.417240,2.126057,0.620028,0.782371,7.65658
extract_mu020_fine,4.06801,1.142394,1.641471,6.398013,2.822950,0.617861,0.779330,7.62727
extract_mu020_fine,4.07250,1.143135,1.596702,6.354335,2.203439,0.618003,0.780003,7.64964
extract_mu020_fine,4.07700,1.143871,1.556163,6.311790,3.296030,0.619973,0.783616,7.71298
extract_mu020_fine,4.08151,1.144604,1.526541,6.312617,0.883257,0.620658,0.784765,7.73069
extract_mu020_fine,4.08601,1.145330,1.523257,6.359699,1.957469,0.618815,0.781069,7.65874
extract_mu020_fine,4.09051,1.146050,1.509937,6.419837,3.374760,0.617390,0.778094,7.59962
extract_mu020_fine,4.09500,1.146764,1.457978,6.435313,2.588226,0.619187,0.780682,7.63971
extract_mu020_fine,4.09950,1.147473,1.406805,6.396759,1.724439,0.620988,0.783275,7.67987
extract_mu020_fine,4.10401,1.148178,1.400315,6.352487,0.465344,0.619704,0.781569,7.67220
extract_mu020_fine,4.10851,1.148876,1.435449,6.324887,1.721296,0.618048,0.779344,7.65875
extract_mu020_fine,4.11301,1.149569,1.453202,6.316501,3.240451,0.618471,0.780294,7.66928
extract_mu020_fine,4.11750,1.150255,1.421771,6.322515,1.181054,0.619915,0.782803,7.69157
extract_mu020_fine,4.12200,1.150936,1.398723,6.343259,0.083117,0.620047,0.783049,7.68754
extract_mu020_fine,4.12651,1.151614,1.433025,6.386035,0.015584,0.618548,0.780484,7.65081
extract_mu020_fine,4.13101,1.152285,1.503127,6.415030,1.833651,0.617696,0.779016,7.63202
extract_mu020_fine,4.13551,1.152950,1.535963,6.394314,2.741166,0.619055,0.781302,7.67463
extract_mu020_fine,4.14000,1.153609,1.514169,6.345211,1.415919,0.620404,0.783574,7.71700
extract_mu020_fine,4.14451,1.154264,1.493000,6.310975,0.561431,0.619154,0.781750,7.69375
extract_mu020_fine,4.14901,1.154913,1.494132,6.319117,1.516012,0.617907,0.779931,7.67055
extract_mu020_fine,4.15351,1.155557,1.487729,6.349107,0.835007,0.618515,0.780531,7.67018
extract_mu020_fine,4.15800,1.156194,1.463985,6.369296,1.780242,0.619640,0.781808,7.67621
extract_mu020_fine,4.16250,1.156826,1.434742,6.383427,0.862124,0.619527,0.781493,7.66251
extract_mu020_fine,4.16701,1.157455,1.431880,6.390360,1.159545,0.618426,0.779908,7.63309
extract_mu020_fine,4.17151,1.158077,1.439905,6.380979,1.789122,0.617997,0.779446,7.62685
extract_mu020_fine,4.17601,1.158693,1.403205,6.349064,0.910324,0.618890,0.781191,7.66625
extract_mu020_fine,4.18050,1.159303,1.345316,6.308036,0.302943,0.619590,0.782577,7.69884
extract_mu020_fine,4.18500,1.159909,1.325503,6.304180,0.715525,0.618791,0.781177,7.67872
extract_mu020_fine,4.18951,1.160511,1.351323,6.341322,0.177835,0.617990,0.779775,7.65855
extract_mu020_fine,4.19401,1.161106,1.369157,6.377974,1.322422,0.618475,0.780496,7.66142
extract_mu020_fine,4.19851,1.161695,1.337654,6.388727,0.247572,0.619114,0.781475,7.66708
extract_mu020_fine,4.20300,1.162278,1.315482,6.373483,0.713448,0.618962,0.781344,7.66680
extract_mu020_fine,4.20751,1.162859,1.351114,6.356033,0.188883,0.618417,0.780665,7.66358
extract_mu020_fine,4.21201,1.163433,1.432214,6.344405,0.014705,0.618306,0.780603,7.67031
extract_mu020_fine,4.21651,1.164001,1.505334,6.324954,2.078085,0.618731,0.781303,7.68931
extract_mu020_fine,4.22100,1.164563,1.528256,6.313461,0.192414,0.618980,0.781653,7.69673
extract_mu020_fine,4.22550,1.165121,1.535715,6.329444,0.443912,0.618621,0.780800,7.66416
extract_mu020_fine,4.23001,1.165674,1.540838,6.366946,1.836897,0.618264,0.779949,7.63162
extract_mu020_fine,4.23451,1.166222,1.513138,6.394220,1.241267,0.618585,0.780381,7.63605
extract_mu020_fine,4.23901,1.166764,1.452665,6.377837,1.791239,0.618907,0.780813,7.64049
extract_mu020_fine,4.24350,1.167300,1.405119,6.343160,0.586939,0.618799,0.780899,7.65796
extract_mu020_fine,4.24800,1.167831,1.408235,6.326752,0.310536,0.618571,0.780889,7.67913
extract_mu020_fine,4.25251,1.168359,1.430030,6.328477,2.961270,0.618450,0.780934,7.68567
extract_mu020_fine,4.25701,1.168880,1.402742,6.336916,2.225510,0.618415,0.781022,7.68052
extract_mu020_fine,4.26151,1.169396,1.341282,6.342540,1.139983,0.618461,0.781115,7.67461
extract_mu020_fine,4.26600,1.169906,1.319352,6.356653,1.153676,0.618666,0.781217,7.66724
extract_mu020_fine,4.27050,1.170411,1.361167,6.381144,1.410114,0.618798,0.781224,7.66002
extract_mu020_fine,4.27501,1.170913,1.423874,6.383152,3.361840,0.618362,0.780485,7.65414
extract_mu020_fine,4.27951,1.171408,1.439212,6.351249,2.386953,0.617926,0.779748,7.64828
extract_mu020_fine,4.28401,1.171899,1.422221,6.312655,0.450424,0.618378,0.780694,7.66532
extract_mu020_fine,4.28850,1.172383,1.436037,6.302613,2.212226,0.618936,0.781842,7.68508
extract_mu020_fine,4.29300,1.172863,1.467920,6.329386,2.791561,0.618636,0.781135,7.67273
extract_mu020_fine,4.29751,1.173339,1.478025,6.354830,2.868972,0.617909,0.779506,7.64441
extract_mu020_fine,4.30201,1.173809,1.455385,6.359811,2.758570,0.617886,0.779411,7.64060
extract_mu020_fine,4.30651,1.174274,1.433819,6.359286,0.453570,0.618731,0.781206,7.66700
extract_mu020_fine,4.31100,1.174733,1.449779,6.358067,2.268457,0.619141,0.782207,7.68302
extract_mu020_fine,4.31550,1.175188,1.464300,6.353456,3.264289,0.618056,0.780478,7.66341
extract_mu020_fine,4.32001,1.175638,1.442033,6.332831,2.370229,0.616975,0.778755,7.64389
extract_mu020_fine,4.32451,1.176083,1.405468,6.309878,1.865507,0.618285,0.780903,7.68021
extract_mu020_fine,4.32901,1.176523,1.394984,6.319641,0.392441,0.619594,0.783051,7.71653
extract_mu020_fine,4.33350,1.176957,1.414965,6.354191,2.276418,0.618659,0.781264,7.67677
extract_mu020_fine,4.33800,1.177387,1.403242,6.378726,2.984398,0.617094,0.778370,7.61558
extract_mu020_fine,4.34251,1.177813,1.335900,6.370131,1.358295,0.617410,0.778822,7.62213
extract_mu020_fine,4.34701,1.178233,1.280428,6.340735,0.558692,0.619208,0.781909,7.68203
extract_mu020_fine,4.35151,1.178648,1.290105,6.326673,0.539793,0.619756,0.782850,7.70461
extract_mu020_fine,4.35600,1.179058,1.348806,6.330021,1.465293,0.617849,0.779578,7.65388
extract_mu020_fine,4.36050,1.179463,1.385928,6.330763,2.224078,0.616386,0.777044,7.61439
extract_mu020_fine,4.36501,1.179865,1.363668,6.328853,0.434985,0.618407,0.780324,7.66347
extract_mu020_fine,4.36951,1.180261,1.342889,6.336235,0.256298,0.620424,0.783597,7.71244
extract_mu020_fine,4.37400,1.180651,1.368318,6.361319,0.765278,0.618750,0.780968,7.66662
extract_mu020_fine,4.37850,1.181037,1.410625,6.380510,0.794745,0.616626,0.777619,7.60922
extract_mu020_fine,4.38301,1.181420,1.429324,6.363155,1.821580,0.617220,0.778865,7.63389
extract_mu020_fine,4.38751,1.181796,1.414558,6.328733,0.091828,0.619151,0.782371,7.69889
extract_mu020_fine,4.39201,1.182168,1.417688,6.312001,0.962406,0.619380,0.782865,7.71439
extract_mu020_fine,4.39650,1.182535,1.449972,6.326526,1.393100,0.617514,0.779650,7.66897
extract_mu020_fine,4.40100,1.182897,1.458669,6.352398,0.741955,0.616476,0.777750,7.63956
extract_mu020_fine,4.40551,1.183256,1.427563,6.356351,0.985478,0.618311,0.780413,7.66581
extract_mu020_fine,4.41001,1.183609,1.387589,6.348328,0.071479,0.620132,0.783054,7.69180
extract_mu020_fine,4.41451,1.183958,1.384379,6.348970,0.938305,0.618592,0.780638,7.65375
extract_mu020_fine,4.41900,1.184301,1.407595,6.353561,0.972313,0.617056,0.778227,7.61577
extract_mu020_fine,4.42350,1.184641,1.397381,6.348856,1.113694,0.617641,0.779299,7.63913
extract_mu020_fine,4.42801,1.184976,1.346316,6.326907,0.003850,0.618827,0.781358,7.67988
extract_mu020_fine,4.43251,1.185307,1.303917,6.314304,0.567376,0.618927,0.781504,7.68402
extract_mu020_fine,4.43700,1.185632,1.308098,6.334136,0.211469,0.618173,0.780145,7.65937
extract_mu020_fine,4.44150,1.185953,1.336783,6.363520,1.278134,0.617768,0.779425,7.64766
extract_mu020_fine,4.44601,1.186270,1.322454,6.372378,1.426433,0.618059,0.779978,7.66169
extract_mu020_fine,4.45051,1.186583,1.265110,6.352052,0.416778,0.618333,0.780519,7.67517
extract_mu020_fine,4.45501,1.186890,1.232652,6.327790,0.408848,0.618475,0.780972,7.68459
extract_mu020_fine,4.45950,1.187193,1.254930,6.328099,0.534414,0.618616,0.781424,7.69399
extract_mu020_fine,4.46400,1.187492,1.303254,6.339194,1.738945,0.618049,0.780468,7.67156
extract_mu020_fine,4.46851,1.187787,1.314046,6.340320,2.493340,0.617395,0.779337,7.64519
extract_mu020_fine,4.47301,1.188078,1.281289,6.332968,0.682025,0.617923,0.779969,7.65498
extract_mu020_fine,4.47751,1.188363,1.271871,6.332661,0.943302,0.619034,0.781470,7.68260
extract_mu020_fine,4.48200,1.188644,1.309405,6.351351,1.647984,0.619004,0.781217,7.67521
extract_mu020_fine,4.48651,1.188922,1.359382,6.364936,2.151528,0.617563,0.778789,7.62444
extract_mu020_fine,4.49101,1.189195,1.372558,6.350211,2.902600,0.616819,0.777596,7.59890
extract_mu020_fine,4.49551,1.189464,1.350854,6.325252,0.951197,0.618469,0.780640,7.65994
extract_mu020_fine,4.50000,1.189728,1.352581,6.317815,0.853007,0.620107,0.783664,7.72061
extract_mu020_fine,4.50450,1.189988,1.384023,6.337707,2.705412,0.618256,0.780623,7.67139
extract_mu020_fine,4.50901,1.190245,1.399877,6.358334,2.290545,0.616401,0.777576,7.62205
extract_mu020_fine,4.51351,1.190497,1.377896,6.353036,2.593483,0.617508,0.779347,7.65138
extract_mu020_fine,4.51801,1.190745,1.340079,6.337663,1.324879,0.619447,0.782470,7.70277
extract_mu020_fine,4.52250,1.190988,1.334348,6.333922,0.867077,0.619220,0.782114,7.69859
extract_mu020_fine,4.52701,1.191228,1.362881,6.343976,2.552266,0.617278,0.779001,7.65040
extract_mu020_fine,4.53151,1.191464,1.372828,6.349845,2.596531,0.616580,0.777869,7.63270
extract_mu020_fine,4.53601,1.191696,1.343302,6.334899,2.325709,0.618334,0.780636,7.67501
extract_mu020_fine,4.54050,1.191923,1.306150,6.321399,1.142273,0.619727,0.782831,7.70710
extract_mu020_fine,4.54500,1.192147,1.304498,6.331528,0.980180,0.618319,0.780579,7.65970
extract_mu020_fine,4.54951,1.192367,1.330809,6.353118,2.643090,0.616908,0.778322,7.61217
extract_mu020_fine,4.55401,1.192583,1.325843,6.362128,2.198833,0.617674,0.779411,7.63791
extract_mu020_fine,4.55851,1.192794,1.283689,6.345271,1.305791,0.618704,0.780906,7.67254
extract_mu020_fine,4.56300,1.193002,1.250753,6.325076,0.961142,0.618695,0.780961,7.67890
extract_mu020_fine,4.56751,1.193207,1.262530,6.327898,0.123107,0.618173,0.780306,7.67133
extract_mu020_fine,4.57201,1.193407,1.302600,6.342550,2.169622,0.617880,0.779991,7.66635
extract_mu020_fine,4.57651,1.193604,1.301260,6.347257,2.274183,0.617870,0.780094,7.66453
extract_mu020_fine,4.58100,1.193796,1.251635,6.335062,0.363009,0.617960,0.780314,7.66493
extract_mu020_fine,4.58550,1.193985,1.219927,6.325492,0.537253,0.618397,0.780938,7.67299
extract_mu020_fine,4.59001,1.194171,1.239326,6.338158,0.795476,0.618832,0.781557,7.68097
extract_mu020_fine,4.59451,1.194353,1.282690,6.354346,1.817741,0.617916,0.780023,7.65623
extract_mu020_fine,4.59901,1.194531,1.287628,6.352074,1.808600,0.617001,0.778488,7.63148
extract_mu020_fine,4.60350,1.194705,1.248694,6.335760,0.028473,0.617798,0.779795,7.65454
extract_mu020_fine,4.60800,1.194876,1.231709,6.327361,0.000685,0.619078,0.781901,7.69107
extract_mu020_fine,4.61251,1.195044,1.261705,6.342378,0.554640,0.618824,0.781371,7.67987
extract_mu020_fine,4.61701,1.195208,1.299262,6.359129,1.094461,0.617351,0.778744,7.63071
extract_mu020_fine,4.62151,1.195368,1.300047,6.354471,1.495002,0.616913,0.777965,7.61626
extract_mu020_fine,4.62600,1.195525,1.268184,6.338601,0.252982,0.618507,0.780815,7.66997
extract_mu020_fine,4.63051,1.195678,1.263046,6.332725,0.635187,0.619742,0.783032,7.71300
extract_mu020_fine,4.63501,1.195828,1.298717,6.346034,0.692067,0.618111,0.780192,7.67060
extract_mu020_fine,4.63951,1.195975,1.324020,6.357225,0.853871,0.616480,0.777353,7.62820
extract_mu020_fine,4.64401,1.196118,1.307098,6.346167,1.042955,0.617729,0.779577,7.65948
extract_mu020_fine,4.64850,1.196258,1.271350,6.330020,0.227487,0.619323,0.782406,7.69955
extract_mu020_fine,4.65301,1.196395,1.269945,6.330532,0.396084,0.618833,0.781612,7.68511
extract_mu020_fine,4.65751,1.196529,1.302672,6.347794,1.404940,0.617317,0.779033,7.64381
extract_mu020_fine,4.66201,1.196659,1.315047,6.359514,1.496411,0.617099,0.778541,7.63652
extract_mu020_fine,4.66650,1.196786,1.286014,6.347807,0.856474,0.618479,0.780618,7.67107
extract_mu020_fine,4.67100,1.196910,1.252090,6.331697,0.075846,0.619303,0.781860,7.69087
extract_mu020_fine,4.67551,1.197031,1.259931,6.333761,0.094049,0.618198,0.780201,7.65942
extract_mu020_fine,4.68001,1.197149,1.295794,6.347966,1.740400,0.617101,0.778555,7.62820
extract_mu020_fine,4.68451,1.197264,1.298077,6.353746,2.050077,0.617838,0.779913,7.64847
extract_mu020_fine,4.68900,1.197375,1.256118,6.340409,1.117807,0.618573,0.781267,7.66870
extract_mu020_fine,4.69350,1.197484,1.220263,6.327866,0.386898,0.618473,0.780972,7.66629
extract_mu020_fine,4.69801,1.197590,1.229070,6.335775,0.455668,0.618137,0.780208,7.65745
extract_mu020_fine,4.70251,1.197693,1.261988,6.350996,2.136215,0.617942,0.779845,7.65424
extract_mu020_fine,4.70701,1.197793,1.258591,6.353157,2.249621,0.617858,0.779797,7.65547
extract_mu020_fine,4.71150,1.197890,1.217502,6.339677,1.065027,0.617960,0.780026,7.66111
extract_mu020_fine,4.71600,1.197984,1.197731,6.330786,1.171839,0.618434,0.780803,7.67554
extract_mu020_fine,4.72051,1.198076,1.225021,6.341983,1.597712,0.618759,0.781334,7.68490
extract_mu020_fine,4.72501,1.198165,1.265551,6.354939,2.711515,0.617919,0.779936,7.65454
extract_mu020_fine,4.72951,1.198251,1.266045,6.350900,2.538000,0.617080,0.778537,7.62418
extract_mu020_fine,4.73400,1.198334,1.234053,6.336403,1.079345,0.618000,0.779980,7.65220
extract_mu020_fine,4.73850,1.198415,1.228011,6.331898,1.232728,0.619134,0.781770,7.68734
extract_mu020_fine,4.74301,1.198494,1.260767,6.346770,1.914479,0.618595,0.780910,7.67447
extract_mu020_fine,4.74751,1.198569,1.289812,6.358522,2.521892,0.617233,0.778751,7.63803
extract_mu020_fine,4.75201,1.198643,1.277026,6.349814,2.520326,0.617134,0.778675,7.63443
extract_mu020_fine,4.75650,1.198713,1.242054,6.334549,1.125754,0.618587,0.781162,7.67122
extract_mu020_fine,4.76101,1.198782,1.237515,6.333414,0.937208,0.619370,0.782513,7.69177
extract_mu020_fine,4.76551,1.198848,1.266206,6.349771,2.403320,0.617846,0.779954,7.65647
extract_mu020_fine,4.77001,1.198911,1.278102,6.360118,2.172518,0.616332,0.777414,7.62141
extract_mu020_fine,4.77450,1.198972,1.248146,6.349390,1.652791,0.617838,0.779879,7.65622
extract_mu020_fine,4.77900,1.199031,1.210607,6.335671,0.748128,0.619347,0.782350,7.69110
extract_mu020_fine,4.78351,1.199088,1.214419,6.338010,1.218709,0.618588,0.781005,7.67543
extract_mu020_fine,4.78801,1.199143,1.249160,6.352347,1.853305,0.617193,0.778592,7.64561
extract_mu020_fine,4.79251,1.199195,1.256273,6.356692,1.950610,0.617302,0.778789,7.64739
extract_mu020_fine,4.79700,1.199245,1.223382,6.342091,1.196767,0.618594,0.781040,7.67407
extract_mu020_fine,4.80150,1.199293,1.195385,6.329916,0.313606,0.619083,0.781889,7.68354
extract_mu020_fine,4.80601,1.199339,1.210887,6.336685,0.707870,0.617974,0.779951,7.65881
extract_mu020_fine,4.81051,1.199383,1.246542,6.351579,2.071404,0.617088,0.778394,7.63900
extract_mu020_fine,4.81501,1.199425,1.244861,6.353877,1.643125,0.617899,0.779753,7.65691
extract_mu020_fine,4.81950,1.199466,1.207422,6.340116,0.585020,0.618709,0.781109,7.67477
extract_mu020_fine,4.82400,1.199504,1.186900,6.331864,0.244542,0.618333,0.780619,7.66594
extract_mu020_fine,4.82851,1.199540,1.206791,6.341432,0.614251,0.617812,0.779902,7.65380
extract_mu020_fine,4.83301,1.199575,1.233660,6.353352,1.311650,0.617779,0.779811,7.65246
extract_mu020_fine,4.83751,1.199608,1.218210,6.350907,1.125042,0.617987,0.780028,7.65643
extract_mu020_fine,4.84200,1.199639,1.175134,6.338172,0.002898,0.618155,0.780287,7.66094
extract_mu020_fine,4.84651,1.199669,1.163163,6.335965,0.023597,0.618276,0.780598,7.66614
extract_mu020_fine,4.85101,1.199697,1.191996,6.349970,0.346133,0.618267,0.780638,7.66745
extract_mu020_fine,4.85551,1.199723,1.215253,6.359788,1.229690,0.617816,0.779750,7.65541
extract_mu020_fine,4.86000,1.199748,1.196213,6.352335,0.842920,0.617369,0.778868,7.64346
extract_mu020_fine,4.86450,1.199771,1.160023,6.338927,0.066095,0.618148,0.780131,7.66295
extract_mu020_fine,4.86901,1.199793,1.160834,6.339898,0.110473,0.618929,0.781396,7.68248
extract_mu020_fine,4.87351,1.199813,1.195563,6.355341,1.086832,0.618303,0.780419,7.66019
extract_mu020_fine,4.87801,1.199832,1.210697,6.362198,1.326907,0.617281,0.778812,7.62615
extract_mu020_fine,4.88250,1.199850,1.184027,6.350951,1.093333,0.617505,0.779219,7.63288
extract_mu020_fine,4.88700,1.199866,1.153768,6.338013,0.144740,0.618713,0.781220,7.67186
extract_mu020_fine,4.89151,1.199881,1.166251,6.341765,0.650212,0.619078,0.781778,7.68684
extract_mu020_fine,4.89601,1.199895,1.205931,6.356949,1.367205,0.617770,0.779473,7.65415
extract_mu020_fine,4.90050,1.199908,1.217755,6.360987,1.407398,0.616768,0.777700,7.62903
extract_mu020_fine,4.90500,1.199920,1.190030,6.348260,1.148513,0.618150,0.780059,7.66265
extract_mu020_fine,4.90951,1.199931,1.167120,6.337599,0.386700,0.619534,0.782422,7.69634
extract_mu020_fine,4.91401,1.199941,1.184433,6.343484,0.956766,0.618411,0.780692,7.67178
extract_mu020_fine,4.91851,1.199949,1.217186,6.355655,1.992523,0.616982,0.778464,7.64015
extract_mu020_fine,4.92300,1.199957,1.214836,6.354656,1.859284,0.617400,0.779174,7.65037
extract_mu020_fine,4.92750,1.199964,1.179650,6.341234,1.110420,0.618728,0.781335,7.68125
extract_mu020_fine,4.93201,1.199970,1.161233,6.335815,0.950004,0.618953,0.781671,7.68414
extract_mu020_fine,4.93651,1.199976,1.181959,6.347099,1.681436,0.617807,0.779739,7.65225
extract_mu020_fine,4.94101,1.199981,1.204964,6.359326,2.036999,0.617132,0.778598,7.63293
extract_mu020_fine,4.94550,1.199985,1.188566,6.355859,2.076046,0.618073,0.780162,7.65659
extract_mu020_fine,4.95001,1.199988,1.150994,6.343219,1.180094,0.619014,0.781727,7.68025
extract_mu020_fine,4.95451,1.199991,1.141842,6.341723,1.095361,0.618294,0.780426,7.66458
extract_mu020_fine,4.95901,1.199993,1.169327,6.354424,1.848770,0.617574,0.779124,7.64891
extract_mu020_fine,4.96350,1.199995,1.187708,6.362430,2.420162,0.617761,0.779490,7.64921
extract_mu020_fine,4.96800,1.199997,1.164667,6.353629,1.939935,0.618202,0.780324,7.65398
extract_mu020_fine,4.97251,1.199998,1.131645,6.340435,0.967103,0.618285,0.780502,7.65410
extract_mu020_fine,4.97701,1.199999,1.136726,6.342443,1.154522,0.618084,0.780162,7.65056
extract_mu020_fine,4.98151,1.199999,1.173270,6.356703,1.924213,0.617933,0.779884,7.64898
extract_mu020_fine,4.98600,1.200000,1.190360,6.362121,2.330815,0.617878,0.779727,7.65125
extract_mu020_fine,4.99050,1.200000,1.167320,6.350880,1.788917,0.617865,0.779660,7.65421
extract_mu020_fine,4.99501,1.200000,1.143435,6.339025,0.930362,0.618169,0.780307,7.66246
extract_mu020_fine,4.99951,1.200000,1.157034,6.343749,0.892269,0.618473,0.780953,7.67068
extract_mu020_fine,5.00400,1.200000,1.187439,6.357262,2.109107,0.617990,0.780090,7.65348
extract_mu020_fine,5.00850,1.200000,1.187313,6.359684,1.717779,0.617410,0.779042,7.63317
extract_mu020_fine,5.01301,1.200000,1.153293,6.348534,0.731466,0.617788,0.779688,7.64055
extract_mu020_fine,5.01751,1.200000,1.131706,6.341481,0.321538,0.618638,0.781166,7.66156
extract_mu020_fine,5.02201,1.200000,1.150120,6.350330,0.946766,0.618649,0.781153,7.66350
extract_mu020_fine,5.02650,1.200000,1.176251,6.361772,1.703840,0.617629,0.779305,7.64196
extract_mu020_fine,5.03100,1.200000,1.165943,6.358386,1.381918,0.617109,0.778322,7.63320
extract_mu020_fine,5.03551,1.200000,1.130936,6.344593,0.425995,0.618324,0.780338,7.66876
extract_mu020_fine,5.04001,1.200000,1.121591,6.340299,0.259833,0.619528,0.782336,7.70400
extract_mu020_fine,5.04450,1.200000,1.151874,6.351997,0.616143,0.618223,0.780236,7.67025
extract_mu020_fine,5.04900,1.200000,1.179018,6.362056,1.507285,0.616915,0.778131,7.63642
extract_mu020_fine,5.05350,1.200000,1.165369,6.355874,1.046530,0.617633,0.779368,7.65205
extract_mu020_fine,5.05801,1.200000,1.133747,6.342619,0.150465,0.618925,0.781553,7.68168
extract_mu020_fine,5.06251,1.200000,1.132611,6.341780,0.119482,0.618794,0.781362,7.67664
extract_mu020_fine,5.06700,1.200000,1.163652,6.354641,0.961385,0.617542,0.779302,7.64432
extract_mu020_fine,5.07150,1.200000,1.179254,6.361839,1.370492,0.617096,0.778547,7.63271
extract_mu020_fine,5.07601,1.200000,1.154723,6.353446,0.640612,0.618254,0.780389,7.66235
extract_mu020_fine,5.08051,1.200000,1.124599,6.342695,0.099303,0.619167,0.781835,7.68550
extract_mu020_fine,5.08501,1.200000,1.131918,6.346348,0.157424,0.618199,0.780239,7.65885
extract_mu020_fine,5.08950,1.200000,1.164384,6.359406,1.040162,0.617233,0.778646,7.63226
extract_mu020_fine,5.09400,1.200000,1.172294,6.362135,1.441985,0.617801,0.779643,7.64713
extract_mu020_fine,5.09851,1.200000,1.144173,6.350383,0.487399,0.618557,0.780961,7.66713
extract_mu020_fine,5.10301,1.200000,1.122234,6.341204,0.111463,0.618456,0.780733,7.66626
extract_mu020_fine,5.10751,1.200000,1.139562,6.348107,0.493877,0.617932,0.779743,7.65511
extract_mu020_fine,5.11200,1.200000,1.170910,6.360649,1.652489,0.617770,0.779395,7.65273
extract_mu020_fine,5.11650,1.200000,1.168455,6.359946,1.576091,0.618056,0.779836,7.66116
extract_mu020_fine,5.12101,1.200000,1.135065,6.347142,0.769312,0.618272,0.780188,7.66768
extract_mu020_fine,5.12551,1.200000,1.118425,6.341067,0.420713,0.618245,0.780226,7.66751
extract_mu020_fine,5.13000,1.200000,1.140521,6.350787,1.172391,0.618218,0.780264,7.66732
extract_mu020_fine,5.13450,1.200000,1.165616,6.361816,1.895129,0.617929,0.779920,7.65429
extract_mu020_fine,5.13901,1.200000,1.153541,6.358117,1.832165,0.617640,0.779576,7.64123
extract_mu020_fine,5.14351,1.200000,1.121422,6.345902,1.089798,0.617961,0.780095,7.65273
extract_mu020_fine,5.14801,1.200000,1.117669,6.343580,0.799055,0.618455,0.780859,7.67114
extract_mu020_fine,5.15250,1.200000,1.149448,6.354494,1.697532,0.618317,0.780520,7.66676
extract_mu020_fine,5.15700,1.200000,1.172349,6.361641,2.330855,0.617679,0.779308,7.64434
extract_mu020_fine,5.16151,1.200000,1.155931,6.353670,1.791012,0.617545,0.779023,7.63894
extract_mu020_fine,5.16601,1.200000,1.128072,6.342142,0.977675,0.618403,0.780559,7.66699
extract_mu020_fine,5.17051,1.200000,1.132578,6.344547,1.148681,0.619043,0.781711,7.68880
extract_mu020_fine,5.17500,1.200000,1.162841,6.358038,2.284549,0.617996,0.779904,7.66251
extract_mu020_fine,5.17950,1.200000,1.171968,6.363134,2.268486,0.616947,0.778093,7.63616
extract_mu020_fine,5.18401,1.200000,1.143730,6.352624,1.584393,0.617827,0.779643,7.65784
extract_mu020_fine,5.18851,1.200000,1.116638,6.341711,0.946732,0.618939,0.781597,7.68530
extract_mu020_fine,5.19301,1.200000,1.127596,6.345943,1.258585,0.618510,0.780916,7.67257
extract_mu020_fine,5.19750,1.200000,1.157377,6.358218,2.067977,0.617325,0.778942,7.64013
extract_mu020_fine,5.20200,1.200000,1.158093,6.359953,2.142859,0.617226,0.778741,7.63578
extract_mu020_fine,5.20651,1.200000,1.126435,6.349154,1.336083,0.618479,0.780747,7.66638
extract_mu020_fine,5.21101,1.200000,1.108411,6.342512,0.736163,0.619181,0.781871,7.68377
extract_mu020_fine,5.21551,1.200000,1.130802,6.350510,1.160193,0.617999,0.779974,7.65589
extract_mu020_fine,5.22000,1.200000,1.162304,6.360953,2.087087,0.616824,0.778089,7.62818
extract_mu020_fine,5.22450,1.200000,1.159058,6.357632,1.779198,0.617836,0.779771,7.65024
extract_mu020_fine,5.22901,1.200000,1.129940,6.345103,0.627491,0.618851,0.781457,7.67235
extract_mu020_fine,5.23351,1.200000,1.122126,6.341767,0.531559,0.618453,0.780765,7.66665
extract_mu020_fine,5.23801,1.200000,1.149261,6.353268,1.224604,0.617659,0.779407,7.65313
extract_mu020_fine,5.24250,1.200000,1.171654,6.363114,1.585786,0.617638,0.779369,7.65209
extract_mu020_fine,5.24700,1.200000,1.155426,6.357196,1.064284,0.618228,0.780377,7.66091
extract_mu020_fine,5.25151,1.200000,1.122660,6.344552,0.436567,0.618496,0.780796,7.66633
extract_mu020_fine,5.25601,1.200000,1.119510,6.343393,0.290740,0.618124,0.780044,7.66498
extract_mu020_fine,5.26051,1.200000,1.147995,6.354903,0.964950,0.617810,0.779416,7.66347
extract_mu020_fine,5.26500,1.200000,1.162412,6.361424,1.424292,0.617942,0.779737,7.66073
extract_mu020_fine,5.26950,1.200000,1.139517,6.353333,0.573170,0.618073,0.780058,7.65799
extract_mu020_fine,5.27401,1.200000,1.112442,6.343110,0.007595,0.618181,0.780302,7.65972
extract_mu020_fine,5.27851,1.200000,1.121991,6.346054,0.458307,0.618286,0.780536,7.66200
extract_mu020_fine,5.28300,1.200000,1.155509,6.357359,0.936139,0.618069,0.780207,7.65620
extract_mu020_fine,5.28750,1.200000,1.164720,6.359330,1.084861,0.617694,0.779598,7.64640
extract_mu020_fine,5.29201,1.200000,1.139187,6.348373,0.526558,0.617751,0.779656,7.64922
extract_mu020_fine,5.29651,1.200000,1.119636,6.340688,0.083022,0.618341,0.780533,7.66752
extract_mu020_fine,5.30101,1.200000,1.136133,6.348177,0.384457,0.618626,0.780925,7.67694
extract_mu020_fine,5.30550,1.200000,1.164652,6.360275,1.297927,0.617864,0.779658,7.65591
extract_mu020_fine,5.31000,1.200000,1.161145,6.359489,1.106600,0.617105,0.778396,7.63495
extract_mu020_fine,5.31451,1.200000,1.129005,6.347158,0.341674,0.618020,0.780044,7.65875
extract_mu020_fine,5.31901,1.200000,1.114411,6.341357,0.342799,0.618933,0.781688,7.68250
extract_mu020_fine,5.32351,1.200000,1.137145,6.350567,0.937189,0.618325,0.780582,7.66385
extract_mu020_fine,5.32800,1.200000,1.161869,6.360876,1.548385,0.617293,0.778710,7.63338
extract_mu020_fine,5.33250,1.200000,1.150829,6.357387,1.433252,0.617448,0.778963,7.63714
extract_mu020_fine,5.33701,1.200000,1.120076,6.345964,0.722396,0.618547,0.780907,7.66813
extract_mu020_fine,5.34151,1.200000,1.115104,6.343953,0.621629,0.618899,0.781541,7.67942
extract_mu020_fine,5.34600,1.200000,1.142527,6.354485,1.480525,0.617787,0.779609,7.65212
extract_mu020_fine,5.35050,1.200000,1.159949,6.361204,1.929037,0.616924,0.778106,7.63083
extract_mu020_fine,5.35501,1.200000,1.139933,6.353770,1.509112,0.618028,0.779992,7.65708
extract_mu020_fine,5.35951,1.200000,1.111121,6.343252,0.828797,0.619129,0.781874,7.68327
extract_mu020_fine,5.36401,1.200000,1.115545,6.345571,1.058096,0.618341,0.780596,7.66708
extract_mu020_fine,5.36850,1.200000,1.146054,6.357881,2.027247,0.617327,0.778939,7.64580
extract_mu020_fine,5.37300,1.200000,1.156264,6.362016,2.025708,0.617568,0.779334,7.65304
extract_mu020_fine,5.37751,1.200000,1.130305,6.351991,1.448905,0.618434,0.780751,7.67447
extract_mu020_fine,5.38201,1.200000,1.106005,6.342523,0.988616,0.618604,0.781041,7.67671
extract_mu020_fine,5.38651,1.200000,1.118953,6.347556,1.461722,0.617917,0.779942,7.65530
extract_mu020_fine,5.39100,1.200000,1.149706,6.359714,2.251808,0.617490,0.779259,7.64202
extract_mu020_fine,5.39550,1.200000,1.152134,6.360929,2.168568,0.617954,0.780005,7.65666
extract_mu020_fine,5.40001,1.200000,1.122911,6.349808,1.354519,0.618416,0.780750,7.67127
extract_mu020_fine,5.40451,1.200000,1.105846,6.343010,0.967579,0.618210,0.780343,7.66493
extract_mu020_fine,5.40901,1.200000,1.126122,6.350482,1.335552,0.618003,0.779936,7.65860
extract_mu020_fine,5.41350,1.200000,1.153053,6.360775,2.109579,0.617915,0.779903,7.66107
extract_mu020_fine,5.41800,1.200000,1.146195,6.358302,1.779399,0.617860,0.779974,7.66601
extract_mu020_fine,5.42251,1.200000,1.115655,6.346974,0.926049,0.618001,0.780222,7.66949
extract_mu020_fine,5.42701,1.200000,1.107333,6.344047,0.778033,0.618295,0.780606,7.67181
extract_mu020_fine,5.43151,1.200000,1.133767,6.354116,1.518372,0.618321,0.780562,7.66872
extract_mu020_fine,5.43600,1.200000,1.155061,6.362175,1.935276,0.617822,0.779677,7.65503
extract_mu020_fine,5.44050,1.200000,1.139630,6.356101,1.440038,0.617455,0.779029,7.64504
extract_mu020_fine,5.44501,1.200000,1.110602,6.344985,0.566689,0.618130,0.780249,7.66423
extract_mu020_fine,5.44951,1.200000,1.111874,6.345833,0.410211,0.618804,0.781466,7.68338
extract_mu020_fine,5.45400,1.200000,1.143100,6.358080,1.359666,0.618149,0.780240,7.66613
extract_mu020_fine,5.45850,1.200000,1.159204,6.364375,1.803073,0.617331,0.778714,7.64442
extract_mu020_fine,5.46301,1.200000,1.138165,6.356095,0.895773,0.617689,0.779388,7.65301
extract_mu020_fine,5.46751,1.200000,1.112359,6.345507,0.092492,0.618624,0.781141,7.67651
extract_mu020_fine,5.47201,1.200000,1.118130,6.347001,0.360504,0.618666,0.781275,7.67600
extract_mu020_fine,5.47650,1.200000,1.139858,6.354433,1.064060,0.617609,0.779415,7.64595
extract_mu020_fine,5.48100,1.200000,1.129433,6.349379,1.195656,0.617043,0.778382,7.62825
extract_mu020_fine,5.48551,1.200000,1.076015,6.327832,0.722611,0.618183,0.780223,7.65345
extract_mu020_fine,5.49001,1.200000,1.021955,6.305976,0.272836,0.619313,0.782048,7.67845
extract_mu020_fine,5.49451,1.200000,1.003971,6.299101,0.241243,0.618185,0.780193,7.65864
extract_mu020_fine,5.49900,1.200000,1.015574,6.305588,1.168706,0.617059,0.778341,7.63887
extract_mu020_slow,0.00000,0.000000,0.000000,0.000000,0.000000,0.000000,0.000000,0.00000
extract_mu020_slow,0.00901,0.000000,0.000000,0.000000,0.000000,0.000000,0.000000,0.00000
extract_mu020_slow,0.01800,0.000000,0.000000,0.000000,0.000000,0.000000,0.000000,0.00000
extract_mu020_slow,0.02702,0.000000,0.000000,0.000000,0.000000,0.000000,0.000000,0.00000
extract_mu020_slow,0.03600,0.000001,0.000000,0.000000,0.000000,0.000000,0.000000,0.00000
extract_mu020_slow,0.04502,0.000001,0.000000,0.000000,0.000000,0.000000,0.000000,0.00000
extract_mu020_slow,0.05401,0.000002,0.000000,0.000000,0.000000,0.000000,0.000000,0.00000
extract_mu020_slow,0.06302,0.000003,0.000000,0.000000,0.000000,0.000000,0.000000,0.00000
extract_mu020_slow,0.07201,0.000004,0.000000,0.000000,0.000000,0.000000,0.000000,0.00000
extract_mu020_slow,0.08102,0.000006,0.000000,0.000000,0.000000,0.000000,0.000000,0.00000
extract_mu020_slow,0.09001,0.000009,0.000000,0.000000,0.000000,0.000000,0.000000,0.00000
extract_mu020_slow,0.09902,0.000011,0.000000,0.000000,0.000000,0.000000,0.000000,0.00000
extract_mu020_slow,0.10801,0.000015,0.000000,0.000000,0.000000,0.000000,0.000000,0.00000
extract_mu020_slow,0.11702,0.000019,0.000000,0.000000,0.000000,0.000000,0.000000,0.00000
extract_mu020_slow,0.12601,0.000024,0.000000,0.000000,0.000000,0.000000,0.000000,0.00000
extract_mu020_slow,0.13500,0.000029,0.000000,0.000000,0.000000,0.000000,0.000000,0.00000
extract_mu020_slow,0.14401,0.000035,0.000000,0.000000,0.000000,0.000000,0.000000,0.00000
extract_mu020_slow,0.15300,0.000042,0.000000,0.000000,0.000000,0.000000,0.000000,0.00000
extract_mu020_slow,0.16202,0.000050,0.000000,0.000000,0.000000,0.000000,0.000000,0.00000
extract_mu020_slow,0.17101,0.000058,0.000000,0.000000,0.000000,0.000000,0.000000,0.00000
extract_mu020_slow,0.18002,0.000068,0.000000,0.000000,0.000000,0.000000,0.000000,0.00000
extract_mu020_slow,0.18901,0.000079,0.000000,0.000000,0.000000,0.000000,0.000000,0.00000
extract_mu020_slow,0.19802,0.000090,0.000000,0.000000,0.000000,0.000000,0.000000,0.00000
extract_mu020_slow,0.20701,0.000103,0.000000,0.000000,0.000000,0.000000,0.000000,0.00000
extract_mu020_slow,0.21602,0.000117,0.000000,0.000000,0.000000,0.000000,0.000000,0.00000
extract_mu020_slow,0.22501,0.000132,0.000000,0.000000,0.000000,0.000000,0.000000,0.00000
extract_mu020_slow,0.23402,0.000148,0.000000,0.000000,0.000000,0.000000,0.000000,-0.00000
extract_mu020_slow,0.24301,0.000166,0.000000,0.000000,0.000000,0.000000,0.000000,-0.00000
extract_mu020_slow,0.25200,0.000185,0.000000,0.000000,0.000000,0.000000,0.000000,0.00000
extract_mu020_slow,0.26101,0.000205,0.000000,0.000000,0.000000,0.000000,0.000000,0.00000
extract_mu020_slow,0.27000,0.000227,0.000000,0.000000,0.000000,0.000000,0.000000,0.00000
extract_mu020_slow,0.27902,0.000250,0.000000,0.000000,0.000000,0.000000,0.000000,0.00000
extract_mu020_slow,0.28800,0.000274,0.000000,0.000000,0.000000,0.000000,0.000000,0.00000
extract_mu020_slow,0.29702,0.000301,0.000000,0.000000,0.000000,0.000000,0.000000,0.00000
extract_mu020_slow,0.30600,0.000328,0.000000,0.000000,0.000000,0.000000,0.000000,0.00000
extract_mu020_slow,0.31502,0.000358,0.000000,0.000000,0.000000,0.000000,0.000000,0.00000
extract_mu020_slow,0.32401,0.000389,0.000000,0.000000,0.000000,0.000000,0.000000,0.00000
extract_mu020_slow,0.33302,0.000421,0.000000,0.000000,0.000000,0.000000,0.000000,0.00000
extract_mu020_slow,0.34201,0.000456,0.000000,0.000000,0.000000,0.000000,0.000000,0.00000
extract_mu020_slow,0.35102,0.000492,0.000000,0.000000,0.000000,0.000000,0.000000,0.00000
extract_mu020_slow,0.36001,0.000530,0.000000,0.000000,0.000000,0.000000,0.000000,0.00000
extract_mu020_slow,0.36902,0.000570,0.000000,0.000000,0.000000,0.000000,0.000000,-0.00000
extract_mu020_slow,0.37801,0.000612,0.000000,0.000000,0.000000,0.000000,0.000000,0.00000
extract_mu020_slow,0.38700,0.000656,0.000000,0.000000,0.000000,0.000000,0.000000,0.00000
extract_mu020_slow,0.39601,0.000702,0.000000,0.000000,0.000000,0.000000,0.000000,0.00000
extract_mu020_slow,0.40500,0.000750,0.000000,0.000000,0.000000,0.000000,0.000000,0.00000
extract_mu020_slow,0.41402,0.000800,0.000000,0.000000,0.000000,0.000000,0.000000,0.00000
extract_mu020_slow,0.42301,0.000852,0.000000,0.000000,0.000000,0.000000,0.000000,0.00000
extract_mu020_slow,0.43202,0.000906,0.000000,0.000000,0.000000,0.000000,0.000000,0.00000
extract_mu020_slow,0.44101,0.000962,0.000000,0.000000,0.000000,0.000000,0.000000,0.00000
extract_mu020_slow,0.45002,0.001021,0.000000,0.000000,0.000000,0.000000,0.000000,0.00000
extract_mu020_slow,0.45901,0.001082,0.000000,0.000000,0.000000,0.000000,0.000000,0.00000
extract_mu020_slow,0.46802,0.001145,0.000000,0.000000,0.000000,0.000000,0.000000,0.00000
extract_mu020_slow,0.47701,0.001211,0.000000,0.000000,0.000000,0.000000,0.000000,0.00000
extract_mu020_slow,0.48602,0.001279,0.000000,0.000000,0.000000,0.000000,0.000000,0.00000
extract_mu020_slow,0.49501,0.001350,0.000000,0.000000,0.000000,0.000000,0.000000,0.00000
extract_mu020_slow,0.50400,0.001422,0.000000,0.000000,0.000000,0.000000,0.000000,0.00000
extract_mu020_slow,0.51301,0.001498,0.000000,0.000000,0.000000,0.000000,0.000000,0.00000
extract_mu020_slow,0.52200,0.001576,0.000000,0.000000,0.000000,0.000000,0.000000,0.00000
extract_mu020_slow,0.53102,0.001657,0.000000,0.000000,0.000000,0.000000,0.000000,0.00000
extract_mu020_slow,0.54000,0.001740,0.000000,0.000000,0.000000,0.000000,0.000000,0.00000
extract_mu020_slow,0.54902,0.001826,0.000000,0.000000,0.000000,0.000000,0.000000,0.00000
extract_mu020_slow,0.55800,0.001914,0.000000,0.000000,0.000000,0.000000,0.000000,0.00000
extract_mu020_slow,0.56702,0.002006,0.000000,0.000000,0.000000,0.000000,0.000000,0.00000
extract_mu020_slow,0.57601,0.002100,0.000000,0.000000,0.000000,0.000000,0.000000,0.00000
extract_mu020_slow,0.58502,0.002197,0.000000,0.000000,0.000000,0.000000,0.000000,0.00000
extract_mu020_slow,0.59401,0.002296,0.000000,0.000000,0.000000,0.000000,0.000000,0.00000
extract_mu020_slow,0.60302,0.002399,0.000000,0.000000,0.000000,0.000000,0.000000,0.00000
extract_mu020_slow,0.61201,0.002504,0.000000,0.000000,0.000000,0.000000,0.000000,0.00000
extract_mu020_slow,0.62102,0.002613,0.000000,0.000000,0.000000,0.000000,0.000000,0.00000
extract_mu020_slow,0.63001,0.002724,0.000000,0.000000,0.000000,0.000000,0.000000,0.00000
extract_mu020_slow,0.63900,0.002839,0.000000,0.000000,0.000000,0.000000,0.000000,0.00000
extract_mu020_slow,0.64801,0.002956,0.000000,0.000000,0.000000,0.000000,0.000000,0.00000
extract_mu020_slow,0.65700,0.003077,0.000000,0.000000,0.000000,0.000000,0.000000,0.00000
extract_mu020_slow,0.66602,0.003200,0.000000,0.000000,0.000000,0.000000,0.000000,0.00000
extract_mu020_slow,0.67500,0.003327,-0.000000,0.000000,0.000000,0.000000,0.000000,0.00000
extract_mu020_slow,0.68402,0.003457,-0.000000,0.000000,0.000000,0.000000,0.000000,0.00000
extract_mu020_slow,0.69301,0.003590,-0.000000,-0.000000,0.000000,0.000000,0.000000,0.00000
extract_mu020_slow,0.70202,0.003727,0.000000,-0.000000,0.000000,0.000000,0.000000,-0.00000
extract_mu020_slow,0.71101,0.003866,0.000000,0.000000,0.000000,0.000000,0.000000,-0.00000
extract_mu020_slow,0.72002,0.004010,0.000000,0.000000,0.000000,0.000000,0.000000,0.00000
extract_mu020_slow,0.72901,0.004156,0.000000,0.000000,0.000000,0.000000,0.000000,0.00000
extract_mu020_slow,0.73802,0.004306,-0.000000,0.000000,0.000000,0.000000,0.000000,0.00000
extract_mu020_slow,0.74701,0.004458,-0.000000,-0.000000,0.000000,0.000000,0.000000,0.00000
extract_mu020_slow,0.75600,0.004615,-0.000000,-0.000000,0.000000,0.000000,0.000000,0.00000
extract_mu020_slow,0.76501,0.004775,-0.000000,-0.000000,0.000000,0.000000,0.000000,0.00000
extract_mu020_slow,0.77400,0.004938,0.000000,0.000000,0.000000,0.000000,0.000000,0.00000
extract_mu020_slow,0.78302,0.005105,0.000000,0.000000,0.000000,0.000000,0.000000,0.00000
extract_mu020_slow,0.79200,0.005276,0.000000,0.000000,0.000000,0.000000,0.000000,0.00000
extract_mu020_slow,0.80102,0.005450,0.000000,0.000000,0.000000,0.000000,0.000000,0.00000
extract_mu020_slow,0.81001,0.005628,-0.000000,-0.000000,0.000000,0.000000,0.000000,0.00000
extract_mu020_slow,0.81902,0.005809,-0.000000,-0.000000,0.000000,0.000000,0.000000,0.00000
extract_mu020_slow,0.82801,0.005994,-0.000000,-0.000000,0.000000,0.000000,0.000000,-0.00000
extract_mu020_slow,0.83702,0.006183,0.000000,-0.000000,0.000000,0.000000,0.000000,-0.00000
extract_mu020_slow,0.84601,0.006375,0.000000,0.000000,0.000000,0.000000,0.000000,-0.00000
extract_mu020_slow,0.85502,0.006572,0.000000,0.000000,0.000000,0.000000,0.000000,0.00000
extract_mu020_slow,0.86401,0.006772,0.000000,0.000000,0.000000,0.000000,0.000000,0.00000
extract_mu020_slow,0.87302,0.006976,-0.000000,0.000000,0.000000,0.000000,0.000000,0.00000
extract_mu020_slow,0.88201,0.007183,-0.000002,-0.000000,0.000000,0.000000,0.000000,0.00000
extract_mu020_slow,0.89100,0.007394,-0.000004,-0.000001,0.000000,0.000000,0.000000,0.00000
extract_mu020_slow,0.90001,0.007610,-0.000004,-0.000002,0.000000,0.000000,0.000000,0.00000
extract_mu020_slow,0.90900,0.007829,0.000008,-0.000000,0.000000,0.000000,0.000000,0.00000
extract_mu020_slow,0.91802,0.008052,0.000046,0.000007,0.000000,0.000000,0.000000,0.00000
extract_mu020_slow,0.92700,0.008279,0.000098,0.000025,0.000000,0.000000,0.000000,0.00000
extract_mu020_slow,0.93602,0.008511,0.000061,0.000039,0.000000,0.000000,0.000000,0.00000
extract_mu020_slow,0.94501,0.008746,-0.000330,-0.000012,0.000000,0.000000,0.000000,0.00000
extract_mu020_slow,0.95402,0.008985,-0.001342,-0.000240,0.000000,0.000000,0.000000,-0.00000
extract_mu020_slow,0.96301,0.009229,-0.002412,-0.000679,0.000000,0.000000,0.000000,-0.00000
extract_mu020_slow,0.97202,0.009476,-0.000396,-0.000837,0.000000,0.000000,0.000000,0.00000
extract_mu020_slow,0.98101,0.009728,0.011481,0.000984,0.000000,0.000000,0.000000,0.00000
extract_mu020_slow,0.99002,0.009984,0.037596,0.007454,0.000000,0.000001,0.000001,0.00001
extract_mu020_slow,0.99901,0.010243,0.057778,0.017957,0.079734,0.000235,0.000325,0.00431
extract_mu020_slow,1.00800,0.010507,0.053370,0.025238,0.080443,0.000643,0.000839,0.00886
extract_mu020_slow,1.01702,0.010776,0.046021,0.027684,0.007174,0.001051,0.001304,0.01195
extract_mu020_slow,1.02601,0.011048,0.044493,0.026905,0.086167,0.001407,0.001781,0.01715
extract_mu020_slow,1.03502,0.011325,0.051858,0.025159,0.075154,0.001673,0.002144,0.02157
extract_mu020_slow,1.04401,0.011606,0.070751,0.026201,0.002414,0.001817,0.002302,0.02247
extract_mu020_slow,1.05302,0.011892,0.094037,0.027305,0.208990,0.001942,0.002440,0.02314
extract_mu020_slow,1.06202,0.012181,0.089512,0.027883,0.161577,0.002256,0.002877,0.02897
extract_mu020_slow,1.07100,0.012475,0.064078,0.034962,0.007908,0.002777,0.003595,0.03707
extract_mu020_slow,1.08000,0.012773,0.056822,0.044906,0.014070,0.003143,0.003918,0.03618
extract_mu020_slow,1.08902,0.013077,0.076210,0.044871,0.026813,0.003312,0.004175,0.03965
extract_mu020_slow,1.09802,0.013384,0.103773,0.038001,0.140400,0.003493,0.004471,0.04565
extract_mu020_slow,1.10702,0.013696,0.093280,0.042858,0.030150,0.003899,0.004985,0.04989
extract_mu020_slow,1.11601,0.014012,0.068679,0.057469,0.056075,0.004361,0.005482,0.05188
extract_mu020_slow,1.12500,0.014332,0.077414,0.059753,0.040764,0.004680,0.005903,0.05671
extract_mu020_slow,1.13402,0.014658,0.113885,0.051162,0.103576,0.004891,0.006263,0.06323
extract_mu020_slow,1.14302,0.014988,0.125438,0.053997,0.174308,0.005200,0.006649,0.06690
extract_mu020_slow,1.15201,0.015322,0.101940,0.068979,0.032560,0.005690,0.007182,0.06886
extract_mu020_slow,1.16102,0.015661,0.101658,0.072647,0.096809,0.006140,0.007743,0.07417
extract_mu020_slow,1.17001,0.016005,0.133011,0.064435,0.174615,0.006350,0.008128,0.08180
extract_mu020_slow,1.17901,0.016353,0.147408,0.066953,0.254004,0.006609,0.008407,0.08337
extract_mu020_slow,1.18801,0.016705,0.118570,0.081373,0.099451,0.007115,0.008966,0.08577
extract_mu020_slow,1.19701,0.017063,0.097280,0.087575,0.073452,0.007612,0.009637,0.09344
extract_mu020_slow,1.20601,0.017425,0.125230,0.083442,0.138796,0.007912,0.010076,0.09990
extract_mu020_slow,1.21501,0.017792,0.163829,0.085393,0.266510,0.008166,0.010388,0.10259
extract_mu020_slow,1.22401,0.018163,0.157860,0.095457,0.322209,0.008593,0.010887,0.10605
extract_mu020_slow,1.23301,0.018540,0.128811,0.101949,0.112824,0.009146,0.011598,0.11344
extract_mu020_slow,1.24202,0.018921,0.137563,0.103533,0.067721,0.009563,0.012172,0.12025
extract_mu020_slow,1.25101,0.019306,0.179894,0.106184,0.299600,0.009787,0.012411,0.12134
extract_mu020_slow,1.26001,0.019697,0.192207,0.110402,0.292474,0.010143,0.012847,0.12502
extract_mu020_slow,1.26900,0.020092,0.164431,0.116274,0.152067,0.010776,0.013668,0.13424
extract_mu020_slow,1.27801,0.020492,0.155741,0.124119,0.112798,0.011244,0.014280,0.13981
extract_mu020_slow,1.28701,0.020897,0.192912,0.128118,0.130911,0.011517,0.014590,0.14212
extract_mu020_slow,1.29603,0.021308,0.224069,0.126849,0.222662,0.011874,0.015082,0.14828
extract_mu020_slow,1.30502,0.021722,0.206817,0.131252,0.239796,0.012423,0.015804,0.15614
extract_mu020_slow,1.31401,0.022141,0.182291,0.144385,0.065486,0.012974,0.016466,0.16125
extract_mu020_slow,1.32302,0.022566,0.206939,0.150824,0.057045,0.013347,0.016908,0.16438
extract_mu020_slow,1.33202,0.022996,0.251445,0.145506,0.262023,0.013659,0.017336,0.17023
extract_mu020_slow,1.34102,0.023430,0.248953,0.147704,0.258512,0.014164,0.018034,0.17882
extract_mu020_slow,1.35001,0.023869,0.216468,0.164538,0.130271,0.014816,0.018754,0.18250
extract_mu020_slow,1.35900,0.024313,0.225365,0.173581,0.181421,0.015237,0.019275,0.18629
extract_mu020_slow,1.36802,0.024763,0.273660,0.165843,0.281258,0.015550,0.019771,0.19505
extract_mu020_slow,1.37702,0.025218,0.288684,0.166066,0.301141,0.016031,0.020404,0.20235
extract_mu020_slow,1.38602,0.025677,0.257260,0.184647,0.309027,0.016645,0.021104,0.20612
extract_mu020_slow,1.39501,0.026141,0.249038,0.195720,0.251281,0.017176,0.021757,0.21147
extract_mu020_slow,1.40400,0.026610,0.293125,0.188054,0.303940,0.017563,0.022322,0.21974
extract_mu020_slow,1.41301,0.027085,0.324684,0.187149,0.455140,0.017977,0.022872,0.22651
extract_mu020_slow,1.42200,0.027564,0.300976,0.204718,0.352672,0.018574,0.023533,0.22962
extract_mu020_slow,1.43101,0.028049,0.279742,0.216937,0.251814,0.019222,0.024320,0.23555
extract_mu020_slow,1.44000,0.028538,0.313306,0.211867,0.412286,0.019657,0.024981,0.24605
extract_mu020_slow,1.44902,0.029034,0.355325,0.210684,0.442045,0.020005,0.025459,0.25194
extract_mu020_slow,1.45802,0.029534,0.346012,0.225291,0.304452,0.020607,0.026116,0.25524
extract_mu020_slow,1.46702,0.030039,0.318248,0.237601,0.305953,0.021285,0.026992,0.26357
extract_mu020_slow,1.47601,0.030549,0.335579,0.236511,0.325564,0.021794,0.027696,0.27245
extract_mu020_slow,1.48502,0.031065,0.381943,0.236474,0.379584,0.022195,0.028205,0.27787
extract_mu020_slow,1.49402,0.031585,0.390850,0.246847,0.416886,0.022725,0.028822,0.28234
extract_mu020_slow,1.50301,0.032111,0.362026,0.257657,0.247559,0.023424,0.029695,0.29013
extract_mu020_slow,1.51200,0.032641,0.362159,0.261930,0.237983,0.024047,0.030540,0.29966
extract_mu020_slow,1.52101,0.033178,0.406369,0.264426,0.453462,0.024450,0.031029,0.30468
extract_mu020_slow,1.53002,0.033720,0.431977,0.269519,0.444562,0.024896,0.031591,0.30968
extract_mu020_slow,1.53901,0.034266,0.409761,0.277949,0.283648,0.025663,0.032585,0.32006
extract_mu020_slow,1.54801,0.034818,0.395444,0.287990,0.306531,0.026335,0.033450,0.32842
extract_mu020_slow,1.55702,0.035376,0.430011,0.293592,0.437031,0.026785,0.033987,0.33303
extract_mu020_slow,1.56601,0.035938,0.469217,0.293654,0.530514,0.027273,0.034623,0.34017
extract_mu020_slow,1.57502,0.036507,0.459930,0.299095,0.504755,0.027960,0.035514,0.34947
extract_mu020_slow,1.58402,0.037080,0.434293,0.314011,0.373080,0.028683,0.036398,0.35665
extract_mu020_slow,1.59300,0.037657,0.455287,0.323271,0.412425,0.029235,0.037061,0.36188
extract_mu020_slow,1.60202,0.038242,0.503433,0.319661,0.664013,0.029697,0.037691,0.37017
extract_mu020_slow,1.61102,0.038831,0.509254,0.321786,0.652561,0.030336,0.038573,0.38115
extract_mu020_slow,1.62002,0.039426,0.478983,0.340086,0.409023,0.031139,0.039530,0.38742
extract_mu020_slow,1.62901,0.040025,0.485280,0.352988,0.466298,0.031745,0.040223,0.39222
extract_mu020_slow,1.63800,0.040629,0.534333,0.347125,0.641091,0.032218,0.040935,0.40313
extract_mu020_slow,1.64702,0.041241,0.555695,0.346489,0.647508,0.032851,0.041770,0.41261
extract_mu020_slow,1.65602,0.041857,0.528607,0.366609,0.559802,0.033618,0.042653,0.41790
extract_mu020_slow,1.66500,0.042477,0.519837,0.382043,0.431734,0.034313,0.043482,0.42428
extract_mu020_slow,1.67402,0.043105,0.563860,0.376042,0.487824,0.034870,0.044268,0.43488
extract_mu020_slow,1.68301,0.043736,0.599713,0.374035,0.698145,0.035441,0.045067,0.44522
extract_mu020_slow,1.69201,0.044374,0.580760,0.393447,0.588573,0.036188,0.045922,0.45058
extract_mu020_slow,1.70102,0.045018,0.560313,0.410193,0.385413,0.036986,0.046880,0.45724
extract_mu020_slow,1.71001,0.045665,0.594689,0.406428,0.527589,0.037591,0.047744,0.46991
extract_mu020_slow,1.71900,0.046318,0.639534,0.404013,0.658763,0.038110,0.048481,0.47963
extract_mu020_slow,1.72802,0.046979,0.633196,0.420821,0.611068,0.038869,0.049319,0.48372
extract_mu020_slow,1.73701,0.047643,0.607105,0.437708,0.564027,0.039703,0.050345,0.49228
extract_mu020_slow,1.74602,0.048314,0.627487,0.437602,0.556308,0.040374,0.051256,0.50364
extract_mu020_slow,1.75501,0.048989,0.676572,0.436334,0.648832,0.040940,0.052013,0.51244
extract_mu020_slow,1.76401,0.049670,0.685837,0.449269,0.760761,0.041633,0.052851,0.51915
extract_mu020_slow,1.77302,0.050358,0.658274,0.464702,0.678610,0.042490,0.053903,0.52821
extract_mu020_slow,1.78202,0.051050,0.663473,0.469612,0.615532,0.043266,0.054941,0.53993
extract_mu020_slow,1.79101,0.051746,0.712286,0.470832,0.776732,0.043819,0.055672,0.54839
extract_mu020_slow,1.80000,0.052449,0.735967,0.478623,0.838105,0.044451,0.056447,0.55522
extract_mu020_slow,1.80901,0.053158,0.712343,0.491574,0.724735,0.045390,0.057620,0.56597
extract_mu020_slow,1.81802,0.053873,0.704715,0.502315,0.729910,0.046209,0.058653,0.57582
extract_mu020_slow,1.82701,0.054592,0.747119,0.506691,0.820506,0.046802,0.059405,0.58345
extract_mu020_slow,1.83600,0.055316,0.783335,0.509189,0.808209,0.047472,0.060280,0.59299
extract_mu020_slow,1.84502,0.056049,0.769093,0.519369,0.784857,0.048339,0.061393,0.60410
extract_mu020_slow,1.85402,0.056785,0.750692,0.535581,0.742459,0.049206,0.062460,0.61338
extract_mu020_slow,1.86301,0.057526,0.782657,0.543352,0.744256,0.049891,0.063311,0.62129
extract_mu020_slow,1.87201,0.058273,0.828892,0.541355,0.879896,0.050521,0.064184,0.63216
extract_mu020_slow,1.88101,0.059026,0.826159,0.548382,0.823477,0.051375,0.065301,0.64463
extract_mu020_slow,1.89002,0.059785,0.800943,0.568925,0.656067,0.052331,0.066416,0.65184
extract_mu020_slow,1.89902,0.060549,0.821086,0.580221,0.786716,0.053046,0.067258,0.65834
extract_mu020_slow,1.90802,0.061319,0.871653,0.574723,0.928271,0.053693,0.068218,0.67224
extract_mu020_slow,1.91701,0.062093,0.882275,0.578827,0.811916,0.054537,0.069307,0.68399
extract_mu020_slow,1.92600,0.062873,0.856372,0.602513,0.757652,0.055456,0.070379,0.69088
extract_mu020_slow,1.93502,0.063661,0.863036,0.616692,0.811283,0.056270,0.071380,0.69964
extract_mu020_slow,1.94402,0.064453,0.912446,0.609667,0.925589,0.056979,0.072385,0.71329
extract_mu020_slow,1.95301,0.065250,0.936859,0.611916,1.040635,0.057759,0.073446,0.72600
extract_mu020_slow,1.96200,0.066052,0.913764,0.636395,0.881681,0.058698,0.074510,0.73233
extract_mu020_slow,1.97102,0.066862,0.910220,0.652510,0.799449,0.059602,0.075578,0.73981
extract_mu020_slow,1.98002,0.067676,0.956330,0.646013,1.046156,0.060324,0.076636,0.75539
extract_mu020_slow,1.98902,0.068496,0.986279,0.647044,1.194363,0.061113,0.077718,0.76858
extract_mu020_slow,1.99802,0.069322,0.966173,0.671155,0.963242,0.062091,0.078796,0.77398
extract_mu020_slow,2.00702,0.070153,0.965576,0.688618,0.886591,0.062966,0.079855,0.78238
extract_mu020_slow,2.01601,0.070988,1.010875,0.682306,1.063507,0.063741,0.080965,0.79770
extract_mu020_slow,2.02502,0.071831,1.030522,0.682600,1.099963,0.064624,0.082168,0.81230
extract_mu020_slow,2.03400,0.072677,1.012164,0.708272,0.969711,0.065569,0.083268,0.81948
extract_mu020_slow,2.04302,0.073533,1.030093,0.726190,1.051189,0.066419,0.084238,0.82549
extract_mu020_slow,2.05201,0.074391,1.068280,0.716569,1.165108,0.067241,0.085409,0.84197
extract_mu020_slow,2.06101,0.075255,1.067579,0.718614,0.941234,0.068260,0.086888,0.86204
extract_mu020_slow,2.07000,0.076125,1.070281,0.749928,0.975656,0.069127,0.087703,0.86063
extract_mu020_slow,2.07902,0.077002,1.094558,0.763156,1.067025,0.069938,0.088681,0.86862
extract_mu020_slow,2.08800,0.077882,1.108783,0.748826,1.024163,0.070993,0.090314,0.89475
extract_mu020_slow,2.09702,0.078771,1.123780,0.759533,1.151049,0.071876,0.091380,0.90324
extract_mu020_slow,2.10601,0.079663,1.135977,0.792551,1.228732,0.072744,0.092273,0.90525
extract_mu020_slow,2.11501,0.080561,1.137824,0.796421,1.085978,0.073743,0.093627,0.92117
extract_mu020_slow,2.12400,0.081464,1.166439,0.785281,1.159514,0.074702,0.095024,0.94084
extract_mu020_slow,2.13302,0.082375,1.191603,0.803666,1.299740,0.075572,0.096032,0.94817
extract_mu020_slow,2.14201,0.083290,1.177341,0.831384,1.083678,0.076569,0.097129,0.95305
extract_mu020_slow,2.15101,0.084210,1.194548,0.831922,1.126880,0.077585,0.098542,0.97055
extract_mu020_slow,2.16002,0.085138,1.239974,0.825539,1.453502,0.078415,0.099753,0.98877
extract_mu020_slow,2.16901,0.086069,1.235438,0.844853,1.296383,0.079481,0.101008,0.99729
extract_mu020_slow,2.17801,0.087006,1.229623,0.871357,1.152553,0.080477,0.102097,1.00216
extract_mu020_slow,2.18702,0.087950,1.271646,0.870903,1.404027,0.081368,0.103342,1.01852
extract_mu020_slow,2.19601,0.088898,1.289998,0.863841,1.266731,0.082418,0.104839,1.03871
extract_mu020_slow,2.20502,0.089854,1.283952,0.887917,1.101226,0.083434,0.106020,1.04648
extract_mu020_slow,2.21402,0.090814,1.305096,0.914876,1.284497,0.084363,0.107034,1.05117
extract_mu020_slow,2.22301,0.091778,1.327378,0.907260,1.293368,0.085379,0.108453,1.06973
extract_mu020_slow,2.23202,0.092750,1.340865,0.903970,1.287387,0.086475,0.110063,1.09238
extract_mu020_slow,2.24102,0.093727,1.358029,0.935399,1.446579,0.087379,0.110960,1.09334
extract_mu020_slow,2.25001,0.094708,1.362540,0.955024,1.392764,0.088403,0.112122,1.10007
extract_mu020_slow,2.25900,0.095695,1.379817,0.943937,1.282195,0.089544,0.113897,1.12815
extract_mu020_slow,2.26800,0.096689,1.416958,0.949717,1.476122,0.090454,0.115019,1.13891
extract_mu020_slow,2.27702,0.097690,1.415795,0.980659,1.438258,0.091521,0.116211,1.14476
extract_mu020_slow,2.28601,0.098694,1.413109,0.993918,1.258819,0.092618,0.117624,1.15918
extract_mu020_slow,2.29501,0.099704,1.460053,0.986059,1.563497,0.093610,0.119014,1.17766
extract_mu020_slow,2.30401,0.100720,1.480431,0.994760,1.680832,0.094649,0.120346,1.19152
extract_mu020_slow,2.31302,0.101743,1.463775,1.024295,1.389243,0.095784,0.121659,1.19984
extract_mu020_slow,2.32201,0.102769,1.492015,1.037407,1.509994,0.096796,0.122906,1.21060
extract_mu020_slow,2.33100,0.103800,1.530476,1.028077,1.643739,0.097812,0.124382,1.23227
extract_mu020_slow,2.34002,0.104841,1.528571,1.038823,1.395263,0.099037,0.126034,1.25097
extract_mu020_slow,2.34901,0.105883,1.538849,1.072630,1.454352,0.100008,0.126918,1.24863
extract_mu020_slow,2.35802,0.106934,1.566399,1.080342,1.599054,0.101076,0.128366,1.26588
extract_mu020_slow,2.36701,0.107987,1.583735,1.068509,1.553881,0.102264,0.130131,1.29164
extract_mu020_slow,2.37600,0.109047,1.603335,1.088172,1.614022,0.103306,0.131328,1.29965
extract_mu020_slow,2.38502,0.110115,1.613581,1.120780,1.661231,0.104382,0.132515,1.30544
extract_mu020_slow,2.39402,0.111186,1.621872,1.120445,1.528465,0.105558,0.134114,1.32461
extract_mu020_slow,2.40301,0.112262,1.660591,1.114294,1.602552,0.106668,0.135698,1.34619
extract_mu020_slow,2.41202,0.113346,1.680360,1.138928,1.742752,0.107703,0.136892,1.35412
extract_mu020_slow,2.42102,0.114434,1.667456,1.165413,1.588549,0.108943,0.138311,1.36267
extract_mu020_slow,2.43001,0.115526,1.700102,1.164743,1.689467,0.110051,0.139856,1.38239
extract_mu020_slow,2.43901,0.116626,1.744538,1.162660,1.963910,0.111093,0.141287,1.40129
extract_mu020_slow,2.44801,0.117730,1.735793,1.186677,1.784146,0.112354,0.142808,1.41255
extract_mu020_slow,2.45702,0.118842,1.742879,1.213290,1.661484,0.113470,0.144083,1.42063
extract_mu020_slow,2.46601,0.119956,1.789345,1.211564,1.861191,0.114569,0.145591,1.43970
extract_mu020_slow,2.47502,0.121078,1.804982,1.208425,1.775005,0.115789,0.147269,1.46056
extract_mu020_slow,2.48402,0.122205,1.805990,1.237827,1.702453,0.116967,0.148640,1.46992
extract_mu020_slow,2.49300,0.123334,1.825604,1.264339,1.856053,0.118061,0.149877,1.47702
extract_mu020_slow,2.50201,0.124473,1.841503,1.257981,1.839794,0.119301,0.151632,1.50030
extract_mu020_slow,2.51102,0.125618,1.854087,1.262216,1.860086,0.120529,0.153322,1.52173
extract_mu020_slow,2.52001,0.126765,1.834293,1.299229,1.894271,0.121581,0.154343,1.52149
extract_mu020_slow,2.52902,0.127920,1.755832,1.323218,1.747108,0.122919,0.156044,1.53787
extract_mu020_slow,2.53801,0.129078,1.694847,1.320423,1.794400,0.124090,0.157766,1.56285
extract_mu020_slow,2.54702,0.130244,1.815753,1.322380,0.624931,0.123694,0.156968,1.54467
extract_mu020_slow,2.55601,0.131413,2.049684,1.315688,2.140242,0.123707,0.156870,1.54195
extract_mu020_slow,2.56502,0.132590,1.929621,1.294615,2.882130,0.125636,0.159905,1.59092
extract_mu020_slow,2.57401,0.133770,1.694220,1.344297,1.451686,0.127779,0.162770,1.62025
extract_mu020_slow,2.58302,0.134958,1.801151,1.423164,1.217940,0.128276,0.162684,1.59419
extract_mu020_slow,2.59201,0.136148,2.011331,1.374658,1.866540,0.128453,0.162956,1.60196
extract_mu020_slow,2.60102,0.137347,1.960965,1.305899,1.672767,0.130651,0.166778,1.67644
extract_mu020_slow,2.61001,0.138548,1.840257,1.401819,1.682411,0.132538,0.168367,1.66257
extract_mu020_slow,2.61902,0.139758,1.927616,1.496089,2.362959,0.132678,0.167257,1.61105
extract_mu020_slow,2.62801,0.140970,2.063382,1.394303,1.648500,0.133760,0.170211,1.69113
extract_mu020_slow,2.63702,0.142190,2.053860,1.331257,1.309071,0.135414,0.173102,1.74450
extract_mu020_slow,2.64601,0.143413,1.982487,1.477841,2.228387,0.136518,0.173268,1.70661
extract_mu020_slow,2.65502,0.144643,1.980410,1.551488,2.525719,0.137626,0.174243,1.70158
extract_mu020_slow,2.66401,0.145877,2.063997,1.420488,1.847897,0.139012,0.177133,1.76685
extract_mu020_slow,2.67302,0.147118,2.158025,1.391091,1.706508,0.140137,0.178904,1.79805
extract_mu020_slow,2.68200,0.148361,2.127452,1.541721,2.257745,0.140978,0.178433,1.74386
extract_mu020_slow,2.69102,0.149615,2.012628,1.574435,2.485985,0.142806,0.180481,1.75170
extract_mu020_slow,2.70000,0.150868,2.065212,1.467718,2.401998,0.144597,0.184670,1.85854
extract_mu020_slow,2.70901,0.152131,2.258312,1.479738,2.454261,0.144490,0.183994,1.83622
extract_mu020_slow,2.71800,0.153396,2.239490,1.579999,2.267559,0.145638,0.184637,1.81150
extract_mu020_slow,2.72701,0.154669,2.044579,1.579338,2.128012,0.148156,0.188399,1.86695
extract_mu020_slow,2.73600,0.155945,2.101922,1.544226,2.727548,0.149233,0.190034,1.89313
extract_mu020_slow,2.74501,0.157229,2.350608,1.572721,2.753879,0.149412,0.189778,1.87756
extract_mu020_slow,2.75402,0.158518,2.319036,1.587654,1.959522,0.150839,0.191489,1.89196
extract_mu020_slow,2.76301,0.159809,2.101402,1.593634,1.520585,0.153297,0.194987,1.93769
extract_mu020_slow,2.77202,0.161109,2.169359,1.648946,2.374153,0.154311,0.195866,1.93433
extract_mu020_slow,2.78101,0.162410,2.400024,1.649609,2.976309,0.154155,0.195390,1.91890
extract_mu020_slow,2.79002,0.163720,2.367412,1.582929,1.928970,0.156197,0.199309,2.00533
extract_mu020_slow,2.79901,0.165033,2.206704,1.633876,1.013173,0.158365,0.201923,2.01873
extract_mu020_slow,2.80802,0.166353,2.258355,1.750646,2.254698,0.158783,0.201012,1.96457
extract_mu020_slow,2.81701,0.167675,2.402313,1.696399,3.222731,0.159863,0.203072,2.00824
extract_mu020_slow,2.82602,0.169006,2.413812,1.597418,1.967431,0.161613,0.206148,2.06973
extract_mu020_slow,2.83500,0.170337,2.358731,1.704188,1.347007,0.162892,0.206951,2.04977
extract_mu020_slow,2.84402,0.171680,2.335395,1.822580,2.364443,0.164016,0.207485,2.02531
extract_mu020_slow,2.85300,0.173021,2.371150,1.725978,2.769972,0.165574,0.210407,2.08766
extract_mu020_slow,2.86201,0.174372,2.482176,1.653287,2.923264,0.166830,0.213206,2.15170
extract_mu020_slow,2.87100,0.175726,2.519553,1.776156,2.627915,0.167355,0.212582,2.10218
extract_mu020_slow,2.88001,0.177087,2.386285,1.847206,1.977989,0.169299,0.214423,2.09725
extract_mu020_slow,2.88900,0.178450,2.366548,1.767599,2.506659,0.171513,0.218579,2.18324
extract_mu020_slow,2.89801,0.179822,2.588057,1.750170,3.723284,0.171591,0.218342,2.17542
extract_mu020_slow,2.90702,0.181198,2.623223,1.822388,3.809605,0.172873,0.219387,2.16625
extract_mu020_slow,2.91601,0.182577,2.392931,1.849785,1.185586,0.175282,0.222755,2.20486
extract_mu020_slow,2.92502,0.183963,2.451606,1.849877,1.605522,0.176407,0.224218,2.22223
extract_mu020_slow,2.93401,0.185352,2.715103,1.843769,4.057250,0.176814,0.224650,2.22750
extract_mu020_slow,2.94302,0.186749,2.616984,1.826027,2.640460,0.178568,0.227347,2.26720
extract_mu020_slow,2.95201,0.188147,2.465645,1.888699,1.984950,0.180893,0.230343,2.29558
extract_mu020_slow,2.96102,0.189554,2.620966,1.956392,2.125676,0.181053,0.229391,2.25083
extract_mu020_slow,2.97000,0.190960,2.703118,1.880312,2.000394,0.182386,0.232045,2.30908
extract_mu020_slow,2.97901,0.192377,2.633989,1.844921,2.160788,0.184814,0.236102,2.37799
extract_mu020_slow,2.98800,0.193795,2.685907,1.975073,3.230937,0.185178,0.234803,2.30917
extract_mu020_slow,2.99701,0.195222,2.656039,2.004664,2.705128,0.187128,0.237424,2.34101
extract_mu020_slow,3.00602,0.196653,2.667985,1.907989,1.832546,0.188766,0.240446,2.40346
extract_mu020_slow,3.01501,0.198086,2.860547,1.930554,3.248154,0.189565,0.241303,2.40786
extract_mu020_slow,3.02402,0.199527,2.726347,2.016628,2.224030,0.191233,0.242933,2.40508
extract_mu020_slow,3.03301,0.200970,2.600302,2.036664,2.270944,0.193360,0.245719,2.43332
extract_mu020_slow,3.04202,0.202420,2.836225,2.007588,4.540260,0.193779,0.246222,2.44307
extract_mu020_slow,3.05101,0.203873,2.838418,1.983030,3.367235,0.195339,0.248820,2.48884
extract_mu020_slow,3.06002,0.205333,2.743482,2.047626,1.815731,0.197714,0.251724,2.50744
extract_mu020_slow,3.06900,0.206793,2.881521,2.110409,3.402914,0.197823,0.250785,2.46836
extract_mu020_slow,3.07801,0.208263,2.865757,2.038757,2.032695,0.200220,0.255110,2.55094
extract_mu020_slow,3.08702,0.209738,2.919889,2.029335,2.748630,0.201273,0.256347,2.56157
extract_mu020_slow,3.09601,0.211214,2.980319,2.126697,4.277670,0.202563,0.257320,2.54951
extract_mu020_slow,3.10502,0.212699,2.831810,2.138099,1.926107,0.204603,0.260122,2.58189
extract_mu020_slow,3.11401,0.214185,2.986444,2.104247,2.746563,0.205853,0.262093,2.61444
extract_mu020_slow,3.12302,0.215678,3.109713,2.102995,3.602821,0.206765,0.263155,2.62407
extract_mu020_slow,3.13200,0.217172,2.922732,2.147323,1.171539,0.209253,0.266349,2.65487
extract_mu020_slow,3.14101,0.218675,3.014968,2.214503,2.847907,0.210210,0.266826,2.63580
extract_mu020_slow,3.15002,0.220183,3.117169,2.172520,3.955489,0.211312,0.268795,2.67507
extract_mu020_slow,3.15901,0.221692,3.070012,2.128788,3.004932,0.213841,0.272983,2.74715
extract_mu020_slow,3.16802,0.223209,3.161293,2.226439,4.355170,0.214296,0.272148,2.69505
extract_mu020_slow,3.17701,0.224728,3.087085,2.267241,3.212506,0.216526,0.275086,2.72669
extract_mu020_slow,3.18602,0.226254,3.109233,2.214091,2.230623,0.217990,0.277496,2.76912
extract_mu020_slow,3.19500,0.227780,3.321370,2.217168,4.069920,0.218959,0.278806,2.78577
extract_mu020_slow,3.20401,0.229316,3.181614,2.261755,2.672199,0.220868,0.281054,2.80154
extract_mu020_slow,3.21302,0.230856,3.147631,2.316748,2.799758,0.222773,0.283227,2.81407
extract_mu020_slow,3.22201,0.232397,3.354119,2.305561,4.793330,0.223288,0.283712,2.81414
extract_mu020_slow,3.23102,0.233946,3.308245,2.246490,2.733541,0.225666,0.287845,2.88981
extract_mu020_slow,3.24000,0.235495,3.330858,2.318104,2.833756,0.226978,0.288907,2.88283
extract_mu020_slow,3.24901,0.237053,3.359760,2.395065,3.379323,0.228025,0.289442,2.86166
extract_mu020_slow,3.25802,0.238616,3.242859,2.340326,1.567109,0.230521,0.293697,2.93962
extract_mu020_slow,3.26701,0.240179,3.303426,2.344927,3.762644,0.231188,0.294179,2.93896
extract_mu020_slow,3.27602,0.241751,3.188520,2.439841,3.860992,0.233221,0.296365,2.94371
extract_mu020_slow,3.28500,0.243322,3.028995,2.479662,2.404684,0.235024,0.298656,2.96419
extract_mu020_slow,3.29401,0.244903,3.136409,2.445666,4.580080,0.235949,0.300289,2.99273
extract_mu020_slow,3.30302,0.246487,3.167770,2.425323,0.652186,0.236197,0.300656,2.99808
extract_mu020_slow,3.31201,0.248073,3.415823,2.460897,5.184010,0.235545,0.298688,2.95724
extract_mu020_slow,3.32102,0.249667,3.389809,2.424067,5.514600,0.237043,0.300901,2.98660
extract_mu020_slow,3.33000,0.251260,3.150688,2.415223,1.225172,0.240696,0.307120,3.08975
extract_mu020_slow,3.33901,0.252862,3.262321,2.544585,2.334951,0.240341,0.305185,3.01791
extract_mu020_slow,3.34802,0.254469,3.396039,2.539004,4.275610,0.241355,0.306913,3.05698
extract_mu020_slow,3.35701,0.256076,3.295999,2.416371,4.276360,0.244184,0.311878,3.14417
extract_mu020_slow,3.36602,0.257691,3.344703,2.502854,4.656620,0.245187,0.311718,3.10221
extract_mu020_slow,3.37500,0.259305,3.433532,2.624562,3.651260,0.246162,0.311867,3.06628
extract_mu020_slow,3.38401,0.260929,3.324184,2.520716,1.777051,0.248499,0.315990,3.13870
extract_mu020_slow,3.39302,0.262557,3.397235,2.484949,4.272170,0.250187,0.318980,3.19992
extract_mu020_slow,3.40201,0.264186,3.567936,2.616589,6.764690,0.250118,0.317585,3.14384
extract_mu020_slow,3.41102,0.265822,3.396577,2.619269,2.253825,0.252512,0.320965,3.18421
extract_mu020_slow,3.42000,0.267457,3.312411,2.568298,0.319039,0.255517,0.326448,3.28649
extract_mu020_slow,3.42901,0.269102,3.592904,2.635771,4.800720,0.254610,0.323396,3.21168
extract_mu020_slow,3.43802,0.270750,3.608180,2.635060,5.207660,0.256656,0.326360,3.24243
extract_mu020_slow,3.44700,0.272398,3.378385,2.597738,1.777090,0.259659,0.330560,3.29895
extract_mu020_slow,3.45601,0.274055,3.492409,2.701316,1.925686,0.260158,0.330115,3.26357
extract_mu020_slow,3.46502,0.275716,3.646858,2.722046,3.223655,0.261087,0.331534,3.28596
extract_mu020_slow,3.47401,0.277377,3.535857,2.611271,3.038051,0.263469,0.336112,3.37737
extract_mu020_slow,3.48302,0.279047,3.569375,2.681670,4.228850,0.264956,0.337914,3.38769
extract_mu020_slow,3.49200,0.280714,3.658221,2.803624,2.793429,0.265292,0.336553,3.31880
extract_mu020_slow,3.50101,0.282391,3.537050,2.717261,1.381983,0.268221,0.341440,3.40908
extract_mu020_slow,3.51002,0.284073,3.606389,2.684610,4.723310,0.270103,0.344459,3.47066
extract_mu020_slow,3.51900,0.285752,3.787903,2.799455,6.592740,0.269559,0.341900,3.37925
extract_mu020_slow,3.52801,0.287441,3.614504,2.796684,2.789473,0.272748,0.346695,3.44928
extract_mu020_slow,3.53702,0.289134,3.528196,2.765080,1.649294,0.274599,0.349656,3.49609
extract_mu020_slow,3.54601,0.290828,3.795574,2.832771,5.589230,0.274629,0.349151,3.47185
extract_mu020_slow,3.55502,0.292528,3.792206,2.810912,5.855570,0.276452,0.352107,3.51916
extract_mu020_slow,3.56402,0.294231,3.599146,2.782711,3.068226,0.279102,0.355938,3.57553
extract_mu020_slow,3.57301,0.295936,3.731880,2.900747,3.245031,0.279954,0.355635,3.53695
extract_mu020_slow,3.58202,0.297648,3.827132,2.905232,3.680640,0.280773,0.356127,3.52519
extract_mu020_slow,3.59100,0.299359,3.733062,2.801592,4.299790,0.284053,0.362207,3.64172
extract_mu020_slow,3.60001,0.301079,3.837504,2.887051,5.013810,0.284519,0.361986,3.61279
extract_mu020_slow,3.60902,0.302802,3.857141,2.977745,3.560758,0.285616,0.362501,3.58753
extract_mu020_slow,3.61800,0.304524,3.695821,2.899293,0.423449,0.288768,0.368221,3.69167
extract_mu020_slow,3.62701,0.306255,3.910758,2.907033,4.650870,0.288839,0.367615,3.67424
extract_mu020_slow,3.63602,0.307990,3.989872,2.959112,6.985130,0.290408,0.369469,3.68622
extract_mu020_slow,3.64500,0.309723,3.764711,2.955826,2.557037,0.293034,0.373124,3.73036
extract_mu020_slow,3.65401,0.311465,3.866185,3.006176,0.837936,0.294423,0.374504,3.73732
extract_mu020_slow,3.66302,0.313211,3.986095,3.003290,3.466344,0.295469,0.375511,3.73989
extract_mu020_slow,3.67200,0.314955,3.900024,2.955625,4.122800,0.298031,0.379451,3.79741
extract_mu020_slow,3.68101,0.316708,4.022898,3.031731,6.721270,0.298765,0.379671,3.77752
extract_mu020_slow,3.69002,0.318465,3.978248,3.061590,5.532550,0.300529,0.382198,3.80905
extract_mu020_slow,3.69900,0.320219,3.915433,3.029005,1.569944,0.302925,0.386375,3.88312
extract_mu020_slow,3.70801,0.321983,4.149653,3.064335,4.035040,0.303049,0.385651,3.85164
extract_mu020_slow,3.71702,0.323750,4.021892,3.057683,2.201555,0.305872,0.389369,3.89394
extract_mu020_slow,3.72600,0.325515,4.061402,3.104919,5.532120,0.307054,0.390243,3.88254
extract_mu020_slow,3.73501,0.327289,4.191164,3.129347,7.828800,0.308546,0.392354,3.90913
extract_mu020_slow,3.74402,0.329067,4.112180,3.073729,3.827904,0.310654,0.395901,3.97178
extract_mu020_slow,3.75300,0.330842,4.275446,3.123323,4.419080,0.311990,0.397575,3.98872
extract_mu020_slow,3.76201,0.332627,4.187161,3.157286,2.429168,0.313656,0.399208,3.98899
extract_mu020_slow,3.77102,0.334415,4.122016,3.167668,1.247801,0.316317,0.402658,4.02527
extract_mu020_slow,3.78000,0.336200,4.309057,3.195181,5.432170,0.316389,0.401929,3.99399
extract_mu020_slow,3.78901,0.337995,4.219167,3.162579,5.082970,0.319741,0.407508,4.09136
extract_mu020_slow,3.79801,0.339791,4.279077,3.212277,6.507940,0.320651,0.408149,4.08203
extract_mu020_slow,3.80702,0.341593,4.317854,3.260516,5.138240,0.322722,0.410892,4.11074
extract_mu020_slow,3.81601,0.343393,4.309208,3.223356,1.821500,0.324522,0.413335,4.14419
extract_mu020_slow,3.82501,0.345199,4.523631,3.227431,3.675517,0.325778,0.414834,4.15680
extract_mu020_slow,3.83402,0.347010,4.474660,3.240070,3.103554,0.327663,0.417202,4.17639
extract_mu020_slow,3.84300,0.348819,4.478293,3.291941,4.616870,0.329717,0.419776,4.19910
extract_mu020_slow,3.85201,0.350636,4.610743,3.311987,7.538580,0.330693,0.420883,4.20392
extract_mu020_slow,3.86102,0.352457,4.603148,3.259752,5.551480,0.333186,0.425047,4.27967
extract_mu020_slow,3.87002,0.354279,4.713565,3.296650,5.600830,0.333840,0.425290,4.26489
extract_mu020_slow,3.87901,0.356102,4.572500,3.346277,3.024363,0.336162,0.427835,4.28285
extract_mu020_slow,3.88801,0.357930,4.336906,3.382833,1.934651,0.338063,0.430060,4.29729
extract_mu020_slow,3.89702,0.359763,4.282888,3.450485,4.811690,0.339547,0.431695,4.30563
extract_mu020_slow,3.90600,0.361593,4.145289,3.461254,4.859120,0.341602,0.434779,4.34881
extract_mu020_slow,3.91501,0.363433,4.158693,3.467816,6.268910,0.342382,0.435859,4.35924
extract_mu020_slow,3.92402,0.365275,4.360222,3.482301,1.635604,0.341196,0.433597,4.31697
extract_mu020_slow,3.93300,0.367114,4.439412,3.420539,1.046235,0.341644,0.434158,4.32866
extract_mu020_slow,3.94201,0.368962,4.336017,3.393385,4.272570,0.345760,0.440493,4.42231
extract_mu020_slow,3.95101,0.370812,4.538253,3.539834,8.084810,0.345760,0.438621,4.34279
extract_mu020_slow,3.96002,0.372666,4.584824,3.510295,2.995398,0.346145,0.439361,4.36662
extract_mu020_slow,3.96900,0.374517,4.447200,3.366615,0.446793,0.349886,0.447275,4.54172
extract_mu020_slow,3.97801,0.376377,4.572955,3.498400,5.602920,0.349447,0.445210,4.46310
extract_mu020_slow,3.98702,0.378239,4.452348,3.598547,7.152550,0.351960,0.447700,4.46969
extract_mu020_slow,3.99602,0.380103,4.162276,3.514980,2.761928,0.354826,0.451520,4.52196
extract_mu020_slow,4.00500,0.381965,4.379909,3.567383,2.339609,0.355245,0.451088,4.49013
extract_mu020_slow,4.01401,0.383836,4.512622,3.606199,4.520630,0.356413,0.452471,4.49744
extract_mu020_slow,4.02302,0.385711,4.350871,3.533889,5.439750,0.359478,0.458030,4.59945
extract_mu020_slow,4.03202,0.387585,4.567807,3.609229,7.161710,0.360032,0.458778,4.60353
extract_mu020_slow,4.04101,0.389461,4.683731,3.629872,4.129390,0.360295,0.458558,4.58620
extract_mu020_slow,4.05001,0.391341,4.505971,3.549516,1.440506,0.364642,0.465788,4.71248
extract_mu020_slow,4.05902,0.393225,4.656320,3.654189,7.728410,0.364413,0.463112,4.61602
extract_mu020_slow,4.06800,0.395107,4.722372,3.702934,9.339590,0.366287,0.465060,4.62421
extract_mu020_slow,4.07701,0.396997,4.541691,3.607463,1.499274,0.369301,0.470330,4.71945
extract_mu020_slow,4.08601,0.398887,4.701106,3.678268,2.507195,0.369389,0.469819,4.69181
extract_mu020_slow,4.09502,0.400783,4.737973,3.726153,7.882040,0.370791,0.471759,4.71505
extract_mu020_slow,4.10400,0.402674,4.511589,3.665340,6.337780,0.373541,0.476232,4.79536
extract_mu020_slow,4.11301,0.404575,4.683183,3.746206,3.228101,0.374485,0.477037,4.79360
extract_mu020_slow,4.12201,0.406476,4.771810,3.757878,2.553428,0.375175,0.477256,4.76677
extract_mu020_slow,4.13102,0.408381,4.602392,3.678782,4.017680,0.379221,0.483277,4.86716
extract_mu020_slow,4.14000,0.410282,4.753753,3.787367,6.831930,0.378923,0.480965,4.78233
extract_mu020_slow,4.14901,0.412193,4.763407,3.824838,4.715440,0.380609,0.483325,4.82170
extract_mu020_slow,4.15801,0.414103,4.606752,3.739532,0.403356,0.383678,0.489582,4.94197
extract_mu020_slow,4.16702,0.416018,4.830625,3.814341,4.357580,0.383286,0.488205,4.89705
extract_mu020_slow,4.17600,0.417930,4.833440,3.839349,7.782130,0.385394,0.490960,4.92670
extract_mu020_slow,4.18501,0.419849,4.628508,3.798005,4.523630,0.388072,0.494276,4.96377
extract_mu020_slow,4.19401,0.421769,4.821823,3.893652,2.732198,0.388924,0.494303,4.93372
extract_mu020_slow,4.20302,0.423694,4.851582,3.873667,4.091890,0.390229,0.495930,4.94590
extract_mu020_slow,4.21202,0.425618,4.744197,3.809452,7.474540,0.393426,0.501375,5.05027
extract_mu020_slow,4.22100,0.427541,4.933870,3.926585,8.432710,0.393061,0.499863,4.99884
extract_mu020_slow,4.23001,0.429472,4.839676,3.925959,3.460276,0.395348,0.503511,5.04834
extract_mu020_slow,4.23902,0.431405,4.760394,3.875779,1.818152,0.398207,0.508213,5.12616
extract_mu020_slow,4.24802,0.433339,5.077129,3.955114,9.350870,0.397442,0.505348,5.05002
extract_mu020_slow,4.25700,0.435270,4.852506,3.905649,5.585110,0.401382,0.510975,5.13526
extract_mu020_slow,4.26601,0.437209,4.843674,3.961400,4.982770,0.402365,0.511350,5.11147
extract_mu020_slow,4.27501,0.439149,4.964204,4.034833,6.378580,0.403852,0.513355,5.12917
extract_mu020_slow,4.28402,0.441093,4.658576,3.944614,0.200406,0.406279,0.517576,5.20348
extract_mu020_slow,4.29302,0.443037,4.855606,4.045810,5.084560,0.407471,0.519176,5.21768
extract_mu020_slow,4.30200,0.444978,4.761478,4.070049,3.061396,0.409407,0.521463,5.22690
extract_mu020_slow,4.31101,0.446928,4.789471,4.037837,4.263690,0.411883,0.524823,5.28189
extract_mu020_slow,4.32001,0.448878,5.063774,4.064852,7.693480,0.411938,0.523750,5.24057
extract_mu020_slow,4.32902,0.450832,5.031562,4.023715,3.927800,0.415385,0.528806,5.30829
extract_mu020_slow,4.33802,0.452786,5.241716,4.065317,5.825520,0.415601,0.528885,5.29720
extract_mu020_slow,4.34700,0.454737,5.191285,4.057625,3.369175,0.418255,0.533055,5.36416
extract_mu020_slow,4.35601,0.456697,5.143157,4.074934,4.228800,0.419684,0.534861,5.38739
extract_mu020_slow,4.36501,0.458656,5.209050,4.140293,7.205530,0.421413,0.536825,5.39787
extract_mu020_slow,4.37402,0.460619,5.152066,4.120880,6.348340,0.423329,0.539100,5.41994
extract_mu020_slow,4.38302,0.462582,5.318272,4.127269,8.558090,0.424611,0.540434,5.43518
extract_mu020_slow,4.39200,0.464543,5.344576,4.133485,5.629840,0.426619,0.542966,5.45174
extract_mu020_slow,4.40101,0.466511,5.472857,4.161275,5.308890,0.428251,0.545265,5.47434
extract_mu020_slow,4.41001,0.468479,5.584452,4.150636,4.413850,0.429697,0.547335,5.50693
extract_mu020_slow,4.41901,0.470449,5.604797,4.131000,3.148939,0.431941,0.550912,5.56619
extract_mu020_slow,4.42802,0.472423,5.707751,4.186051,5.928800,0.433135,0.551887,5.56000
extract_mu020_slow,4.43702,0.474396,5.647021,4.199101,4.921470,0.435581,0.554943,5.59050
extract_mu020_slow,4.44600,0.476366,5.769077,4.213269,6.228900,0.436955,0.556290,5.59803
extract_mu020_slow,4.45501,0.478345,5.817259,4.195146,5.848960,0.438720,0.558870,5.63144
extract_mu020_slow,4.46401,0.480323,5.644691,4.208419,4.180700,0.440796,0.561890,5.66629
extract_mu020_slow,4.47301,0.482302,5.371851,4.325534,5.433840,0.442613,0.563848,5.67348
extract_mu020_slow,4.48202,0.484286,4.804621,4.401336,4.349560,0.443985,0.565103,5.66981
extract_mu020_slow,4.49102,0.486268,4.630697,4.476549,7.720850,0.441450,0.559906,5.56077
extract_mu020_slow,4.50000,0.488248,4.524590,4.429837,3.614550,0.443983,0.564131,5.62965
extract_mu020_slow,4.50900,0.490233,4.522525,4.358647,2.054799,0.446576,0.568248,5.70607
extract_mu020_slow,4.51801,0.492222,4.900549,4.456048,10.039870,0.445708,0.565618,5.63381
extract_mu020_slow,4.52701,0.494210,4.871931,4.412416,6.838100,0.449641,0.571934,5.73488
extract_mu020_slow,4.53602,0.496202,4.956050,4.381672,3.139000,0.450246,0.573085,5.75477
extract_mu020_slow,4.54502,0.498193,5.206510,4.448038,6.400020,0.450991,0.574097,5.76218
extract_mu020_slow,4.55402,0.500185,5.099138,4.395454,7.484010,0.453526,0.577730,5.81370
extract_mu020_slow,4.56300,0.502175,5.261783,4.434710,6.858740,0.454779,0.579037,5.82293
extract_mu020_slow,4.57201,0.504172,5.406392,4.457445,3.782720,0.455086,0.578741,5.79095
extract_mu020_slow,4.58101,0.506168,5.279829,4.385721,2.984929,0.458901,0.585023,5.89914
extract_mu020_slow,4.59001,0.508165,5.460072,4.474765,8.637390,0.458903,0.583535,5.84529
extract_mu020_slow,4.59902,0.510166,5.448627,4.494057,5.474510,0.460922,0.586385,5.88190
extract_mu020_slow,4.60802,0.512165,5.302767,4.441012,0.205416,0.463354,0.590298,5.94464
extract_mu020_slow,4.61702,0.514166,5.489770,4.528234,4.625860,0.463251,0.589359,5.90417
extract_mu020_slow,4.62602,0.516168,5.405951,4.510523,7.296880,0.465832,0.593314,5.97309
extract_mu020_slow,4.63500,0.518166,5.311620,4.496815,3.042851,0.467790,0.595775,5.99917
extract_mu020_slow,4.64401,0.520173,5.486998,4.587390,3.108821,0.468657,0.596119,5.97115
extract_mu020_slow,4.65301,0.522178,5.385670,4.534362,4.218270,0.470726,0.598965,6.00618
extract_mu020_slow,4.66201,0.524184,5.427675,4.541533,6.921690,0.472654,0.601653,6.05163
extract_mu020_slow,4.67102,0.526193,5.549656,4.613737,6.902340,0.472501,0.600512,6.01127
extract_mu020_slow,4.68002,0.528201,5.378440,4.566249,3.212150,0.476396,0.607568,6.13393
extract_mu020_slow,4.68902,0.530210,5.499692,4.613808,6.481870,0.476342,0.606859,6.10011
extract_mu020_slow,4.69802,0.532220,5.579545,4.634737,8.898910,0.478043,0.608633,6.11851
extract_mu020_slow,4.70702,0.534230,5.435739,4.581634,5.878150,0.480667,0.612101,6.16208
extract_mu020_slow,4.71600,0.536237,5.583607,4.667272,7.131630,0.481261,0.611918,6.12927
extract_mu020_slow,4.72500,0.538250,5.547365,4.664067,6.148690,0.483149,0.614763,6.16899
extract_mu020_slow,4.73401,0.540265,5.467075,4.630468,6.320500,0.485213,0.618174,6.23035
extract_mu020_slow,4.74301,0.542279,5.642947,4.716062,8.256170,0.485824,0.618552,6.22352
extract_mu020_slow,4.75201,0.544294,5.532110,4.687077,4.562950,0.487918,0.621512,6.25487
extract_mu020_slow,4.76101,0.546309,5.537630,4.695613,3.214821,0.490014,0.624272,6.28935
extract_mu020_slow,4.77001,0.548325,5.688255,4.753832,7.218700,0.489733,0.622355,6.22461
extract_mu020_slow,4.77902,0.550344,5.556261,4.698420,5.609680,0.493782,0.628624,6.33497
extract_mu020_slow,4.78802,0.552362,5.644767,4.750680,4.332590,0.493866,0.628442,6.30098
extract_mu020_slow,4.79702,0.554380,5.685192,4.782514,3.838010,0.495737,0.631384,6.34343
extract_mu020_slow,4.80602,0.556398,5.566613,4.736708,3.236770,0.497702,0.634214,6.39298
extract_mu020_slow,4.81502,0.558417,5.764110,4.808662,7.859380,0.498680,0.634964,6.39164
extract_mu020_slow,4.82402,0.560437,5.661545,4.780928,3.856560,0.500523,0.637124,6.40623
extract_mu020_slow,4.83300,0.562453,5.674434,4.795926,3.748990,0.502779,0.640054,6.43713
extract_mu020_slow,4.84200,0.564474,5.759900,4.845839,7.468650,0.503345,0.640035,6.41797
extract_mu020_slow,4.85101,0.566497,5.582685,4.809734,4.889090,0.506790,0.645440,6.50605
extract_mu020_slow,4.86001,0.568519,5.728063,4.885088,8.355550,0.506583,0.644627,6.46310
extract_mu020_slow,4.86901,0.570541,5.669937,4.872538,4.220230,0.509952,0.649894,6.54878
extract_mu020_slow,4.87801,0.572563,5.836059,4.867515,7.037470,0.510371,0.650001,6.54781
extract_mu020_slow,4.88701,0.574586,5.936514,4.852443,7.443980,0.512606,0.653041,6.58453
extract_mu020_slow,4.89601,0.576609,5.987447,4.862531,6.195350,0.514049,0.654528,6.58285
extract_mu020_slow,4.90501,0.578632,6.125740,4.903525,7.778350,0.515789,0.656571,6.60208
extract_mu020_slow,4.91401,0.580656,6.081516,4.868197,4.660320,0.517677,0.659268,6.64124
extract_mu020_slow,4.92301,0.582680,6.251243,4.903035,7.884300,0.519055,0.661380,6.66564
extract_mu020_slow,4.93201,0.584704,6.206004,4.893380,4.246920,0.520970,0.664138,6.70072
extract_mu020_slow,4.94101,0.586728,6.275169,4.926320,4.604060,0.522797,0.666404,6.72803
extract_mu020_slow,4.95002,0.588755,6.348019,4.940260,5.943420,0.524044,0.667497,6.72764
extract_mu020_slow,4.95902,0.590780,6.333182,4.915825,4.519320,0.526436,0.670768,6.76282
extract_mu020_slow,4.96802,0.592805,6.479530,4.962569,7.304950,0.527359,0.671780,6.76396
extract_mu020_slow,4.97702,0.594830,6.418670,4.954411,4.653850,0.529796,0.675191,6.81062
extract_mu020_slow,4.98602,0.596855,6.561042,4.989357,7.627070,0.531062,0.676981,6.82940
extract_mu020_slow,4.99502,0.598880,6.620105,4.974869,7.337940,0.532880,0.679666,6.86989
extract_mu020_slow,5.00402,0.600904,6.712546,4.972066,6.844860,0.534674,0.681989,6.89709
extract_mu020_slow,5.01302,0.602929,6.814303,4.999394,8.108980,0.535999,0.683231,6.89488
extract_mu020_slow,5.02202,0.604954,6.623941,4.993000,6.372990,0.538497,0.686330,6.93191
extract_mu020_slow,5.03102,0.606979,6.333697,5.077280,9.525330,0.539309,0.686900,6.91867
extract_mu020_slow,5.04002,0.609004,5.658798,5.176244,4.371510,0.541060,0.688422,6.90631
extract_mu020_slow,5.04902,0.611029,5.366579,5.315755,10.591700,0.538013,0.683325,6.81785
extract_mu020_slow,5.05802,0.613053,5.091576,5.235646,3.729840,0.543061,0.691397,6.96488
extract_mu020_slow,5.06702,0.615078,5.234524,5.170820,1.073512,0.541761,0.689445,6.93684
extract_mu020_slow,5.07602,0.617102,5.429472,5.196637,5.341550,0.543664,0.691918,6.96043
extract_mu020_slow,5.08502,0.619126,5.404233,5.211805,4.912520,0.545773,0.694102,6.95940
extract_mu020_slow,5.09402,0.621150,5.701009,5.276301,4.096530,0.546427,0.694282,6.93922
extract_mu020_slow,5.10302,0.623173,5.765977,5.168635,1.204196,0.548096,0.696934,6.99049
extract_mu020_slow,5.11202,0.625196,5.945844,5.151224,4.783460,0.549995,0.700107,7.04779
extract_mu020_slow,5.12102,0.627219,6.061039,5.229269,8.498900,0.549834,0.699290,7.01423
extract_mu020_slow,5.13002,0.629241,5.819786,5.211722,1.465651,0.554248,0.706591,7.14679
extract_mu020_slow,5.13902,0.631263,5.993009,5.284534,3.188970,0.552952,0.703813,7.06808
extract_mu020_slow,5.14802,0.633285,6.059156,5.230525,7.501760,0.555511,0.707867,7.13862
extract_mu020_slow,5.15702,0.635306,6.049066,5.188293,8.201330,0.557039,0.709486,7.15114
extract_mu020_slow,5.16602,0.637327,6.173061,5.301590,7.306860,0.558081,0.709895,7.12928
extract_mu020_slow,5.17502,0.639347,5.943455,5.275551,3.447940,0.560449,0.713227,7.17645
extract_mu020_slow,5.18402,0.641367,6.037939,5.311163,9.207860,0.561729,0.715143,7.20389
extract_mu020_slow,5.19302,0.643386,6.179981,5.317730,12.681810,0.562135,0.715553,7.20130
extract_mu020_slow,5.20202,0.645405,6.052318,5.249286,4.435880,0.565041,0.720319,7.28770
extract_mu020_slow,5.21102,0.647423,6.180044,5.359140,6.576990,0.564914,0.719010,7.23579
extract_mu020_slow,5.22002,0.649441,6.060158,5.357497,9.265480,0.567960,0.722765,7.27161
extract_mu020_slow,5.22901,0.651455,6.040779,5.348981,9.007320,0.569675,0.724672,7.29096
extract_mu020_slow,5.23801,0.653471,6.234676,5.398288,6.340470,0.569724,0.724527,7.27520
extract_mu020_slow,5.24701,0.655487,6.117823,5.322868,2.094297,0.572377,0.729090,7.35527
extract_mu020_slow,5.25601,0.657502,6.214701,5.390489,7.676560,0.572835,0.729400,7.34097
extract_mu020_slow,5.26501,0.659516,6.162573,5.420109,8.267680,0.574639,0.731667,7.37021
extract_mu020_slow,5.27401,0.661529,6.009911,5.384607,0.764501,0.576811,0.734430,7.40788
extract_mu020_slow,5.28301,0.663541,6.202024,5.459821,3.765710,0.577394,0.734566,7.37788
extract_mu020_slow,5.29200,0.665551,6.124345,5.411312,5.572550,0.579403,0.737480,7.40392
extract_mu020_slow,5.30100,0.667562,6.168396,5.439726,6.122570,0.581078,0.739778,7.44850
extract_mu020_slow,5.31000,0.669571,6.234661,5.492042,3.729410,0.580927,0.739102,7.43133
extract_mu020_slow,5.31902,0.671585,6.083483,5.433752,1.053996,0.584472,0.745199,7.53536
extract_mu020_slow,5.32802,0.673593,6.245868,5.503017,8.307400,0.584086,0.743636,7.47652
extract_mu020_slow,5.33702,0.675600,6.180893,5.488986,7.552350,0.586884,0.747199,7.52777
extract_mu020_slow,5.34602,0.677606,6.124965,5.484448,2.683100,0.588178,0.748229,7.52333
extract_mu020_slow,5.35502,0.679611,6.269943,5.549153,6.635050,0.589199,0.749410,7.53074
extract_mu020_slow,5.36401,0.681613,6.157010,5.488161,7.637630,0.590939,0.752291,7.58059
extract_mu020_slow,5.37301,0.683616,6.289328,5.539424,10.309180,0.592137,0.754150,7.60610
extract_mu020_slow,5.38201,0.685618,6.279970,5.547436,7.427810,0.593113,0.755269,7.61154
extract_mu020_slow,5.39101,0.687619,6.220335,5.527588,5.352390,0.596229,0.759617,7.67632
extract_mu020_slow,5.40000,0.689617,6.385173,5.588133,11.858320,0.595589,0.757531,7.59833
extract_mu020_slow,5.40900,0.691615,6.207258,5.535555,6.759820,0.599401,0.763079,7.69219
extract_mu020_slow,5.41802,0.693617,6.308105,5.608843,7.529490,0.599481,0.762580,7.66099
extract_mu020_slow,5.42702,0.695613,6.239859,5.612747,4.262300,0.602059,0.766681,7.72437
extract_mu020_slow,5.43602,0.697608,6.271485,5.604639,6.216960,0.602983,0.768099,7.75148
extract_mu020_slow,5.44502,0.699602,6.399428,5.626942,8.134820,0.604548,0.770024,7.77168
extract_mu020_slow,5.45402,0.701594,6.441691,5.606504,3.597300,0.606328,0.772016,7.78380
extract_mu020_slow,5.46302,0.703585,6.646364,5.618834,5.451980,0.607303,0.772917,7.78492
extract_mu020_slow,5.47202,0.705575,6.651109,5.575522,3.644850,0.609365,0.775810,7.82272
extract_mu020_slow,5.48101,0.707561,6.783596,5.624924,6.832520,0.610343,0.776945,7.82843
extract_mu020_slow,5.49001,0.709548,6.753023,5.633897,4.085340,0.612516,0.780232,7.87808
extract_mu020_slow,5.49900,0.711532,6.812143,5.642489,3.976670,0.613725,0.782168,7.90775
extract_mu020_slow,5.50800,0.713516,6.941931,5.644575,7.972030,0.615107,0.784307,7.92718
extract_mu020_slow,5.51702,0.715503,6.938695,5.613503,7.447030,0.616856,0.786259,7.94945
extract_mu020_slow,5.52602,0.717484,7.054870,5.670531,9.289610,0.618274,0.787534,7.94466
extract_mu020_slow,5.53502,0.719464,6.993256,5.667638,5.439480,0.620067,0.789755,7.96765
extract_mu020_slow,5.54402,0.721442,7.117773,5.689360,8.801060,0.621594,0.792043,8.00308
extract_mu020_slow,5.55301,0.723416,7.203829,5.668647,9.960890,0.622801,0.794026,8.03593
extract_mu020_slow,5.56201,0.725391,7.275810,5.659414,8.324290,0.624721,0.796922,8.09053
extract_mu020_slow,5.57100,0.727362,7.307702,5.686040,8.643410,0.625460,0.797681,8.07388
extract_mu020_slow,5.58000,0.729334,7.048752,5.679372,7.855150,0.628254,0.801028,8.11120
extract_mu020_slow,5.58902,0.731308,6.817390,5.759395,6.561820,0.626527,0.796294,7.98357
extract_mu020_slow,5.59802,0.733277,6.383057,5.827394,9.775970,0.628037,0.798994,8.04291
extract_mu020_slow,5.60701,0.735241,5.658436,6.116933,5.552710,0.620939,0.784563,7.75383
extract_mu020_slow,5.61602,0.737208,5.423998,6.783274,6.412030,0.622794,0.783417,7.61023
extract_mu020_slow,5.62502,0.739171,4.606873,6.783716,4.387801,0.622119,0.782694,7.60305
extract_mu020_slow,5.63400,0.741128,3.005000,6.300180,1.445705,0.621355,0.785290,7.73676
extract_mu020_slow,5.64300,0.743088,2.037635,6.200584,2.393954,0.623510,0.789024,7.79327
extract_mu020_slow,5.65201,0.745048,2.398320,6.640516,2.049018,0.619159,0.777045,7.50492
extract_mu020_slow,5.66101,0.747003,3.027445,6.578229,5.114179,0.624620,0.786738,7.65215
extract_mu020_slow,5.67001,0.748957,2.928695,6.253215,3.950871,0.617871,0.779934,7.66323
extract_mu020_slow,5.67902,0.750911,2.469417,6.277473,1.127793,0.625229,0.791730,7.82624
extract_mu020_slow,5.68802,0.752861,2.719649,6.616034,0.611975,0.619605,0.778895,7.55144
extract_mu020_slow,5.69700,0.754805,3.429552,6.550899,5.140520,0.622741,0.785517,7.69889
extract_mu020_slow,5.70600,0.756751,3.442649,6.226544,1.385141,0.621045,0.784479,7.74117
extract_mu020_slow,5.71500,0.758695,2.853224,6.370218,3.934390,0.621484,0.784314,7.70617
extract_mu020_slow,5.72401,0.760639,2.420422,6.552648,1.925771,0.622222,0.783658,7.63839
extract_mu020_slow,5.73301,0.762579,2.316587,6.499353,5.780900,0.620138,0.780754,7.61078
extract_mu020_slow,5.74201,0.764517,2.186718,6.261466,0.358095,0.622249,0.786886,7.75823
extract_mu020_slow,5.75101,0.766453,2.163142,6.412501,2.592820,0.620388,0.782838,7.67782
extract_mu020_slow,5.76002,0.768389,1.974032,6.497765,1.458844,0.621161,0.783037,7.63307
extract_mu020_slow,5.76902,0.770320,2.036098,6.373250,0.205792,0.621756,0.784665,7.72332
extract_mu020_slow,5.77800,0.772245,2.479618,6.304773,5.012450,0.620096,0.782854,7.71289
extract_mu020_slow,5.78700,0.774172,2.572933,6.368026,3.220575,0.622142,0.784923,7.70123
extract_mu020_slow,5.79601,0.776099,2.472086,6.524996,0.491870,0.619785,0.780694,7.61896
extract_mu020_slow,5.80501,0.778022,2.430876,6.352528,0.915369,0.621062,0.783923,7.69185
extract_mu020_slow,5.81401,0.779942,2.435890,6.339770,2.601435,0.621081,0.784794,7.71912
extract_mu020_slow,5.82302,0.781862,2.138068,6.414865,0.487650,0.618905,0.780823,7.63935
extract_mu020_slow,5.83202,0.783777,1.964434,6.425833,1.464688,0.623694,0.788129,7.74186
extract_mu020_slow,5.84102,0.785691,1.935705,6.382939,0.723940,0.615997,0.775625,7.57964
extract_mu020_slow,5.85000,0.787597,1.825491,6.290048,1.128177,0.626183,0.792672,7.85869
extract_mu020_slow,5.85900,0.789506,1.901877,6.441363,2.385671,0.616489,0.775439,7.55066
extract_mu020_slow,5.86801,0.791414,1.755110,6.396878,0.026364,0.622686,0.786398,7.73754
extract_mu020_slow,5.87701,0.793317,1.799199,6.322325,1.136038,0.619731,0.782185,7.68923
extract_mu020_slow,5.88601,0.795218,1.918745,6.367523,4.587760,0.619931,0.782640,7.69244
extract_mu020_slow,5.89502,0.797119,1.726515,6.360112,0.619330,0.621340,0.784539,7.71086
extract_mu020_slow,5.90402,0.799015,1.805477,6.437731,2.718241,0.619882,0.781875,7.66810
extract_mu020_slow,5.91302,0.800909,1.829551,6.337151,1.385730,0.619844,0.781893,7.67730
extract_mu020_slow,5.92202,0.802800,1.838872,6.352603,1.989870,0.622685,0.786330,7.74660
extract_mu020_slow,5.93100,0.804684,1.880769,6.438089,3.546575,0.616431,0.775943,7.55976
extract_mu020_slow,5.94000,0.806569,1.795542,6.357066,0.097735,0.625623,0.791477,7.83249
extract_mu020_slow,5.94901,0.808454,1.893426,6.385496,3.044890,0.616404,0.776683,7.60845
extract_mu020_slow,5.95801,0.810335,1.844256,6.335867,1.268586,0.622749,0.787139,7.75791
extract_mu020_slow,5.96701,0.812213,1.856587,6.380941,2.042134,0.619533,0.781586,7.66121
extract_mu020_slow,5.97602,0.814090,1.975352,6.414505,2.858344,0.620038,0.782266,7.66810
extract_mu020_slow,5.98502,0.815962,1.962140,6.310953,1.721151,0.621317,0.784482,7.71487
extract_mu020_slow,5.99402,0.817831,1.945933,6.393949,3.275460,0.619840,0.782010,7.67551
extract_mu020_slow,6.00302,0.819698,1.728979,6.377763,0.596121,0.619963,0.782221,7.66442
extract_mu020_slow,6.01200,0.821558,1.714475,6.379134,0.230430,0.622158,0.786455,7.74403
extract_mu020_slow,6.02101,0.823421,1.734515,6.380377,1.449683,0.616782,0.777602,7.60927
extract_mu020_slow,6.03001,0.825279,1.633033,6.322012,2.674768,0.625379,0.791831,7.82142
extract_mu020_slow,6.03901,0.827135,1.719846,6.427373,2.475964,0.616531,0.775995,7.55789
extract_mu020_slow,6.04802,0.828989,1.619923,6.366686,0.428080,0.622956,0.787026,7.75221
extract_mu020_slow,6.05702,0.830839,1.696040,6.344842,0.905400,0.619518,0.781449,7.66689
extract_mu020_slow,6.06602,0.832685,1.751809,6.386114,1.436382,0.620105,0.782619,7.69004
extract_mu020_slow,6.07502,0.834529,1.607608,6.351800,0.590999,0.621194,0.784473,7.71139
extract_mu020_slow,6.08400,0.836365,1.711813,6.412561,2.653196,0.619692,0.782073,7.66461
extract_mu020_slow,6.09300,0.838203,1.606785,6.334836,0.337938,0.620089,0.782860,7.68242
extract_mu020_slow,6.10201,0.840039,1.608112,6.361157,0.187599,0.622112,0.785821,7.72750
extract_mu020_slow,6.11101,0.841871,1.669143,6.415703,3.692510,0.617011,0.776958,7.57081
extract_mu020_slow,6.12001,0.843699,1.556862,6.340586,0.040493,0.625257,0.791038,7.81537
extract_mu020_slow,6.12901,0.845525,1.691202,6.387370,3.930920,0.616517,0.776723,7.58946
extract_mu020_slow,6.13802,0.847349,1.657034,6.348267,0.539995,0.622927,0.787341,7.77169
extract_mu020_slow,6.14702,0.849168,1.682705,6.385896,2.147566,0.619372,0.781147,7.66343
extract_mu020_slow,6.15602,0.850984,1.777221,6.399479,3.926410,0.620166,0.782750,7.68544
extract_mu020_slow,6.16500,0.852793,1.723622,6.318786,0.218571,0.621188,0.784413,7.71111
extract_mu020_slow,6.17400,0.854602,1.810690,6.402251,3.847220,0.619768,0.781679,7.66229
extract_mu020_slow,6.18301,0.856410,1.756336,6.367744,0.883603,0.620372,0.782642,7.67254
extract_mu020_slow,6.19201,0.858213,1.787021,6.369926,2.002762,0.621879,0.785452,7.72203
extract_mu020_slow,6.20101,0.860013,1.808958,6.376385,2.489669,0.617262,0.778272,7.62737
extract_mu020_slow,6.21001,0.861809,1.728224,6.334976,1.271477,0.624994,0.790895,7.81547
extract_mu020_slow,6.21902,0.863604,1.770429,6.421571,3.412308,0.616436,0.776447,7.57874
extract_mu020_slow,6.22802,0.865394,1.642522,6.351073,0.140225,0.622934,0.787137,7.76011
extract_mu020_slow,6.23702,0.867181,1.667584,6.354351,0.953969,0.619309,0.781065,7.65626
extract_mu020_slow,6.24602,0.868964,1.632993,6.390480,0.677643,0.620361,0.782701,7.67624
extract_mu020_slow,6.25500,0.870739,1.512846,6.349484,1.327149,0.621187,0.784173,7.69550
extract_mu020_slow,6.26401,0.872517,1.611601,6.403384,2.712398,0.619609,0.781933,7.66624
extract_mu020_slow,6.27301,0.874290,1.472059,6.337661,0.985340,0.620354,0.783432,7.70555
extract_mu020_slow,6.28201,0.876059,1.512113,6.373739,0.045723,0.621553,0.785173,7.73188
extract_mu020_slow,6.29101,0.877825,1.577589,6.403348,1.059201,0.617534,0.778045,7.60059
extract_mu020_slow,6.30001,0.879587,1.499239,6.334675,0.087710,0.624743,0.790117,7.80028
extract_mu020_slow,6.30902,0.881348,1.644729,6.389633,2.790358,0.616689,0.776754,7.58127
extract_mu020_slow,6.31802,0.883103,1.548667,6.348550,0.641480,0.622957,0.787275,7.75727
extract_mu020_slow,6.32702,0.884855,1.573893,6.382469,1.532964,0.619251,0.781005,7.66193
extract_mu020_slow,6.33600,0.886599,1.639000,6.386270,3.014340,0.620394,0.783134,7.69578
extract_mu020_slow,6.34500,0.888343,1.553501,6.326615,0.941470,0.621122,0.784432,7.71628
extract_mu020_slow,6.35401,0.890086,1.651273,6.408024,3.269320,0.619623,0.781721,7.66555
extract_mu020_slow,6.36301,0.891823,1.577081,6.359964,0.421746,0.620571,0.783106,7.67723
extract_mu020_slow,6.37201,0.893556,1.624301,6.368315,2.970617,0.621449,0.784570,7.70397
extract_mu020_slow,6.38102,0.895288,1.682215,6.376157,3.208580,0.617824,0.778727,7.61074
extract_mu020_slow,6.39002,0.897014,1.617120,6.342846,0.469757,0.624516,0.790139,7.80240
extract_mu020_slow,6.39902,0.898736,1.703373,6.414092,3.219163,0.616804,0.777143,7.59910
extract_mu020_slow,6.40802,0.900454,1.665347,6.342882,0.925089,0.622946,0.787497,7.76710
extract_mu020_slow,6.41700,0.902165,1.809106,6.360728,2.236250,0.619139,0.780954,7.65466
extract_mu020_slow,6.42601,0.903878,1.996057,6.381561,2.845154,0.620786,0.783481,7.69793
extract_mu020_slow,6.43501,0.905585,2.119730,6.339204,1.405938,0.621104,0.783991,7.70862
extract_mu020_slow,6.44401,0.907288,2.310562,6.378331,3.411950,0.620511,0.783218,7.69519
extract_mu020_slow,6.45301,0.908988,2.379478,6.306697,2.006101,0.621966,0.785910,7.74020
extract_mu020_slow,6.46202,0.910685,2.834732,6.366735,4.524620,0.620307,0.783179,7.69649
extract_mu020_slow,6.47102,0.912377,3.033916,6.318815,2.439306,0.623623,0.788509,7.77473
extract_mu020_slow,6.48002,0.914064,2.957792,6.338635,4.663760,0.619516,0.781748,7.68810
extract_mu020_slow,6.48902,0.915748,2.530680,6.310479,0.000658,0.625148,0.790573,7.80422
extract_mu020_slow,6.49802,0.917428,2.398136,6.304606,2.798847,0.621003,0.784075,7.71689
extract_mu020_slow,6.50700,0.919100,2.356462,6.302088,0.117328,0.624623,0.789979,7.79267
extract_mu020_slow,6.51600,0.920772,2.611182,6.253900,2.846152,0.622978,0.787896,7.78205
extract_mu020_slow,6.52500,0.922439,2.974051,6.163905,2.443290,0.623883,0.789656,7.82109
extract_mu020_slow,6.53400,0.924103,3.544874,6.159311,2.996900,0.625122,0.791761,7.84680
extract_mu020_slow,6.54301,0.925765,4.036384,6.184573,3.606210,0.622354,0.787076,7.76687
extract_mu020_slow,6.55201,0.927420,4.073079,6.361045,2.506123,0.622914,0.786256,7.71928
extract_mu020_slow,6.56101,0.929072,3.719319,6.633223,1.296797,0.621635,0.781916,7.60014
extract_mu020_slow,6.57001,0.930719,2.774508,6.584452,4.726200,0.621490,0.782227,7.61993
extract_mu020_slow,6.57902,0.932364,1.880886,6.376946,0.309971,0.623007,0.787296,7.75704
extract_mu020_slow,6.58802,0.934004,1.942643,6.409769,0.658366,0.620333,0.782473,7.67053
extract_mu020_slow,6.59700,0.935635,2.451853,6.493507,3.461970,0.622757,0.785938,7.70102
extract_mu020_slow,6.60600,0.937266,2.464470,6.369029,1.040521,0.620867,0.783408,7.69474
extract_mu020_slow,6.61501,0.938894,2.165408,6.313157,2.533218,0.621998,0.785506,7.73459
extract_mu020_slow,6.62401,0.940517,1.968873,6.400071,1.702068,0.622249,0.784841,7.69212
extract_mu020_slow,6.63301,0.942135,1.902342,6.483363,4.177430,0.620102,0.780523,7.61233
extract_mu020_slow,6.64202,0.943750,1.786198,6.358764,0.335171,0.623856,0.787958,7.75044
extract_mu020_slow,6.65102,0.945360,2.064555,6.361965,4.075060,0.618228,0.779494,7.65286
extract_mu020_slow,6.66002,0.946965,2.204104,6.419900,2.224031,0.625362,0.790838,7.78857
extract_mu020_slow,6.66900,0.948563,2.136495,6.467276,3.238480,0.617834,0.778035,7.58844
extract_mu020_slow,6.67801,0.950161,1.986461,6.337572,0.322569,0.623804,0.788626,7.77444
extract_mu020_slow,6.68701,0.951754,2.011767,6.351780,2.981840,0.619476,0.781056,7.65068
extract_mu020_slow,6.69601,0.953342,1.815185,6.416222,0.902774,0.622046,0.784674,7.69046
extract_mu020_slow,6.70501,0.954925,1.793110,6.423576,0.796276,0.621066,0.783228,7.67305
extract_mu020_slow,6.71402,0.956506,2.040105,6.338770,2.767422,0.620156,0.782707,7.68419
extract_mu020_slow,6.72302,0.958081,2.086386,6.323443,0.381307,0.622518,0.787153,7.75579
extract_mu020_slow,6.73202,0.959652,1.996814,6.432174,1.204060,0.618317,0.779395,7.61739
extract_mu020_slow,6.74100,0.961214,1.865522,6.392268,2.338793,0.624297,0.788749,7.76089
extract_mu020_slow,6.75001,0.962777,1.762047,6.360368,3.600950,0.616676,0.776577,7.59014
extract_mu020_slow,6.75901,0.964334,1.472186,6.332143,0.664990,0.624270,0.789192,7.77170
extract_mu020_slow,6.76801,0.965887,1.601624,6.445069,2.044125,0.618235,0.778605,7.59798
extract_mu020_slow,6.77702,0.967436,1.727771,6.404110,0.271782,0.622212,0.785715,7.71844
extract_mu020_slow,6.78602,0.968980,1.775335,6.330802,2.174102,0.620086,0.783060,7.69776
extract_mu020_slow,6.79502,0.970519,1.870570,6.363250,3.505290,0.620469,0.783600,7.70768
extract_mu020_slow,6.80400,0.972050,1.841835,6.391507,0.374325,0.621514,0.784635,7.70093
extract_mu020_slow,6.81300,0.973580,1.878728,6.416406,2.184563,0.619507,0.781015,7.63566
extract_mu020_slow,6.82201,0.975107,1.840412,6.304914,0.093621,0.622075,0.785392,7.72996
extract_mu020_slow,6.83101,0.976627,1.836284,6.368646,3.840160,0.619862,0.781848,7.66521
extract_mu020_slow,6.84001,0.978143,1.640411,6.410925,1.315856,0.620529,0.782830,7.66636
extract_mu020_slow,6.84902,0.979656,1.568823,6.371372,0.364609,0.621516,0.785122,7.72670
extract_mu020_slow,6.85802,0.981163,1.547113,6.356390,3.128690,0.618945,0.781303,7.67768
extract_mu020_slow,6.86702,0.982665,1.346823,6.330480,0.623587,0.622072,0.785995,7.74060
extract_mu020_slow,6.87600,0.984159,1.469757,6.438148,3.257260,0.619394,0.780784,7.64795
extract_mu020_slow,6.88500,0.985652,1.418609,6.374836,0.431829,0.620659,0.782932,7.68301
extract_mu020_slow,6.89401,0.987141,1.409848,6.331836,0.694399,0.621333,0.784473,7.71520
extract_mu020_slow,6.90301,0.988624,1.490334,6.386494,2.882532,0.618569,0.780015,7.64797
extract_mu020_slow,6.91201,0.990103,1.376977,6.365010,0.064170,0.622689,0.787074,7.75249
extract_mu020_slow,6.92102,0.991578,1.562995,6.400954,1.614041,0.618131,0.779639,7.62931
extract_mu020_slow,6.93002,0.993047,1.621506,6.329574,0.039077,0.621662,0.785814,7.74266
extract_mu020_slow,6.93902,0.994511,1.625394,6.358436,1.876987,0.620603,0.783250,7.68324
extract_mu020_slow,6.94802,0.995970,1.701775,6.424068,2.776519,0.619262,0.780579,7.63203
extract_mu020_slow,6.95700,0.997422,1.652058,6.342240,1.582272,0.621837,0.785211,7.71466
extract_mu020_slow,6.96600,0.998871,1.692248,6.370688,1.986454,0.619350,0.781410,7.66301
extract_mu020_slow,6.97501,1.000318,1.580276,6.356360,0.821924,0.620627,0.783693,7.69969
extract_mu020_slow,6.98401,1.001758,1.592051,6.389220,1.556110,0.621106,0.784464,7.70499
extract_mu020_slow,6.99301,1.003193,1.721610,6.395622,2.174643,0.618604,0.780262,7.63604
extract_mu020_slow,7.00201,1.004623,1.725685,6.314451,1.430069,0.622724,0.787198,7.75523
extract_mu020_slow,7.01102,1.006050,1.734023,6.398769,3.354540,0.618122,0.778989,7.61647
extract_mu020_slow,7.02002,1.007470,1.551268,6.383113,1.802464,0.622099,0.785116,7.70236
extract_mu020_slow,7.02902,1.008886,1.537720,6.361768,0.218199,0.620321,0.782890,7.68109
extract_mu020_slow,7.03800,1.010293,1.520529,6.366409,1.898166,0.619433,0.781784,7.68104
extract_mu020_slow,7.04700,1.011699,1.371613,6.338360,0.097502,0.621632,0.785517,7.73409
extract_mu020_slow,7.05601,1.013101,1.451508,6.418844,3.410070,0.619288,0.781355,7.65986
extract_mu020_slow,7.06501,1.014496,1.329340,6.356684,1.121259,0.620692,0.783468,7.69759
extract_mu020_slow,7.07401,1.015887,1.357485,6.344687,0.043024,0.621182,0.784108,7.70895
extract_mu020_slow,7.08302,1.017274,1.403870,6.393029,2.945534,0.618806,0.779975,7.63451
extract_mu020_slow,7.09202,1.018655,1.274924,6.357534,1.078759,0.622741,0.786638,7.73976
extract_mu020_slow,7.10102,1.020030,1.425901,6.391002,2.723017,0.617990,0.779163,7.62715
extract_mu020_slow,7.11002,1.021401,1.382462,6.338248,0.143786,0.622116,0.786546,7.76170
extract_mu020_slow,7.11900,1.022763,1.406133,6.373058,0.678543,0.620112,0.782813,7.68768
extract_mu020_slow,7.12801,1.024125,1.501429,6.408423,2.943492,0.619616,0.781523,7.65708
extract_mu020_slow,7.13701,1.025480,1.428132,6.336269,0.064057,0.621640,0.784901,7.71248
extract_mu020_slow,7.14601,1.026830,1.553349,6.382687,1.705597,0.619461,0.781211,7.65814
extract_mu020_slow,7.15501,1.028176,1.524337,6.360358,0.359369,0.620795,0.783382,7.69420
extract_mu020_slow,7.16402,1.029517,1.552083,6.378238,1.234317,0.621011,0.783996,7.70198
extract_mu020_slow,7.17302,1.030852,1.647558,6.380888,2.813244,0.618759,0.780654,7.64948
extract_mu020_slow,7.18202,1.032182,1.604770,6.327125,1.156241,0.622667,0.787210,7.75764
extract_mu020_slow,7.19100,1.033503,1.640533,6.403042,1.746270,0.617981,0.779013,7.61352
extract_mu020_slow,7.20000,1.034823,1.540711,6.367428,1.048698,0.622346,0.786000,7.71730
extract_mu020_slow,7.20900,1.036137,1.555719,6.361105,1.518985,0.619933,0.782030,7.66522
extract_mu020_slow,7.21801,1.037447,1.568216,6.375808,1.934281,0.619808,0.782014,7.66483
extract_mu020_slow,7.22701,1.038751,1.487894,6.348468,0.935742,0.621491,0.784860,7.70966
extract_mu020_slow,7.23601,1.040050,1.553096,6.407178,3.026800,0.619381,0.781519,7.66303
extract_mu020_slow,7.24502,1.041345,1.448872,6.345009,1.578368,0.620714,0.783931,7.70806
extract_mu020_slow,7.25402,1.042633,1.468921,6.355323,0.633141,0.620923,0.784163,7.70779
extract_mu020_slow,7.26302,1.043916,1.419458,6.392953,1.609686,0.618898,0.780360,7.63823
extract_mu020_slow,7.27202,1.045194,1.276833,6.351376,0.199710,0.622739,0.786498,7.73497
extract_mu020_slow,7.28100,1.046463,1.383052,6.387046,3.459050,0.617910,0.778743,7.60897
extract_mu020_slow,7.29001,1.047732,1.266803,6.343219,0.680933,0.622519,0.786793,7.75646
extract_mu020_slow,7.29901,1.048994,1.302125,6.378236,0.667971,0.619703,0.782023,7.67687
extract_mu020_slow,7.30801,1.050250,1.349473,6.395534,2.225771,0.619911,0.782493,7.68056
extract_mu020_slow,7.31702,1.051503,1.267675,6.334660,0.918301,0.621357,0.784827,7.72370
extract_mu020_slow,7.32602,1.052749,1.418225,6.386134,2.751512,0.619471,0.781404,7.66264
extract_mu020_slow,7.33502,1.053990,1.361573,6.358536,0.548792,0.620835,0.783449,7.68933
extract_mu020_slow,7.34402,1.055225,1.412469,6.377402,0.865847,0.620945,0.783613,7.69454
extract_mu020_slow,7.35300,1.056452,1.502755,6.377597,2.666671,0.618951,0.780553,7.65289
extract_mu020_slow,7.36201,1.057679,1.442138,6.337730,0.223819,0.622622,0.787050,7.76266
extract_mu020_slow,7.37101,1.058898,1.550845,6.405502,1.725044,0.617850,0.778873,7.62458
extract_mu020_slow,7.38001,1.060112,1.520847,6.358750,0.127296,0.622623,0.786928,7.75697
extract_mu020_slow,7.38902,1.061322,1.549264,6.363027,1.677263,0.619569,0.781626,7.66699
extract_mu020_slow,7.39802,1.062525,1.551782,6.376880,2.226404,0.620165,0.782429,7.67493
extract_mu020_slow,7.40702,1.063723,1.482687,6.351290,0.773909,0.621318,0.784247,7.69864
extract_mu020_slow,7.41600,1.064913,1.563130,6.400897,1.747844,0.619551,0.781537,7.66095
extract_mu020_slow,7.42500,1.066100,1.497637,6.342554,0.713662,0.620788,0.783958,7.70505
extract_mu020_slow,7.43401,1.067283,1.522676,6.366183,2.017471,0.620782,0.784051,7.70435
extract_mu020_slow,7.44301,1.068459,1.479846,6.390926,1.412432,0.618967,0.780830,7.65014
extract_mu020_slow,7.45201,1.069630,1.388088,6.350475,0.596096,0.622591,0.786659,7.74438
extract_mu020_slow,7.46102,1.070797,1.457407,6.388076,2.942980,0.617815,0.778510,7.60803
extract_mu020_slow,7.47002,1.071957,1.322313,6.344820,1.049849,0.622872,0.786999,7.74876
extract_mu020_slow,7.47902,1.073111,1.354304,6.380127,1.265745,0.619419,0.781214,7.65482
extract_mu020_slow,7.48800,1.074258,1.331152,6.386128,1.197406,0.620334,0.782993,7.68909
extract_mu020_slow,7.49700,1.075401,1.230941,6.336854,0.477190,0.621129,0.784555,7.71968
extract_mu020_slow,7.50601,1.076541,1.341781,6.389541,3.492190,0.619555,0.781770,7.67079
extract_mu020_slow,7.51501,1.077673,1.222658,6.355836,0.398917,0.620868,0.783674,7.69686
extract_mu020_slow,7.52401,1.078801,1.287601,6.377504,1.131969,0.620817,0.783424,7.69509
extract_mu020_slow,7.53302,1.079923,1.342485,6.374099,1.915907,0.619114,0.780635,7.65330
extract_mu020_slow,7.54202,1.081040,1.291206,6.343673,0.925132,0.622534,0.786595,7.74543
extract_mu020_slow,7.55102,1.082150,1.429930,6.402550,2.404010,0.617755,0.778684,7.61691
extract_mu020_slow,7.56002,1.083256,1.372061,6.353483,0.450100,0.622878,0.787451,7.76939
extract_mu020_slow,7.56900,1.084353,1.426710,6.370575,1.518753,0.619269,0.781282,7.65925
extract_mu020_slow,7.57801,1.085448,1.458621,6.376808,2.103210,0.620449,0.783122,7.68578
extract_mu020_slow,7.58701,1.086537,1.400868,6.350666,0.406993,0.621038,0.783869,7.69589
extract_mu020_slow,7.59601,1.087620,1.511261,6.396954,1.762693,0.619634,0.781483,7.65964
extract_mu020_slow,7.60501,1.088698,1.469211,6.344653,0.176813,0.620855,0.783691,7.69871
extract_mu020_slow,7.61402,1.089771,1.505261,6.373046,1.984567,0.620666,0.783575,7.69492
extract_mu020_slow,7.62302,1.090838,1.479464,6.382059,1.703520,0.619151,0.781170,7.65447
extract_mu020_slow,7.63202,1.091899,1.419768,6.348703,0.336630,0.622396,0.786623,7.74925
extract_mu020_slow,7.64100,1.092952,1.489672,6.390212,1.872889,0.617803,0.778789,7.61821
extract_mu020_slow,7.65000,1.094002,1.388957,6.346272,0.696435,0.623057,0.787332,7.75485
extract_mu020_slow,7.65901,1.095047,1.432797,6.378579,2.255392,0.619115,0.780569,7.64662
extract_mu020_slow,7.66801,1.096086,1.401119,6.378352,1.082908,0.620616,0.783315,7.68500
extract_mu020_slow,7.67701,1.097119,1.329177,6.344070,0.163381,0.620923,0.784034,7.70333
extract_mu020_slow,7.68602,1.098148,1.391887,6.392807,3.030710,0.619638,0.781967,7.67388
extract_mu020_slow,7.69502,1.099170,1.239435,6.350360,1.047832,0.620870,0.783980,7.70338
extract_mu020_slow,7.70402,1.100187,1.285887,6.376124,1.538825,0.620633,0.783437,7.69101
extract_mu020_slow,7.71302,1.101197,1.278216,6.373484,1.138940,0.619300,0.781033,7.65213
extract_mu020_slow,7.72200,1.102201,1.211904,6.348701,0.684359,0.622469,0.786223,7.73597
extract_mu020_slow,7.73101,1.103201,1.336273,6.395759,3.213010,0.617824,0.778503,7.60888
extract_mu020_slow,7.74001,1.104196,1.289858,6.344865,0.100011,0.623154,0.787829,7.77200
extract_mu020_slow,7.74901,1.105184,1.544517,6.370716,1.488882,0.618838,0.780692,7.65419
extract_mu020_slow,7.75801,1.106167,1.823395,6.360877,2.064804,0.621610,0.785294,7.73059
extract_mu020_slow,7.76702,1.107146,1.978476,6.345825,1.452787,0.620346,0.783087,7.69885
extract_mu020_slow,7.77602,1.108118,2.170631,6.370151,2.940408,0.621289,0.784458,7.71283
extract_mu020_slow,7.78502,1.109084,2.198306,6.327601,1.752942,0.621071,0.784000,7.70572
extract_mu020_slow,7.79400,1.110042,2.193303,6.368579,3.919380,0.621069,0.784005,7.70678
extract_mu020_slow,7.80300,1.110997,2.004884,6.334112,1.559593,0.622057,0.785740,7.72995
extract_mu020_slow,7.81201,1.111948,2.103838,6.366555,4.520700,0.620475,0.783330,7.69935
extract_mu020_slow,7.82101,1.112891,2.023294,6.316014,1.466860,0.623625,0.788656,7.78959
extract_mu020_slow,7.83001,1.113830,2.088644,6.322940,3.718720,0.619734,0.782396,7.70563
extract_mu020_slow,7.83902,1.114763,2.026369,6.307486,0.347695,0.624225,0.789314,7.78630
extract_mu020_slow,7.84802,1.115690,2.139972,6.310653,3.809380,0.621289,0.784622,7.71808
extract_mu020_slow,7.85702,1.116611,2.108138,6.276144,0.140492,0.623468,0.788176,7.77749
extract_mu020_slow,7.86602,1.117527,2.216639,6.282220,2.742093,0.622743,0.787081,7.76167
extract_mu020_slow,7.87500,1.118435,2.297034,6.284663,2.029005,0.622877,0.787418,7.76485
extract_mu020_slow,7.88400,1.119340,2.462649,6.258077,3.577340,0.623688,0.789019,7.79607
extract_mu020_slow,7.89301,1.120240,2.611422,6.223149,1.657702,0.623069,0.788293,7.79726
extract_mu020_slow,7.90201,1.121133,2.871371,6.221139,3.866700,0.623848,0.789466,7.81577
extract_mu020_slow,7.91101,1.122021,2.990958,6.174494,2.837210,0.623913,0.789729,7.82409
extract_mu020_slow,7.92001,1.122903,3.146511,6.160610,4.162150,0.623482,0.789299,7.82229
extract_mu020_slow,7.92901,1.123779,3.264886,6.156690,3.359050,0.624870,0.791220,7.84169
extract_mu020_slow,7.93801,1.124650,3.394727,6.133345,3.227420,0.623781,0.789793,7.83191
extract_mu020_slow,7.94702,1.125516,3.438750,6.131282,4.576010,0.625134,0.792524,7.88814
extract_mu020_slow,7.95602,1.126376,3.225362,6.304740,2.011817,0.621394,0.784703,7.72567
extract_mu020_slow,7.96502,1.127230,3.052798,6.635968,4.555500,0.621924,0.783046,7.62624
extract_mu020_slow,7.97402,1.128078,2.438704,6.611715,0.857244,0.622280,0.783295,7.62447
extract_mu020_slow,7.98301,1.128920,1.715845,6.435360,1.122194,0.620112,0.781041,7.63847
extract_mu020_slow,7.99201,1.129757,1.586953,6.465734,0.477193,0.624154,0.787324,7.71675
extract_mu020_slow,8.00101,1.130589,1.910373,6.494216,2.633290,0.619501,0.779435,7.58187
extract_mu020_slow,8.01001,1.131415,2.010453,6.364097,1.187425,0.624184,0.788468,7.76636
extract_mu020_slow,8.01902,1.132236,1.883116,6.390067,1.323850,0.620666,0.783009,7.68300
extract_mu020_slow,8.02802,1.133051,1.849006,6.468952,1.771881,0.622206,0.784811,7.68477
extract_mu020_slow,8.03700,1.133859,2.101859,6.453610,3.272559,0.621901,0.784586,7.69471
extract_mu020_slow,8.04600,1.134662,2.087271,6.351389,1.798650,0.621428,0.784189,7.70374
extract_mu020_slow,8.05501,1.135461,1.876687,6.409609,1.350602,0.622224,0.785060,7.70217
extract_mu020_slow,8.06401,1.136254,1.667966,6.435713,2.081268,0.621780,0.783888,7.66911
extract_mu020_slow,8.07302,1.137041,1.700151,6.415140,3.056054,0.621057,0.783183,7.66867
extract_mu020_slow,8.08202,1.137823,1.679696,6.359224,1.568630,0.622930,0.786903,7.73549
extract_mu020_slow,8.09102,1.138599,1.797624,6.425355,3.053463,0.619442,0.780837,7.64091
extract_mu020_slow,8.10002,1.139369,1.748552,6.413108,1.317036,0.624487,0.789045,7.75046
extract_mu020_slow,8.10900,1.140132,1.672439,6.390951,2.885422,0.618970,0.780301,7.63971
extract_mu020_slow,8.11801,1.140892,1.543749,6.363957,0.144203,0.623481,0.787439,7.74949
extract_mu020_slow,8.12701,1.141645,1.672838,6.423114,3.114250,0.620254,0.781775,7.65164
extract_mu020_slow,8.13601,1.142393,1.718040,6.406220,0.273803,0.621963,0.784777,7.68985
extract_mu020_slow,8.14502,1.143136,1.733329,6.379290,3.002693,0.621518,0.784483,7.69631
extract_mu020_slow,8.15402,1.143873,1.722480,6.373582,2.352620,0.620754,0.783345,7.68716
extract_mu020_slow,8.16302,1.144604,1.745886,6.411090,1.693179,0.622391,0.785797,7.71796
extract_mu020_slow,8.17200,1.145328,1.653701,6.401121,1.515225,0.620117,0.781930,7.65970
extract_mu020_slow,8.18100,1.146049,1.575241,6.373806,0.999741,0.622764,0.786479,7.73113
extract_mu020_slow,8.19001,1.146764,1.597050,6.388657,2.353504,0.620084,0.782022,7.65611
extract_mu020_slow,8.19901,1.147474,1.576725,6.397086,0.435013,0.622033,0.784762,7.69384
extract_mu020_slow,8.20802,1.148178,1.616127,6.401826,1.902578,0.621089,0.783621,7.68368
extract_mu020_slow,8.21702,1.148876,1.608767,6.366334,0.908547,0.621230,0.784195,7.69616
extract_mu020_slow,8.22602,1.149569,1.646121,6.395948,2.870384,0.621409,0.784434,7.70068
extract_mu020_slow,8.23500,1.150255,1.526703,6.382478,1.038383,0.621096,0.783784,7.68908
extract_mu020_slow,8.24400,1.150936,1.622948,6.398128,1.857221,0.621256,0.783964,7.69210
extract_mu020_slow,8.25301,1.151613,1.651835,6.363815,2.272644,0.621430,0.784217,7.69905
extract_mu020_slow,8.26201,1.152284,1.638273,6.392051,2.699158,0.620632,0.782947,7.67946
extract_mu020_slow,8.27101,1.152949,1.461695,6.376715,0.477842,0.622067,0.785162,7.71250
extract_mu020_slow,8.28002,1.153610,1.460473,6.386367,1.701666,0.619767,0.781741,7.66679
extract_mu020_slow,8.28902,1.154264,1.439864,6.375231,0.079101,0.622163,0.785831,7.72662
extract_mu020_slow,8.29802,1.154913,1.465191,6.384579,1.274526,0.620096,0.782367,7.66894
extract_mu020_slow,8.30700,1.155556,1.534716,6.388517,2.570829,0.621675,0.784727,7.70845
extract_mu020_slow,8.31600,1.156194,1.532128,6.369366,0.210866,0.620684,0.783024,7.68310
extract_mu020_slow,8.32501,1.156827,1.512979,6.387775,2.555115,0.621038,0.783636,7.68852
extract_mu020_slow,8.33401,1.157454,1.397071,6.369749,0.103117,0.621283,0.784132,7.69672
extract_mu020_slow,8.34301,1.158076,1.452551,6.394942,3.536940,0.620214,0.782511,7.67548
extract_mu020_slow,8.35202,1.158693,1.382506,6.364090,0.729042,0.621828,0.785243,7.71390
extract_mu020_slow,8.36102,1.159305,1.469166,6.387853,2.245352,0.619644,0.781738,7.66477
extract_mu020_slow,8.37000,1.159909,1.480783,6.369412,1.161697,0.622242,0.785954,7.72830
extract_mu020_slow,8.37900,1.160509,1.493379,6.377412,2.300792,0.619811,0.781727,7.65656
extract_mu020_slow,8.38801,1.161105,1.441145,6.374199,1.832320,0.621606,0.784611,7.70437
extract_mu020_slow,8.39701,1.161695,1.372386,6.366968,0.649780,0.620484,0.782886,7.67855
extract_mu020_slow,8.40601,1.162279,1.351182,6.387821,1.950653,0.620904,0.783704,7.69268
extract_mu020_slow,8.41502,1.162859,1.264130,6.362611,0.117438,0.620904,0.783751,7.69718
extract_mu020_slow,8.42402,1.163433,1.403972,6.388241,2.414652,0.620553,0.783224,7.68814
extract_mu020_slow,8.43302,1.164001,1.394104,6.360091,0.955469,0.620991,0.783959,7.69487
extract_mu020_slow,8.44200,1.164563,1.446541,6.385510,1.765959,0.620707,0.783316,7.68765
extract_mu020_slow,8.45101,1.165121,1.414210,6.371267,0.299434,0.620592,0.782969,7.68562
extract_mu020_slow,8.46001,1.165674,1.403151,6.370144,0.922492,0.621409,0.784292,7.69850
extract_mu020_slow,8.46901,1.166221,1.392309,6.383136,1.373587,0.619854,0.782009,7.67437
extract_mu020_slow,8.47801,1.166763,1.312933,6.362583,0.826367,0.621567,0.784870,7.71406
extract_mu020_slow,8.48702,1.167301,1.339750,6.391058,2.646973,0.619801,0.782006,7.67050
extract_mu020_slow,8.49602,1.167832,1.219552,6.358172,0.129328,0.621182,0.784229,7.70716
extract_mu020_slow,8.50502,1.168359,1.294838,6.382115,1.731762,0.620417,0.782962,7.68415
extract_mu020_slow,8.51400,1.168879,1.296972,6.369883,0.732808,0.620155,0.782533,7.67557
extract_mu020_slow,8.52301,1.169395,1.314620,6.367630,0.867994,0.621535,0.784729,7.71211
extract_mu020_slow,8.53201,1.169906,1.390641,6.383450,2.773296,0.618909,0.780407,7.64421
extract_mu020_slow,8.54101,1.170412,1.339140,6.356621,0.438388,0.622620,0.786750,7.74618
extract_mu020_slow,8.55002,1.170913,1.401879,6.392101,2.512272,0.617965,0.779044,7.62472
extract_mu020_slow,8.55902,1.171408,1.331226,6.361427,0.986664,0.622250,0.786177,7.73706
extract_mu020_slow,8.56802,1.171899,1.352812,6.376165,2.276966,0.619460,0.781422,7.65950
extract_mu020_slow,8.57700,1.172383,1.335220,6.376141,2.196680,0.620897,0.783699,7.69767
extract_mu020_slow,8.58600,1.172863,1.277045,6.356795,0.279950,0.620649,0.783320,7.68576
extract_mu020_slow,8.59501,1.173338,1.333083,6.388016,2.308052,0.620164,0.782587,7.67338
extract_mu020_slow,8.60401,1.173808,1.235175,6.352725,0.535754,0.620781,0.783633,7.69402
extract_mu020_slow,8.61302,1.174274,1.293614,6.379658,2.257800,0.620547,0.783307,7.68924
extract_mu020_slow,8.62202,1.174734,1.263294,6.370846,1.072185,0.619665,0.781983,7.66964
extract_mu020_slow,8.63102,1.175189,1.242959,6.363339,0.397944,0.621979,0.785709,7.73155
extract_mu020_slow,8.64000,1.175637,1.313456,6.388519,1.740857,0.618011,0.779011,7.61382
extract_mu020_slow,8.64900,1.176082,1.241302,6.353526,0.135984,0.622492,0.786388,7.73352
extract_mu020_slow,8.65801,1.176523,1.316803,6.387145,1.224922,0.618971,0.780518,7.64169
extract_mu020_slow,8.66701,1.176958,1.273785,6.367994,0.670040,0.621123,0.784232,7.70536
extract_mu020_slow,8.67601,1.177388,1.254458,6.364403,0.309506,0.620341,0.782921,7.68877
extract_mu020_slow,8.68502,1.177813,1.284102,6.388454,1.742976,0.620046,0.782440,7.68378
extract_mu020_slow,8.69402,1.178233,1.186662,6.353579,0.160982,0.620848,0.783812,7.70315
extract_mu020_slow,8.70302,1.178648,1.274908,6.388975,1.607158,0.620180,0.782639,7.67959
extract_mu020_slow,8.71200,1.179058,1.239567,6.366628,0.855552,0.620023,0.782283,7.67446
extract_mu020_slow,8.72100,1.179463,1.248961,6.365899,1.068922,0.621540,0.784779,7.71405
extract_mu020_slow,8.73001,1.179865,1.311160,6.389374,2.113746,0.618427,0.779610,7.63249
extract_mu020_slow,8.73901,1.180260,1.239804,6.355133,0.589182,0.622192,0.785994,7.74003
extract_mu020_slow,8.74802,1.180652,1.306519,6.387010,2.369717,0.619028,0.780782,7.65528
extract_mu020_slow,8.75702,1.181038,1.248831,6.365865,1.669209,0.621134,0.784329,7.71232
extract_mu020_slow,8.76602,1.181420,1.247868,6.368990,1.657475,0.620235,0.782758,7.68186
extract_mu020_slow,8.77502,1.181796,1.277739,6.385459,2.351787,0.620104,0.782534,7.67541
extract_mu020_slow,8.78400,1.182168,1.202185,6.353109,0.498976,0.620852,0.783798,7.69509
extract_mu020_slow,8.79301,1.182535,1.282376,6.386501,2.514390,0.620057,0.782410,7.67244
extract_mu020_slow,8.80201,1.182898,1.233596,6.364418,1.336388,0.620292,0.782825,7.68353
extract_mu020_slow,8.81101,1.183256,1.249086,6.366344,1.105759,0.621136,0.784418,7.71151
extract_mu020_slow,8.82002,1.183609,1.288804,6.381471,2.048216,0.618828,0.780410,7.64324
extract_mu020_slow,8.82902,1.183958,1.225408,6.354543,0.538866,0.621990,0.785679,7.73221
extract_mu020_slow,8.83802,1.184302,1.289349,6.385371,1.819206,0.619102,0.780853,7.64906
extract_mu020_slow,8.84700,1.184641,1.226542,6.363738,0.760643,0.621149,0.784261,7.70447
extract_mu020_slow,8.85600,1.184976,1.238899,6.370229,0.462850,0.620205,0.782625,7.67928
extract_mu020_slow,8.86501,1.185306,1.266675,6.381186,1.051296,0.620161,0.782600,7.68075
extract_mu020_slow,8.87401,1.185632,1.205951,6.354697,0.031257,0.620862,0.783856,7.70052
extract_mu020_slow,8.88301,1.185953,1.275777,6.385544,1.467985,0.619971,0.782387,7.67553
extract_mu020_slow,8.89202,1.186270,1.217018,6.363947,0.580347,0.620435,0.783155,7.69189
extract_mu020_slow,8.90102,1.186583,1.238525,6.371772,0.837709,0.620934,0.783809,7.70209
extract_mu020_slow,8.91002,1.186890,1.264987,6.380111,1.507113,0.619177,0.780847,7.65653
extract_mu020_slow,8.91900,1.187193,1.210937,6.356802,0.421339,0.621740,0.785220,7.72348
extract_mu020_slow,8.92801,1.187492,1.276845,6.386715,1.676333,0.619277,0.781044,7.65268
extract_mu020_slow,8.93701,1.187787,1.219659,6.363868,0.691251,0.621132,0.784207,7.70797
extract_mu020_slow,8.94601,1.188077,1.244957,6.373240,1.381870,0.620138,0.782616,7.68166
extract_mu020_slow,8.95502,1.188363,1.260814,6.378907,2.017733,0.620212,0.782769,7.68570
extract_mu020_slow,8.96402,1.188645,1.211298,6.358429,0.851869,0.620816,0.783748,7.70285
extract_mu020_slow,8.97302,1.188922,1.272836,6.387185,2.337858,0.619935,0.782206,7.67481
extract_mu020_slow,8.98202,1.189195,1.210219,6.362820,1.325883,0.620651,0.783357,7.69314
extract_mu020_slow,8.99100,1.189463,1.241115,6.374557,1.821491,0.620644,0.783313,7.69330
extract_mu020_slow,9.00001,1.189728,1.252547,6.378339,1.976076,0.619527,0.781592,7.65935
extract_mu020_slow,9.00901,1.189989,1.210486,6.359032,0.835340,0.621424,0.784758,7.71295
extract_mu020_slow,9.01801,1.190245,1.275167,6.384770,2.243591,0.619399,0.781377,7.65822
extract_mu020_slow,9.02702,1.190497,1.220326,6.361382,1.092759,0.621092,0.784228,7.70431
extract_mu020_slow,9.03602,1.190745,1.252400,6.373600,1.493296,0.620117,0.782538,7.67641
extract_mu020_slow,9.04500,1.190988,1.254898,6.375755,1.390156,0.620294,0.782816,7.68047
extract_mu020_slow,9.05400,1.191228,1.218495,6.361323,0.453612,0.620806,0.783695,7.69261
extract_mu020_slow,9.06301,1.191464,1.271966,6.383687,1.539488,0.619866,0.782138,7.66690
extract_mu020_slow,9.07201,1.191696,1.215192,6.360674,0.505558,0.620776,0.783711,7.69721
extract_mu020_slow,9.08101,1.191923,1.250366,6.376330,1.003323,0.620368,0.783029,7.68302
extract_mu020_slow,9.09001,1.192147,1.248279,6.375720,0.755222,0.619887,0.782124,7.67418
extract_mu020_slow,9.09902,1.192367,1.219149,6.361737,0.510569,0.621181,0.784342,7.71119
extract_mu020_slow,9.10802,1.192583,1.270691,6.383101,1.602290,0.619563,0.781651,7.66196
extract_mu020_slow,9.11700,1.192794,1.216393,6.361845,0.269569,0.621019,0.784008,7.70301
extract_mu020_slow,9.12601,1.193002,1.251825,6.376352,1.082168,0.620102,0.782462,7.68001
extract_mu020_slow,9.13501,1.193206,1.241918,6.372847,1.026687,0.620335,0.782881,7.68606
extract_mu020_slow,9.14401,1.193407,1.217319,6.364208,0.750554,0.620763,0.783654,7.69818
extract_mu020_slow,9.15301,1.193604,1.260950,6.383762,1.872417,0.619875,0.782190,7.67488
extract_mu020_slow,9.16202,1.193797,1.206517,6.361342,0.982929,0.620882,0.783789,7.70029
extract_mu020_slow,9.17102,1.193986,1.248056,6.378163,1.779207,0.620165,0.782589,7.68187
extract_mu020_slow,9.18002,1.194171,1.236122,6.373053,1.607516,0.620236,0.782625,7.68182
extract_mu020_slow,9.18900,1.194352,1.218673,6.364120,1.388263,0.620922,0.783802,7.69757
extract_mu020_slow,9.19801,1.194531,1.264043,6.381952,2.102283,0.619770,0.781895,7.67064
extract_mu020_slow,9.20701,1.194705,1.215387,6.361497,0.987836,0.620921,0.783893,7.70159
extract_mu020_slow,9.21601,1.194876,1.258341,6.377617,1.939835,0.620069,0.782539,7.67818
extract_mu020_slow,9.22502,1.195044,1.244945,6.370337,1.577315,0.620385,0.783032,7.68866
extract_mu020_slow,9.23402,1.195208,1.232377,6.364251,1.252854,0.620708,0.783511,7.69766
extract_mu020_slow,9.24302,1.195368,1.268235,6.380226,1.791618,0.619907,0.782180,7.67438
extract_mu020_slow,9.25200,1.195525,1.220930,6.361404,0.913130,0.620954,0.783976,7.70373
extract_mu020_slow,9.26100,1.195678,1.260928,6.377378,1.647787,0.619954,0.782346,7.67440
extract_mu020_slow,9.27001,1.195828,1.240182,6.369104,0.859352,0.620486,0.783134,7.68697
extract_mu020_slow,9.27901,1.195975,1.233746,6.366693,0.805429,0.620653,0.783435,7.69347
extract_mu020_slow,9.28801,1.196118,1.266825,6.379556,1.330233,0.619912,0.782235,7.67256
extract_mu020_slow,9.29701,1.196258,1.224010,6.360426,0.398345,0.620833,0.783806,7.69638
extract_mu020_slow,9.30602,1.196395,1.263918,6.377314,1.413324,0.620096,0.782538,7.67660
extract_mu020_slow,9.31502,1.196529,1.238478,6.369025,0.597256,0.620448,0.783044,7.68675
extract_mu020_slow,9.32402,1.196659,1.236547,6.368153,0.680544,0.620662,0.783400,7.69284
extract_mu020_slow,9.33300,1.196786,1.262059,6.377600,1.274284,0.619910,0.782227,7.67303
extract_mu020_slow,9.34200,1.196910,1.220456,6.361262,0.537567,0.620986,0.784043,7.70339
extract_mu020_slow,9.35101,1.197031,1.258200,6.379460,1.393638,0.619855,0.782151,7.67356
extract_mu020_slow,9.36001,1.197149,1.226224,6.369002,1.000513,0.620669,0.783512,7.69762
extract_mu020_slow,9.36901,1.197263,1.228673,6.370484,1.391385,0.620463,0.783074,7.69129
extract_mu020_slow,9.37802,1.197375,1.247905,6.378293,1.608523,0.620137,0.782498,7.67991
extract_mu020_slow,9.38702,1.197484,1.210567,6.363017,1.092196,0.620731,0.783512,7.69786
extract_mu020_slow,9.39600,1.197590,1.253898,6.380434,1.932345,0.620154,0.782554,7.68096
extract_mu020_slow,9.40500,1.197692,1.225849,6.367219,1.282958,0.620459,0.783121,7.68915
extract_mu020_slow,9.41401,1.197793,1.236504,6.369682,1.747732,0.620569,0.783323,7.69249
extract_mu020_slow,9.42301,1.197890,1.252781,6.376823,1.783755,0.619994,0.782331,7.67521
extract_mu020_slow,9.43201,1.197984,1.219397,6.363693,1.298572,0.620954,0.784001,7.70163
extract_mu020_slow,9.44102,1.198076,1.259749,6.379178,1.940145,0.619760,0.781979,7.67126
extract_mu020_slow,9.45002,1.198165,1.230921,6.365743,1.102969,0.620951,0.783911,7.69900
extract_mu020_slow,9.45900,1.198251,1.244016,6.370693,1.562747,0.620205,0.782719,7.68162
extract_mu020_slow,9.46801,1.198334,1.252434,6.375830,1.356412,0.620313,0.782834,7.68259
extract_mu020_slow,9.47701,1.198415,1.224508,6.364499,0.756782,0.620606,0.783402,7.69094
extract_mu020_slow,9.48601,1.198494,1.262903,6.378291,1.566410,0.620146,0.782669,7.67867
extract_mu020_slow,9.49502,1.198569,1.231951,6.364570,0.677907,0.620482,0.783186,7.68710
extract_mu020_slow,9.50402,1.198643,1.247694,6.372054,1.068797,0.620500,0.783172,7.68777
extract_mu020_slow,9.51302,1.198713,1.251204,6.374796,1.081226,0.620051,0.782424,7.67642
extract_mu020_slow,9.52200,1.198782,1.226608,6.364456,0.704846,0.620962,0.783966,7.70123
extract_mu020_slow,9.53101,1.198848,1.259574,6.378178,1.286623,0.619742,0.781913,7.67031
extract_mu020_slow,9.54001,1.198911,1.226113,6.365875,0.535683,0.621062,0.784137,7.70674
extract_mu020_slow,9.54901,1.198972,1.246533,6.374356,1.192653,0.620037,0.782460,7.67585
extract_mu020_slow,9.55801,1.199031,1.244409,6.372821,0.982414,0.620445,0.783113,7.68372
extract_mu020_slow,9.56702,1.199088,1.224489,6.365373,0.968465,0.620514,0.783181,7.68786
extract_mu020_slow,9.57602,1.199143,1.255480,6.379849,1.611988,0.620220,0.782679,7.68081
extract_mu020_slow,9.58502,1.199195,1.220554,6.365723,0.848209,0.620487,0.783146,7.68886
extract_mu020_slow,9.59400,1.199245,1.245570,6.374442,1.737507,0.620424,0.783058,7.68780
extract_mu020_slow,9.60300,1.199293,1.241492,6.372068,1.424817,0.620141,0.782580,7.68002
extract_mu020_slow,9.61201,1.199339,1.227744,6.366578,1.231805,0.620887,0.783820,7.70234
extract_mu020_slow,9.62101,1.199383,1.257046,6.378823,1.867893,0.619739,0.781961,7.67445
extract_mu020_slow,9.63001,1.199425,1.224021,6.364892,1.166776,0.621129,0.784263,7.70554
extract_mu020_slow,9.63902,1.199466,1.250732,6.375245,1.950831,0.619910,0.782210,7.67377
extract_mu020_slow,9.64802,1.199504,1.239395,6.371483,1.478781,0.620621,0.783311,7.69437
extract_mu020_slow,9.65702,1.199540,1.229217,6.368087,1.189345,0.620409,0.782966,7.68576
extract_mu020_slow,9.66600,1.199575,1.254749,6.377973,1.776663,0.620291,0.782852,7.68329
extract_mu020_slow,9.67501,1.199608,1.223413,6.364259,0.926578,0.620519,0.783211,7.68996
extract_mu020_slow,9.68401,1.199639,1.252574,6.375782,1.565665,0.620371,0.782943,7.68498
extract_mu020_slow,9.69301,1.199669,1.237994,6.369963,1.078981,0.620227,0.782775,7.68068
extract_mu020_slow,9.70201,1.199696,1.232558,6.368041,0.925332,0.620759,0.783674,7.69408
extract_mu020_slow,9.71102,1.199723,1.252073,6.377240,1.327581,0.619781,0.782022,7.66563
extract_mu020_slow,9.72002,1.199748,1.220474,6.365437,0.617171,0.621156,0.784288,7.70561
extract_mu020_slow,9.72902,1.199771,1.248745,6.377132,1.227085,0.619834,0.782058,7.67126
extract_mu020_slow,9.73800,1.199793,1.229293,6.369665,0.698416,0.620719,0.783573,7.69478
extract_mu020_slow,9.74701,1.199813,1.229267,6.370634,0.847584,0.620280,0.782839,7.68323
extract_mu020_slow,9.75601,1.199832,1.244377,6.377485,1.278562,0.620335,0.782924,7.68293
extract_mu020_slow,9.76501,1.199850,1.215331,6.365786,0.647041,0.620508,0.783202,7.68614
extract_mu020_slow,9.77402,1.199866,1.247864,6.378395,1.641652,0.620315,0.782862,7.68271
extract_mu020_slow,9.78302,1.199881,1.227413,6.368777,0.881802,0.620350,0.782910,7.68550
extract_mu020_slow,9.79202,1.199895,1.234582,6.370708,1.247048,0.620656,0.783428,7.69199
extract_mu020_slow,9.80100,1.199908,1.247048,6.376109,1.669888,0.619909,0.782166,7.67357
extract_mu020_slow,9.81001,1.199920,1.220114,6.365802,0.957385,0.621097,0.784224,7.70512
extract_mu020_slow,9.81901,1.199931,1.250184,6.378265,1.913209,0.619798,0.782039,7.66976
extract_mu020_slow,9.82801,1.199941,1.224309,6.367890,1.231900,0.620822,0.783704,7.70343
extract_mu020_slow,9.83701,1.199949,1.235584,6.372412,1.550311,0.620196,0.782673,7.68160
extract_mu020_slow,9.84602,1.199957,1.242215,6.375195,1.760298,0.620401,0.783030,7.68551
extract_mu020_slow,9.85502,1.199964,1.218989,6.366246,1.131174,0.620492,0.783152,7.68763
extract_mu020_slow,9.86402,1.199970,1.249579,6.378932,1.938178,0.620281,0.782766,7.68176
extract_mu020_slow,9.87300,1.199976,1.222079,6.367299,1.055433,0.620475,0.783091,7.68946
extract_mu020_slow,9.88201,1.199981,1.238272,6.373344,1.438950,0.620508,0.783155,7.69250
extract_mu020_slow,9.89101,1.199985,1.240535,6.374275,1.370201,0.620066,0.782437,7.67820
extract_mu020_slow,9.90001,1.199988,1.221334,6.366809,0.894298,0.620958,0.784047,7.70094
extract_mu020_slow,9.90902,1.199991,1.248229,6.378731,1.573043,0.619803,0.782040,7.67332
extract_mu020_slow,9.91802,1.199993,1.216808,6.367368,0.637429,0.620843,0.783736,7.69581
extract_mu020_slow,9.92702,1.199995,1.234742,6.375371,1.152983,0.620121,0.782563,7.67705
extract_mu020_slow,9.93600,1.199997,1.229446,6.373785,1.021421,0.620480,0.783121,7.68922
extract_mu020_slow,9.94500,1.199998,1.214541,6.368678,0.612414,0.620482,0.783118,7.68917
extract_mu020_slow,9.95401,1.199999,1.240414,6.379627,1.445688,0.620221,0.782728,7.68122
extract_mu020_slow,9.96301,1.199999,1.208923,6.366833,0.481986,0.620528,0.783271,7.68783
extract_mu020_slow,9.97201,1.200000,1.231690,6.376694,1.300615,0.620315,0.782920,7.67813
extract_mu020_slow,9.98102,1.200000,1.222415,6.373942,1.139721,0.620219,0.782687,7.67834
extract_mu020_slow,9.99002,1.200000,1.212689,6.370092,0.818201,0.620787,0.783687,7.69644
extract_mu020_slow,9.99902,1.200000,1.236061,6.379339,1.704566,0.619895,0.782204,7.67079
extract_mu020_slow,10.00800,1.200000,1.205390,6.367379,0.871757,0.620820,0.783701,7.69960
extract_mu020_slow,10.01700,1.200000,1.230937,6.378280,1.650405,0.620106,0.782471,7.68023
extract_mu020_slow,10.02600,1.200000,1.215756,6.372654,1.457910,0.620535,0.783189,7.69096
extract_mu020_slow,10.03500,1.200000,1.210888,6.371412,1.259514,0.620447,0.783033,7.68591
extract_mu020_slow,10.04400,1.200000,1.230696,6.379808,1.869685,0.620198,0.782651,7.67794
extract_mu020_slow,10.05300,1.200000,1.201041,6.367622,1.064316,0.620599,0.783364,7.69146
extract_mu020_slow,10.06200,1.200000,1.229455,6.379116,1.778798,0.620201,0.782624,7.68276
extract_mu020_slow,10.07100,1.200000,1.211486,6.372045,1.294370,0.620434,0.783030,7.68828
extract_mu020_slow,10.08000,1.200000,1.212885,6.372570,1.270386,0.620583,0.783283,7.68684
extract_mu020_slow,10.08900,1.200000,1.228123,6.378652,1.666429,0.620066,0.782386,7.67992
extract_mu020_slow,10.09800,1.200000,1.200454,6.367650,0.776124,0.620759,0.783606,7.69594
extract_mu020_slow,10.10700,1.200000,1.230634,6.379853,1.584539,0.620079,0.782479,7.67697
extract_mu020_slow,10.11600,1.200000,1.208247,6.370601,0.948755,0.620535,0.783244,7.69109
extract_mu020_slow,10.12500,1.200000,1.214874,6.373441,0.975638,0.620388,0.782967,7.68391
extract_mu020_slow,10.13400,1.200000,1.225903,6.378159,1.294985,0.620211,0.782677,7.67783
extract_mu020_slow,10.14300,1.200000,1.201027,6.367981,0.481645,0.620657,0.783458,7.69284
extract_mu020_slow,10.15200,1.200000,1.230922,6.380045,1.335920,0.620087,0.782445,7.67478
extract_mu020_slow,10.16100,1.200000,1.205418,6.370040,0.802685,0.620648,0.783388,7.69365
extract_mu020_slow,10.17000,1.200000,1.217482,6.374907,0.885868,0.620322,0.782850,7.68572
extract_mu020_slow,10.17900,1.200000,1.222990,6.376871,1.290612,0.620240,0.782725,7.67795
extract_mu020_slow,10.18800,1.200000,1.201491,6.368434,0.707197,0.620636,0.783404,7.69092
extract_mu020_slow,10.19700,1.200000,1.230572,6.380791,1.521261,0.620123,0.782517,7.67582
extract_mu020_slow,10.20600,1.200000,1.201409,6.369404,0.929409,0.620559,0.783254,7.68695
extract_mu020_slow,10.21500,1.200000,1.217393,6.376231,1.359116,0.620350,0.782913,7.68073
extract_mu020_slow,10.22400,1.200000,1.217350,6.376635,1.452357,0.620244,0.782746,7.67926
extract_mu020_slow,10.23300,1.200000,1.199896,6.369668,1.041964,0.620692,0.783492,7.69439
extract_mu020_slow,10.24200,1.200000,1.228021,6.380859,1.872861,0.619987,0.782261,7.67495
extract_mu020_slow,10.25100,1.200000,1.198654,6.369000,1.161379,0.620782,0.783646,7.69548
extract_mu020_slow,10.26000,1.200000,1.219603,6.377587,1.600739,0.620064,0.782455,7.67101
extract_mu020_slow,10.26900,1.200000,1.214714,6.375533,1.573807,0.620450,0.783044,7.68784
extract_mu020_slow,10.27800,1.200000,1.202250,6.370509,1.130787,0.620511,0.783154,7.68839
extract_mu020_slow,10.28700,1.200000,1.227678,6.380981,1.794350,0.620203,0.782654,7.68155
extract_mu020_slow,10.29600,1.200000,1.196977,6.368606,1.050110,0.620559,0.783246,7.69398
extract_mu020_slow,10.30500,1.200000,1.221352,6.378421,1.378270,0.620311,0.782838,7.68494
extract_mu020_slow,10.31400,1.200000,1.211378,6.374410,1.242073,0.620296,0.782808,7.68289
extract_mu020_slow,10.32300,1.200000,1.204122,6.371369,0.834711,0.620677,0.783424,7.69452
extract_mu020_slow,10.33200,1.200000,1.226510,6.380274,1.361244,0.619942,0.782213,7.67146
extract_mu020_slow,10.34100,1.200000,1.196577,6.368268,0.699310,0.620897,0.783856,7.69988
extract_mu020_slow,10.35000,1.200000,1.223561,6.379352,1.157171,0.619882,0.782071,7.67339
extract_mu020_slow,10.35900,1.200000,1.208081,6.373044,0.934104,0.620669,0.783404,7.69390
extract_mu020_slow,10.36800,1.200000,1.205839,6.372163,0.820366,0.620361,0.782892,7.68516
extract_mu020_slow,10.37700,1.200000,1.224449,6.379857,1.178484,0.620284,0.782819,7.68409
extract_mu020_slow,10.38600,1.200000,1.195756,6.368239,0.760917,0.620520,0.783194,7.68812
extract_mu020_slow,10.39500,1.200000,1.224986,6.379973,1.290720,0.620287,0.782774,7.68087
extract_mu020_slow,10.40400,1.200000,1.205500,6.372162,1.024790,0.620347,0.782883,7.68303
extract_mu020_slow,10.41300,1.200000,1.208788,6.373474,1.131682,0.620614,0.783334,7.68963
extract_mu020_slow,10.42200,1.200000,1.222914,6.378952,1.524890,0.619987,0.782265,7.67359
extract_mu020_slow,10.43100,1.200000,1.196367,6.368215,0.970404,0.620950,0.783904,7.70363
extract_mu020_slow,10.44000,1.200000,1.226592,6.380646,1.650407,0.619729,0.781869,7.66776
extract_mu020_slow,10.44900,1.200000,1.203249,6.371148,1.366431,0.620803,0.783694,7.69941
extract_mu020_slow,10.45800,1.200000,1.211663,6.374431,1.354563,0.620181,0.782656,7.68171
extract_mu020_slow,10.46700,1.200000,1.220688,6.378201,1.712886,0.620388,0.782951,7.68407
extract_mu020_slow,10.47600,1.200000,1.197173,6.368769,1.184516,0.620473,0.783093,7.68546
extract_mu020_slow,10.48500,1.200000,1.227065,6.380843,1.699775,0.620274,0.782767,7.68085
extract_mu020_slow,10.49400,1.200000,1.200645,6.370204,1.237699,0.620417,0.782991,7.68645
extract_mu020_slow,10.50300,1.200000,1.214312,6.375860,1.355674,0.620532,0.783173,7.69072
extract_mu020_slow,10.51200,1.200000,1.217902,6.377268,1.373257,0.620060,0.782396,7.67634
extract_mu020_slow,10.52100,1.200000,1.198111,6.369103,0.991868,0.620931,0.783898,7.70035
extract_mu020_slow,10.53000,1.200000,1.227837,6.381095,1.414641,0.619668,0.781762,7.67164
extract_mu020_slow,10.53900,1.200000,1.199423,6.369560,0.861660,0.620917,0.783825,7.69915
extract_mu020_slow,10.54800,1.200000,1.217366,6.376693,1.097696,0.620066,0.782442,7.67318
extract_mu020_slow,10.55700,1.200000,1.215850,6.376153,1.077429,0.620514,0.783154,7.68769
extract_mu020_slow,10.56600,1.200000,1.200232,6.369989,0.731702,0.620434,0.783015,7.68684
extract_mu020_slow,10.57500,1.200000,1.227348,6.380877,1.316701,0.620284,0.782776,7.68311
extract_mu020_slow,10.58400,1.200000,1.197643,6.368769,0.630818,0.620467,0.783113,7.68884
extract_mu020_slow,10.59300,1.200000,1.219930,6.377976,1.166801,0.620402,0.783030,7.68653
extract_mu020_slow,10.60200,1.200000,1.212721,6.375191,1.108035,0.620159,0.782579,7.67719
extract_mu020_slow,10.61100,1.200000,1.201900,6.370714,0.931503,0.620835,0.783710,7.69614
extract_mu020_slow,10.62000,1.200000,1.227112,6.380818,1.509239,0.619706,0.781829,7.66393
extract_mu020_slow,10.62900,1.200000,1.197162,6.368614,0.970030,0.620953,0.783937,7.69533
extract_mu020_slow,10.63800,1.200000,1.222285,6.378653,1.478506,0.619977,0.782309,7.67396
extract_mu020_slow,10.64700,1.200000,1.210150,6.373809,1.349030,0.620608,0.783307,7.69018
extract_mu020_slow,10.65600,1.200000,1.204711,6.371800,1.272965,0.620363,0.782905,7.68244
extract_mu020_slow,10.66500,1.200000,1.225555,6.380290,1.676102,0.620285,0.782797,7.68139
extract_mu020_slow,10.67400,1.200000,1.195819,6.368201,1.181055,0.620516,0.783184,7.68861
extract_mu020_slow,10.68300,1.200000,1.223978,6.379599,1.675825,0.620305,0.782828,7.68253
extract_mu020_slow,10.69200,1.200000,1.207302,6.372813,1.330071,0.620307,0.782822,7.68252
extract_mu020_slow,10.70100,1.200000,1.207024,6.372566,1.351863,0.620707,0.783453,7.69318
extract_mu020_slow,10.71000,1.200000,1.224287,6.379576,1.551417,0.619844,0.782032,7.67272
extract_mu020_slow,10.71900,1.200000,1.196285,6.368367,0.917164,0.620934,0.783889,7.70024
extract_mu020_slow,10.72800,1.200000,1.225481,6.380128,1.536115,0.619947,0.782218,7.67548
extract_mu020_slow,10.73700,1.200000,1.204470,6.371659,0.941346,0.620650,0.783427,7.69373
extract_mu020_slow,10.74600,1.200000,1.209633,6.373977,1.121137,0.620296,0.782819,7.68376
extract_mu020_slow,10.75500,1.200000,1.222072,6.378966,1.229876,0.620319,0.782821,7.68170
extract_mu020_slow,10.76400,1.200000,1.196537,6.368420,0.735083,0.620558,0.783223,7.68831
extract_mu020_slow,10.77300,1.200000,1.226809,6.380673,1.279756,0.620214,0.782675,7.68201
extract_mu020_slow,10.78200,1.200000,1.202329,6.370843,0.724792,0.620469,0.783106,7.68682
extract_mu020_slow,10.79100,1.200000,1.212634,6.374931,1.044885,0.620497,0.783164,7.69201
extract_mu020_slow,10.80000,1.200000,1.219817,6.377870,1.159964,0.620010,0.782287,7.67967
extract_mu020_slow,10.80900,1.200000,1.197609,6.369016,0.750028,0.620850,0.783741,7.69681
extract_mu020_slow,10.81800,1.200000,1.227564,6.381037,1.439476,0.619954,0.782264,7.67633
extract_mu020_slow,10.82700,1.200000,1.200194,6.369864,0.876295,0.620686,0.783457,7.69326
extract_mu020_slow,10.83600,1.200000,1.215475,6.376232,1.343624,0.620249,0.782694,7.67847
extract_mu020_slow,10.84500,1.200000,1.217477,6.377137,1.315774,0.620352,0.782887,7.68304
extract_mu020_slow,10.85400,1.200000,1.198915,6.369448,1.146802,0.620570,0.783270,7.69089
extract_mu020_slow,10.86300,1.200000,1.227684,6.381039,1.734499,0.620144,0.782547,7.67840
extract_mu020_slow,10.87200,1.200000,1.198897,6.369425,1.144292,0.620610,0.783346,7.69079
extract_mu020_slow,10.88100,1.200000,1.218260,6.377204,1.673282,0.620295,0.782828,7.68127
extract_mu020_slow,10.89000,1.200000,1.214573,6.375687,1.424962,0.620228,0.782749,7.67918
extract_mu020_slow,10.89900,1.200000,1.200823,6.370211,1.198153,0.620685,0.783442,7.69269
extract_mu020_slow,10.90800,1.200000,1.227225,6.380885,1.734963,0.620045,0.782361,7.67726
extract_mu020_slow,10.91700,1.200000,1.196603,6.368508,0.963283,0.620685,0.783469,7.69187
extract_mu020_slow,10.92600,1.200000,1.219847,6.378119,1.544176,0.620206,0.782695,7.68016
extract_mu020_slow,10.93500,1.200000,1.211521,6.374980,1.218505,0.620389,0.782969,7.68628
extract_mu020_slow,10.94400,1.200000,1.203394,6.371737,0.996267,0.620569,0.783236,7.69159
extract_mu020_slow,10.95300,1.200000,1.228775,6.381993,1.402236,0.620088,0.782456,7.67937
extract_mu020_slow,10.96200,1.200000,1.198312,6.369740,0.650424,0.620712,0.783538,7.69455
extract_mu020_slow,10.97100,1.200000,1.212839,6.375515,1.359318,0.620099,0.782496,7.67819
extract_mu020_slow,10.98000,1.200000,1.166115,6.356267,0.844009,0.620503,0.783148,7.69220
extract_mu020_slow,10.98900,1.200000,1.122511,6.338449,0.844907,0.620503,0.783097,7.68798
extract_mu020_slow,10.99800,1.200000,1.191621,6.366895,1.363180,0.620159,0.782589,7.68173
